# ************************************************************
# Sequel Pro SQL dump
# Version 4541
#
# http://www.sequelpro.com/
# https://github.com/sequelpro/sequelpro
#
# Host: 127.0.0.1 (MySQL 5.7.16)
# Database: jfinalshop-b2b2c
# Generation Time: 2017-11-13 07:28:36 +0000
# ************************************************************


/*!40101 SET @OLD_CHARACTER_SET_CLIENT=@@CHARACTER_SET_CLIENT */;
/*!40101 SET @OLD_CHARACTER_SET_RESULTS=@@CHARACTER_SET_RESULTS */;
/*!40101 SET @OLD_COLLATION_CONNECTION=@@COLLATION_CONNECTION */;
/*!40101 SET NAMES utf8 */;
/*!40014 SET @OLD_FOREIGN_KEY_CHECKS=@@FOREIGN_KEY_CHECKS, FOREIGN_KEY_CHECKS=0 */;
/*!40101 SET @OLD_SQL_MODE=@@SQL_MODE, SQL_MODE='NO_AUTO_VALUE_ON_ZERO' */;
/*!40111 SET @OLD_SQL_NOTES=@@SQL_NOTES, SQL_NOTES=0 */;


# Dump of table ad
# ------------------------------------------------------------

DROP TABLE IF EXISTS `ad`;

CREATE TABLE `ad` (
  `id` bigint(20) NOT NULL COMMENT 'ID',
  `created_date` datetime NOT NULL COMMENT '创建日期',
  `last_modified_date` datetime NOT NULL COMMENT '最后修改日期',
  `version` bigint(20) NOT NULL COMMENT '版本',
  `orders` int(11) DEFAULT NULL COMMENT '排序',
  `begin_date` datetime DEFAULT NULL COMMENT '起始日期',
  `content` longtext COMMENT '内容',
  `end_date` datetime DEFAULT NULL COMMENT '结束日期',
  `path` varchar(255) DEFAULT NULL COMMENT '路径',
  `title` varchar(255) NOT NULL DEFAULT '' COMMENT '标题',
  `type` int(11) NOT NULL COMMENT '类型',
  `url` varchar(255) DEFAULT NULL COMMENT '链接地址',
  `ad_position_id` bigint(20) NOT NULL COMMENT '广告位',
  PRIMARY KEY (`id`),
  KEY `ind_Ad_adPosition_id` (`ad_position_id`),
  CONSTRAINT `FKfy39kw6nyijfmv63tn670irx` FOREIGN KEY (`ad_position_id`) REFERENCES `ad_position` (`id`)
) ENGINE=InnoDB DEFAULT CHARSET=utf8 COMMENT='广告';

LOCK TABLES `ad` WRITE;
/*!40000 ALTER TABLE `ad` DISABLE KEYS */;

INSERT INTO `ad` (`id`, `created_date`, `last_modified_date`, `version`, `orders`, `begin_date`, `content`, `end_date`, `path`, `title`, `type`, `url`, `ad_position_id`)
VALUES
	(1,'2017-06-16 00:00:01','2017-06-16 00:00:01',0,1,'2017-11-01 10:08:15',NULL,'2021-11-06 10:08:17','/b2b2c/5.0/201601/7a09df9e-3f64-4670-82c2-87f3fd0bec0b.jpg','联想 Air 13 Pro',1,'#',1),
	(2,'2017-06-16 00:00:02','2017-06-16 00:00:02',0,2,'2017-11-01 10:08:15',NULL,'2021-11-06 10:08:17','/b2b2c/5.0/201601/313597c4-10be-41a6-8827-9b75889ad88a.jpg','新品特供',1,'#',1),
	(3,'2017-06-16 00:00:03','2017-06-16 00:00:03',0,3,'2017-11-01 10:08:15',NULL,'2021-11-06 10:08:17','/b2b2c/5.0/201601/f675047e-91ec-46ac-a718-6c003fc9b901.jpg','夏日初体验',1,'#',1),
	(4,'2017-06-16 00:00:04','2017-06-16 00:00:04',0,1,'2017-11-01 10:08:15',NULL,'2021-11-06 10:08:17','/b2b2c/5.0/201601/b31c243d-9f9e-4799-8f7e-b68803ce8a6a.jpg','华为荣耀',1,'#',2),
	(5,'2017-06-16 00:00:05','2017-06-16 00:00:05',0,2,'2017-11-01 10:08:15',NULL,'2021-11-06 10:08:17','/b2b2c/5.0/201601/9370250c-8b01-472e-8e68-13ab7d10ff7c.jpg','移动电源',1,'#',2),
	(6,'2017-06-16 00:00:06','2017-06-16 00:00:06',0,3,'2017-11-01 10:08:15',NULL,'2021-11-06 10:08:17','/b2b2c/5.0/201601/0b8d7827-ac10-4045-9840-432e7cf2254e.jpg','平板电脑',1,'#',2),
	(7,'2017-06-16 00:00:07','2017-06-16 00:00:07',0,4,'2017-11-01 10:08:15',NULL,'2021-11-06 10:08:17','/b2b2c/5.0/201601/1a7358bc-bb8e-4c1a-af0d-8d651d24b61c.jpg','智能电视',1,'#',2),
	(8,'2017-06-16 00:00:08','2017-06-16 00:00:08',0,1,'2017-11-01 10:08:15',NULL,'2021-11-06 10:08:17','/b2b2c/5.0/201601/073cbb0f-1d00-4ebc-bded-72abbe6830d0.jpg','蓝牙音箱',1,'#',3),
	(9,'2017-06-16 00:00:09','2017-11-06 10:08:23',1,1,'2017-11-01 10:08:15',NULL,'2021-11-06 10:08:17','/b2b2c/5.0/201601/7a9dcaf7-5575-4166-af36-b61736e4b3e6.jpg','iPhone6',1,'#',4),
	(10,'2017-06-16 00:00:10','2017-11-06 10:08:13',1,2,'2017-11-01 10:08:02',NULL,'2021-12-06 10:08:05','/b2b2c/5.0/201601/68068b35-dd61-4ea9-96f9-6945c8a05d55.jpg','苹果配件',1,'#',4),
	(11,'2017-06-16 00:00:11','2017-11-06 10:06:31',1,3,'2012-11-06 10:06:22',NULL,'2021-11-06 10:06:26','/b2b2c/5.0/201601/001b365f-b2ec-428e-a8cf-c544c32a0fad.jpg','腊八节促销',1,'#',4),
	(12,'2017-06-16 00:00:12','2017-11-06 10:08:00',1,1,'2017-11-01 10:07:51',NULL,'2021-11-06 10:07:54','/b2b2c/5.0/201601/e44f5fe1-523d-4ba5-af75-c60ff9125ed4.jpg','数码相机',1,'#',5),
	(13,'2017-06-16 00:00:13','2017-11-06 10:07:30',1,2,'2017-11-01 10:07:20',NULL,'2021-11-06 10:07:22','/b2b2c/5.0/201601/b955bbb2-b9ad-4e6b-9dc2-5159a18cdaee.jpg','智能手表',1,'#',5),
	(14,'2017-06-16 00:00:14','2017-11-06 10:07:16',1,3,'2017-11-01 10:07:09',NULL,'2021-11-06 10:07:11','/b2b2c/5.0/201601/dff83843-d61a-4406-9a00-1d5efe7fbe38.jpg','智能手机',1,'#',5),
	(15,'2017-06-16 00:00:15','2017-11-06 10:05:38',1,1,'2012-11-06 10:05:24',NULL,'2051-11-06 10:05:30','/b2b2c/5.0/201601/b601918c-e775-4453-8abd-25f453bf5901.jpg','服务宣传',1,'#',6),
	(109,'2017-10-25 15:29:46','2017-10-25 15:30:28',1,1,'2017-10-24 15:30:19',NULL,'2018-10-25 15:30:20','/upload/image/201710/53ad2095-290d-4ea9-84e8-fb1a2eafd10e.png','我常买',1,'#',7),
	(110,'2017-10-25 15:30:15','2017-10-25 15:30:15',0,1,'2017-10-25 15:30:52',NULL,'2018-10-26 15:30:53','/upload/image/201710/c4e9427a-f9db-440c-8c42-9fec83c2af7e.png','热门商品',1,'#',7),
	(111,'2017-10-25 15:30:47','2017-10-25 15:30:47',0,1,'2017-10-25 15:31:25',NULL,'2018-10-25 15:31:26','/upload/image/201710/36ac4d15-36df-4860-aff0-e1132be7de99.png','新品',1,'#',7),
	(112,'2017-10-25 15:31:34','2017-10-25 15:31:58',1,1,'2016-11-08 15:31:58',NULL,'2018-10-26 15:32:09','/upload/image/201710/637a71e2-1c9c-4298-a044-14ea4908d9de.png','共享商品',1,'#',7),
	(113,'2017-10-25 15:45:06','2017-10-25 15:45:06',0,2,'2017-10-25 15:45:36',NULL,'2018-10-25 15:45:37','/upload/image/201710/9b2b0518-a2e6-4f3a-9b90-48beec34421b.jpg','首页轮播',1,'#',1);

/*!40000 ALTER TABLE `ad` ENABLE KEYS */;
UNLOCK TABLES;


# Dump of table ad_position
# ------------------------------------------------------------

DROP TABLE IF EXISTS `ad_position`;

CREATE TABLE `ad_position` (
  `id` bigint(20) NOT NULL COMMENT 'ID',
  `created_date` datetime NOT NULL COMMENT '创建日期',
  `last_modified_date` datetime NOT NULL COMMENT '最后修改日期',
  `version` bigint(20) NOT NULL COMMENT '版本',
  `description` varchar(255) DEFAULT NULL COMMENT '描述',
  `height` int(11) NOT NULL COMMENT '高度',
  `name` varchar(255) NOT NULL DEFAULT '' COMMENT '名称',
  `template` longtext NOT NULL COMMENT '模板',
  `width` int(11) NOT NULL COMMENT '宽度',
  PRIMARY KEY (`id`)
) ENGINE=InnoDB DEFAULT CHARSET=utf8 COMMENT='广告位';

LOCK TABLES `ad_position` WRITE;
/*!40000 ALTER TABLE `ad_position` DISABLE KEYS */;

INSERT INTO `ad_position` (`id`, `created_date`, `last_modified_date`, `version`, `description`, `height`, `name`, `template`, `width`)
VALUES
	(1,'2017-06-16 00:03:43','2017-06-16 00:03:43',0,NULL,366,'首页 - 轮播广告','<div id=\"full-screen-slider\">\r\n	<ul id=\"slides\">\r\n		[#list adPosition.ads as ad]\r\n			[#if ad.typeName == \"image\" && ad.hasBegun() && !ad.hasEnded()]\r\n				[#if ad.url??]\r\n					<li style=\"background:url(\'${ad.path}\') no-repeat center top\">\r\n						<a href=\"${ad.url}\" target=\"blank\">${ad.title}</a>\r\n					</li>\r\n				[#else]\r\n					<li style=\"background:url(\'${ad.path}\') no-repeat center top\">\r\n						<a href=\"${ad.url}\" target=\"blank\">${ad.title}</a>\r\n					</li>\r\n				[/#if]\r\n			[/#if]\r\n		[/#list]\r\n	</ul>\r\n</div>',1000),
	(2,'2017-06-16 00:03:44','2017-06-16 00:03:44',0,NULL,240,'首页 - 热点广告','<div class=\"hotAd\">\r\n	<ul>\r\n		[#list adPosition.ads as ad]\r\n			[#if ad.typeName == \"image\" && ad.hasBegun() && !ad.hasEnded()]\r\n				<li>\r\n					[#if ad.url??]\r\n						<a href=\"${ad.url}\">\r\n							<img src=\"${ad.path}\" alt=\"${ad.title}\" title=\"${ad.title}\" />\r\n						</a>\r\n					[#else]\r\n						<img src=\"${ad.path}\" alt=\"${ad.title}\" title=\"${ad.title}\" />\r\n					[/#if]\r\n				</li>\r\n			[/#if]\r\n		[/#list]\r\n	</ul>\r\n</div>',240),
	(3,'2017-06-16 00:03:45','2017-06-16 00:03:45',0,NULL,110,'首页 - 中部广告','<div class=\"middleAd\">\r\n	[#list adPosition.ads as ad]\r\n		[#if ad.typeName == \"image\" && ad.hasBegun() && !ad.hasEnded()]\r\n			[#if ad.url??]\r\n				<a href=\"${ad.url}\">\r\n					<img src=\"${ad.path}\" width=\"${adPosition.width}\" height=\"${adPosition.height}\" alt=\"${ad.title}\" title=\"${ad.title}\" />\r\n				</a>\r\n			[#else]\r\n				<img src=\"${ad.path}\" width=\"${adPosition.width}\" height=\"${adPosition.height}\" alt=\"${ad.title}\" title=\"${ad.title}\" />\r\n			[/#if]\r\n		[/#if]\r\n	[/#list]\r\n</div>',1190),
	(4,'2017-06-16 00:03:46','2017-06-16 00:03:46',0,NULL,350,'首页 - 分栏广告','[#if ad.typeName == \"image\" && ad.hasBegun() && !ad.hasEnded()]\r\n	[#if ad.url??]\r\n		<a href=\"${ad.url}\">\r\n			<img src=\"${ad.path}\" alt=\"${ad.title}\" title=\"${ad.title}\" />\r\n		</a>\r\n	[#else]\r\n		<img src=\"${ad.path}\" alt=\"${ad.title}\" title=\"${ad.title}\" />\r\n	[/#if]\r\n[/#if]',190),
	(5,'2017-06-16 00:03:47','2017-06-16 00:03:47',0,NULL,180,'首页 - 底部广告','<div class=\"bottomAd\">\r\n	<ul>\r\n		[#list adPosition.ads as ad]\r\n			[#if ad.typeName == \"image\" && ad.hasBegun() && !ad.hasEnded()]\r\n				<li>\r\n					[#if ad.url??]\r\n						<a href=\"${ad.url}\">\r\n							<img src=\"${ad.path}\" alt=\"${ad.title}\" title=\"${ad.title}\" />\r\n						</a>\r\n					[#else]\r\n						<img src=\"${ad.path}\" alt=\"${ad.title}\" title=\"${ad.title}\" />\r\n					[/#if]\r\n				</li>\r\n			[/#if]\r\n		[/#list]\r\n	</ul>\r\n</div>',396),
	(6,'2017-06-16 00:03:48','2017-06-16 00:03:48',0,NULL,300,'会员登录 - 左侧','[#list adPosition.ads as ad]\r\n	[#if ad.typeName == \"image\" && ad.hasBegun() && !ad.hasEnded()]\r\n		[#if ad.url??]\r\n			<a href=\"${ad.url}\">\r\n				<img src=\"${ad.path}\" width=\"${adPosition.width}\" height=\"${adPosition.height}\" alt=\"${ad.title}\" />\r\n			</a>\r\n		[#else]\r\n			<img src=\"${ad.path}\" width=\"${adPosition.width}\" height=\"${adPosition.height}\" alt=\"${ad.title}\" />\r\n		[/#if]\r\n	[/#if]\r\n[/#list]',500),
	(7,'2017-10-25 10:05:59','2017-10-25 10:05:59',0,NULL,100,'移动首页 - 分栏菜单','1',100),
	(8,'2017-10-25 10:06:47','2017-10-25 10:06:47',0,NULL,100,'移动首页 - 底部菜单','1',100);

/*!40000 ALTER TABLE `ad_position` ENABLE KEYS */;
UNLOCK TABLES;


# Dump of table admin
# ------------------------------------------------------------

DROP TABLE IF EXISTS `admin`;

CREATE TABLE `admin` (
  `id` bigint(20) NOT NULL COMMENT 'ID',
  `created_date` datetime DEFAULT NULL COMMENT '创建日期',
  `last_modified_date` datetime DEFAULT NULL COMMENT '最后修改日期',
  `version` bigint(20) DEFAULT NULL COMMENT '版本',
  `is_enabled` bit(1) NOT NULL COMMENT '是否启用',
  `is_locked` bit(1) NOT NULL COMMENT '是否锁定',
  `last_login_date` datetime DEFAULT NULL COMMENT '最后登录日期',
  `last_login_ip` varchar(255) DEFAULT NULL COMMENT '最后登录IP',
  `lock_date` datetime DEFAULT NULL COMMENT '锁定日期',
  `department` varchar(255) DEFAULT NULL COMMENT '部门',
  `email` varchar(255) NOT NULL DEFAULT '' COMMENT 'E-mail',
  `hasher` varchar(255) DEFAULT NULL COMMENT '加密类型',
  `salt` varchar(255) DEFAULT NULL COMMENT '加密盐',
  `password` varchar(255) NOT NULL DEFAULT '' COMMENT '加密密码',
  `name` varchar(255) DEFAULT NULL COMMENT '姓名',
  `username` varchar(255) NOT NULL DEFAULT '' COMMENT '用户名',
  PRIMARY KEY (`id`),
  UNIQUE KEY `uni_admin_email` (`email`),
  UNIQUE KEY `uni_admin_username` (`username`)
) ENGINE=InnoDB DEFAULT CHARSET=utf8 COMMENT='管理员';

LOCK TABLES `admin` WRITE;
/*!40000 ALTER TABLE `admin` DISABLE KEYS */;

INSERT INTO `admin` (`id`, `created_date`, `last_modified_date`, `version`, `is_enabled`, `is_locked`, `last_login_date`, `last_login_ip`, `lock_date`, `department`, `email`, `hasher`, `salt`, `password`, `name`, `username`)
VALUES
	(1,'2017-06-16 00:00:01','2017-08-15 17:49:21',6,b'1',b'0','2017-11-13 15:09:57','0:0:0:0:0:0:0:1',NULL,'技术部','admin@shopxx.net','default_hasher','','$shiro1$SHA-256$500000$8+ZuqRvypNXv39hCD9uluA==$7V/q2ns64jOrRmAH2xjGbtHIKVkDhzPbWewhBQXt4I8=','管理员','admin');

/*!40000 ALTER TABLE `admin` ENABLE KEYS */;
UNLOCK TABLES;


# Dump of table admin_role
# ------------------------------------------------------------

DROP TABLE IF EXISTS `admin_role`;

CREATE TABLE `admin_role` (
  `admins_id` bigint(20) NOT NULL COMMENT '管理员',
  `roles_id` bigint(20) NOT NULL COMMENT '角色',
  PRIMARY KEY (`admins_id`,`roles_id`),
  KEY `ind_Admin_Role_roles_id` (`roles_id`),
  CONSTRAINT `FKcsho7gyei1oiecirmt0ch4cul` FOREIGN KEY (`roles_id`) REFERENCES `role` (`id`),
  CONSTRAINT `FKkahlmnde5hxxyisbxdhmle7e6` FOREIGN KEY (`admins_id`) REFERENCES `admin` (`id`)
) ENGINE=InnoDB DEFAULT CHARSET=utf8 COMMENT='管理员角色中间表';

LOCK TABLES `admin_role` WRITE;
/*!40000 ALTER TABLE `admin_role` DISABLE KEYS */;

INSERT INTO `admin_role` (`admins_id`, `roles_id`)
VALUES
	(1,1);

/*!40000 ALTER TABLE `admin_role` ENABLE KEYS */;
UNLOCK TABLES;


# Dump of table area
# ------------------------------------------------------------

DROP TABLE IF EXISTS `area`;

CREATE TABLE `area` (
  `id` bigint(20) NOT NULL COMMENT 'ID',
  `created_date` datetime NOT NULL COMMENT '创建日期',
  `last_modified_date` datetime NOT NULL COMMENT '最后修改日期',
  `version` bigint(20) NOT NULL COMMENT '版本',
  `orders` int(11) DEFAULT NULL COMMENT '排序',
  `full_name` longtext NOT NULL COMMENT '全称',
  `grade` int(11) NOT NULL COMMENT '层级',
  `name` varchar(255) NOT NULL DEFAULT '' COMMENT '名称',
  `tree_path` varchar(255) NOT NULL DEFAULT '' COMMENT '树路径',
  `parent_id` bigint(20) DEFAULT NULL COMMENT '上级地区',
  PRIMARY KEY (`id`),
  KEY `ind_Area_parent_id` (`parent_id`),
  CONSTRAINT `FKok0rb6fmp3gsrdx0t4o1nycid` FOREIGN KEY (`parent_id`) REFERENCES `area` (`id`)
) ENGINE=InnoDB DEFAULT CHARSET=utf8 COMMENT='地区';

LOCK TABLES `area` WRITE;
/*!40000 ALTER TABLE `area` DISABLE KEYS */;

INSERT INTO `area` (`id`, `created_date`, `last_modified_date`, `version`, `orders`, `full_name`, `grade`, `name`, `tree_path`, `parent_id`)
VALUES
	(1,'2017-06-16 00:03:49','2017-08-11 13:59:30',2,1,'北京市',0,'北京市',',',NULL),
	(2,'2017-06-16 00:03:50','2017-06-16 00:03:50',0,1,'北京市东城区',1,'东城区',',1,',1),
	(3,'2017-06-16 00:03:51','2017-06-16 00:03:51',0,2,'北京市西城区',1,'西城区',',1,',1),
	(4,'2017-06-16 00:03:52','2017-06-16 00:03:52',0,3,'北京市朝阳区',1,'朝阳区',',1,',1),
	(5,'2017-06-16 00:03:53','2017-06-16 00:03:53',0,4,'北京市丰台区',1,'丰台区',',1,',1),
	(6,'2017-06-16 00:03:54','2017-06-16 00:03:54',0,5,'北京市石景山区',1,'石景山区',',1,',1),
	(7,'2017-06-16 00:03:55','2017-06-16 00:03:55',0,6,'北京市海淀区',1,'海淀区',',1,',1),
	(8,'2017-06-16 00:03:56','2017-06-16 00:03:56',0,7,'北京市门头沟区',1,'门头沟区',',1,',1),
	(9,'2017-06-16 00:03:57','2017-06-16 00:03:57',0,8,'北京市房山区',1,'房山区',',1,',1),
	(10,'2017-06-16 00:03:58','2017-06-16 00:03:58',0,9,'北京市通州区',1,'通州区',',1,',1),
	(11,'2017-06-16 00:03:59','2017-06-16 00:03:59',0,10,'北京市顺义区',1,'顺义区',',1,',1),
	(12,'2017-06-16 00:04:00','2017-06-16 00:04:00',0,11,'北京市昌平区',1,'昌平区',',1,',1),
	(13,'2017-06-16 00:04:01','2017-06-16 00:04:01',0,12,'北京市大兴区',1,'大兴区',',1,',1),
	(14,'2017-06-16 00:04:02','2017-06-16 00:04:02',0,13,'北京市怀柔区',1,'怀柔区',',1,',1),
	(15,'2017-06-16 00:04:03','2017-06-16 00:04:03',0,14,'北京市平谷区',1,'平谷区',',1,',1),
	(16,'2017-06-16 00:04:04','2017-06-16 00:04:04',0,15,'北京市密云县',1,'密云县',',1,',1),
	(17,'2017-06-16 00:04:05','2017-06-16 00:04:05',0,16,'北京市延庆县',1,'延庆县',',1,',1),
	(18,'2017-06-16 00:04:06','2017-06-16 00:04:06',0,2,'天津市',0,'天津市',',',NULL),
	(19,'2017-06-16 00:04:07','2017-06-16 00:04:07',0,1,'天津市和平区',1,'和平区',',18,',18),
	(20,'2017-06-16 00:04:08','2017-06-16 00:04:08',0,2,'天津市河东区',1,'河东区',',18,',18),
	(21,'2017-06-16 00:04:09','2017-06-16 00:04:09',0,3,'天津市河西区',1,'河西区',',18,',18),
	(22,'2017-06-16 00:04:10','2017-06-16 00:04:10',0,4,'天津市南开区',1,'南开区',',18,',18),
	(23,'2017-06-16 00:04:11','2017-06-16 00:04:11',0,5,'天津市河北区',1,'河北区',',18,',18),
	(24,'2017-06-16 00:04:12','2017-06-16 00:04:12',0,6,'天津市红桥区',1,'红桥区',',18,',18),
	(25,'2017-06-16 00:04:13','2017-06-16 00:04:13',0,7,'天津市东丽区',1,'东丽区',',18,',18),
	(26,'2017-06-16 00:04:14','2017-06-16 00:04:14',0,8,'天津市西青区',1,'西青区',',18,',18),
	(27,'2017-06-16 00:04:15','2017-06-16 00:04:15',0,9,'天津市津南区',1,'津南区',',18,',18),
	(28,'2017-06-16 00:04:16','2017-06-16 00:04:16',0,10,'天津市北辰区',1,'北辰区',',18,',18),
	(29,'2017-06-16 00:04:17','2017-06-16 00:04:17',0,11,'天津市武清区',1,'武清区',',18,',18),
	(30,'2017-06-16 00:04:18','2017-06-16 00:04:18',0,12,'天津市宝坻区',1,'宝坻区',',18,',18),
	(31,'2017-06-16 00:04:19','2017-06-16 00:04:19',0,13,'天津市滨海新区',1,'滨海新区',',18,',18),
	(32,'2017-06-16 00:04:20','2017-06-16 00:04:20',0,14,'天津市宁河县',1,'宁河县',',18,',18),
	(33,'2017-06-16 00:04:21','2017-06-16 00:04:21',0,15,'天津市静海县',1,'静海县',',18,',18),
	(34,'2017-06-16 00:04:22','2017-06-16 00:04:22',0,16,'天津市蓟县',1,'蓟县',',18,',18),
	(35,'2017-06-16 00:04:23','2017-06-16 00:04:23',0,3,'河北省',0,'河北省',',',NULL),
	(36,'2017-06-16 00:04:24','2017-06-16 00:04:24',0,1,'河北省石家庄市',1,'石家庄市',',35,',35),
	(37,'2017-06-16 00:04:25','2017-06-16 00:04:25',0,1,'河北省石家庄市长安区',2,'长安区',',35,36,',36),
	(38,'2017-06-16 00:04:26','2017-06-16 00:04:26',0,2,'河北省石家庄市桥东区',2,'桥东区',',35,36,',36),
	(39,'2017-06-16 00:04:27','2017-06-16 00:04:27',0,3,'河北省石家庄市桥西区',2,'桥西区',',35,36,',36),
	(40,'2017-06-16 00:04:28','2017-06-16 00:04:28',0,4,'河北省石家庄市新华区',2,'新华区',',35,36,',36),
	(41,'2017-06-16 00:04:29','2017-06-16 00:04:29',0,5,'河北省石家庄市井陉矿区',2,'井陉矿区',',35,36,',36),
	(42,'2017-06-16 00:04:30','2017-06-16 00:04:30',0,6,'河北省石家庄市裕华区',2,'裕华区',',35,36,',36),
	(43,'2017-06-16 00:04:31','2017-06-16 00:04:31',0,7,'河北省石家庄市井陉县',2,'井陉县',',35,36,',36),
	(44,'2017-06-16 00:04:32','2017-06-16 00:04:32',0,8,'河北省石家庄市正定县',2,'正定县',',35,36,',36),
	(45,'2017-06-16 00:04:33','2017-06-16 00:04:33',0,9,'河北省石家庄市栾城县',2,'栾城县',',35,36,',36),
	(46,'2017-06-16 00:04:34','2017-06-16 00:04:34',0,10,'河北省石家庄市行唐县',2,'行唐县',',35,36,',36),
	(47,'2017-06-16 00:04:35','2017-06-16 00:04:35',0,11,'河北省石家庄市灵寿县',2,'灵寿县',',35,36,',36),
	(48,'2017-06-16 00:04:36','2017-06-16 00:04:36',0,12,'河北省石家庄市高邑县',2,'高邑县',',35,36,',36),
	(49,'2017-06-16 00:04:37','2017-06-16 00:04:37',0,13,'河北省石家庄市深泽县',2,'深泽县',',35,36,',36),
	(50,'2017-06-16 00:04:38','2017-06-16 00:04:38',0,14,'河北省石家庄市赞皇县',2,'赞皇县',',35,36,',36),
	(51,'2017-06-16 00:04:39','2017-06-16 00:04:39',0,15,'河北省石家庄市无极县',2,'无极县',',35,36,',36),
	(52,'2017-06-16 00:04:40','2017-06-16 00:04:40',0,16,'河北省石家庄市平山县',2,'平山县',',35,36,',36),
	(53,'2017-06-16 00:04:41','2017-06-16 00:04:41',0,17,'河北省石家庄市元氏县',2,'元氏县',',35,36,',36),
	(54,'2017-06-16 00:04:42','2017-06-16 00:04:42',0,18,'河北省石家庄市赵县',2,'赵县',',35,36,',36),
	(55,'2017-06-16 00:04:43','2017-06-16 00:04:43',0,19,'河北省石家庄市辛集市',2,'辛集市',',35,36,',36),
	(56,'2017-06-16 00:04:44','2017-06-16 00:04:44',0,20,'河北省石家庄市藁城市',2,'藁城市',',35,36,',36),
	(57,'2017-06-16 00:04:45','2017-06-16 00:04:45',0,21,'河北省石家庄市晋州市',2,'晋州市',',35,36,',36),
	(58,'2017-06-16 00:04:46','2017-06-16 00:04:46',0,22,'河北省石家庄市新乐市',2,'新乐市',',35,36,',36),
	(59,'2017-06-16 00:04:47','2017-06-16 00:04:47',0,23,'河北省石家庄市鹿泉市',2,'鹿泉市',',35,36,',36),
	(60,'2017-06-16 00:04:48','2017-06-16 00:04:48',0,2,'河北省唐山市',1,'唐山市',',35,',35),
	(61,'2017-06-16 00:04:49','2017-06-16 00:04:49',0,1,'河北省唐山市路南区',2,'路南区',',35,60,',60),
	(62,'2017-06-16 00:04:50','2017-06-16 00:04:50',0,2,'河北省唐山市路北区',2,'路北区',',35,60,',60),
	(63,'2017-06-16 00:04:51','2017-06-16 00:04:51',0,3,'河北省唐山市古冶区',2,'古冶区',',35,60,',60),
	(64,'2017-06-16 00:04:52','2017-06-16 00:04:52',0,4,'河北省唐山市开平区',2,'开平区',',35,60,',60),
	(65,'2017-06-16 00:04:53','2017-06-16 00:04:53',0,5,'河北省唐山市丰南区',2,'丰南区',',35,60,',60),
	(66,'2017-06-16 00:04:54','2017-06-16 00:04:54',0,6,'河北省唐山市丰润区',2,'丰润区',',35,60,',60),
	(67,'2017-06-16 00:04:55','2017-06-16 00:04:55',0,7,'河北省唐山市曹妃甸区',2,'曹妃甸区',',35,60,',60),
	(68,'2017-06-16 00:04:56','2017-06-16 00:04:56',0,8,'河北省唐山市滦县',2,'滦县',',35,60,',60),
	(69,'2017-06-16 00:04:57','2017-06-16 00:04:57',0,9,'河北省唐山市滦南县',2,'滦南县',',35,60,',60),
	(70,'2017-06-16 00:04:58','2017-06-16 00:04:58',0,10,'河北省唐山市乐亭县',2,'乐亭县',',35,60,',60),
	(71,'2017-06-16 00:04:59','2017-06-16 00:04:59',0,11,'河北省唐山市迁西县',2,'迁西县',',35,60,',60),
	(72,'2017-06-16 00:05:00','2017-06-16 00:05:00',0,12,'河北省唐山市玉田县',2,'玉田县',',35,60,',60),
	(73,'2017-06-16 00:05:01','2017-06-16 00:05:01',0,13,'河北省唐山市遵化市',2,'遵化市',',35,60,',60),
	(74,'2017-06-16 00:05:02','2017-06-16 00:05:02',0,14,'河北省唐山市迁安市',2,'迁安市',',35,60,',60),
	(75,'2017-06-16 00:05:03','2017-06-16 00:05:03',0,3,'河北省秦皇岛市',1,'秦皇岛市',',35,',35),
	(76,'2017-06-16 00:05:04','2017-06-16 00:05:04',0,1,'河北省秦皇岛市海港区',2,'海港区',',35,75,',75),
	(77,'2017-06-16 00:05:05','2017-06-16 00:05:05',0,2,'河北省秦皇岛市山海关区',2,'山海关区',',35,75,',75),
	(78,'2017-06-16 00:05:06','2017-06-16 00:05:06',0,3,'河北省秦皇岛市北戴河区',2,'北戴河区',',35,75,',75),
	(79,'2017-06-16 00:05:07','2017-06-16 00:05:07',0,4,'河北省秦皇岛市青龙满族自治县',2,'青龙满族自治县',',35,75,',75),
	(80,'2017-06-16 00:05:08','2017-06-16 00:05:08',0,5,'河北省秦皇岛市昌黎县',2,'昌黎县',',35,75,',75),
	(81,'2017-06-16 00:05:09','2017-06-16 00:05:09',0,6,'河北省秦皇岛市抚宁县',2,'抚宁县',',35,75,',75),
	(82,'2017-06-16 00:05:10','2017-06-16 00:05:10',0,7,'河北省秦皇岛市卢龙县',2,'卢龙县',',35,75,',75),
	(83,'2017-06-16 00:05:11','2017-06-16 00:05:11',0,4,'河北省邯郸市',1,'邯郸市',',35,',35),
	(84,'2017-06-16 00:05:12','2017-06-16 00:05:12',0,1,'河北省邯郸市邯山区',2,'邯山区',',35,83,',83),
	(85,'2017-06-16 00:05:13','2017-06-16 00:05:13',0,2,'河北省邯郸市丛台区',2,'丛台区',',35,83,',83),
	(86,'2017-06-16 00:05:14','2017-06-16 00:05:14',0,3,'河北省邯郸市复兴区',2,'复兴区',',35,83,',83),
	(87,'2017-06-16 00:05:15','2017-06-16 00:05:15',0,4,'河北省邯郸市峰峰矿区',2,'峰峰矿区',',35,83,',83),
	(88,'2017-06-16 00:05:16','2017-06-16 00:05:16',0,5,'河北省邯郸市邯郸县',2,'邯郸县',',35,83,',83),
	(89,'2017-06-16 00:05:17','2017-06-16 00:05:17',0,6,'河北省邯郸市临漳县',2,'临漳县',',35,83,',83),
	(90,'2017-06-16 00:05:18','2017-06-16 00:05:18',0,7,'河北省邯郸市成安县',2,'成安县',',35,83,',83),
	(91,'2017-06-16 00:05:19','2017-06-16 00:05:19',0,8,'河北省邯郸市大名县',2,'大名县',',35,83,',83),
	(92,'2017-06-16 00:05:20','2017-06-16 00:05:20',0,9,'河北省邯郸市涉县',2,'涉县',',35,83,',83),
	(93,'2017-06-16 00:05:21','2017-06-16 00:05:21',0,10,'河北省邯郸市磁县',2,'磁县',',35,83,',83),
	(94,'2017-06-16 00:05:22','2017-06-16 00:05:22',0,11,'河北省邯郸市肥乡县',2,'肥乡县',',35,83,',83),
	(95,'2017-06-16 00:05:23','2017-06-16 00:05:23',0,12,'河北省邯郸市永年县',2,'永年县',',35,83,',83),
	(96,'2017-06-16 00:05:24','2017-06-16 00:05:24',0,13,'河北省邯郸市邱县',2,'邱县',',35,83,',83),
	(97,'2017-06-16 00:05:25','2017-06-16 00:05:25',0,14,'河北省邯郸市鸡泽县',2,'鸡泽县',',35,83,',83),
	(98,'2017-06-16 00:05:26','2017-06-16 00:05:26',0,15,'河北省邯郸市广平县',2,'广平县',',35,83,',83),
	(99,'2017-06-16 00:05:27','2017-06-16 00:05:27',0,16,'河北省邯郸市馆陶县',2,'馆陶县',',35,83,',83),
	(100,'2017-06-16 00:05:28','2017-06-16 00:05:28',0,17,'河北省邯郸市魏县',2,'魏县',',35,83,',83),
	(101,'2017-06-16 00:05:29','2017-06-16 00:05:29',0,18,'河北省邯郸市曲周县',2,'曲周县',',35,83,',83),
	(102,'2017-06-16 00:05:30','2017-06-16 00:05:30',0,19,'河北省邯郸市武安市',2,'武安市',',35,83,',83),
	(103,'2017-06-16 00:05:31','2017-06-16 00:05:31',0,5,'河北省邢台市',1,'邢台市',',35,',35),
	(104,'2017-06-16 00:05:32','2017-06-16 00:05:32',0,1,'河北省邢台市桥东区',2,'桥东区',',35,103,',103),
	(105,'2017-06-16 00:05:33','2017-06-16 00:05:33',0,2,'河北省邢台市桥西区',2,'桥西区',',35,103,',103),
	(106,'2017-06-16 00:05:34','2017-06-16 00:05:34',0,3,'河北省邢台市邢台县',2,'邢台县',',35,103,',103),
	(107,'2017-06-16 00:05:35','2017-06-16 00:05:35',0,4,'河北省邢台市临城县',2,'临城县',',35,103,',103),
	(108,'2017-06-16 00:05:36','2017-06-16 00:05:36',0,5,'河北省邢台市内丘县',2,'内丘县',',35,103,',103),
	(109,'2017-06-16 00:05:37','2017-06-16 00:05:37',0,6,'河北省邢台市柏乡县',2,'柏乡县',',35,103,',103),
	(110,'2017-06-16 00:05:38','2017-06-16 00:05:38',0,7,'河北省邢台市隆尧县',2,'隆尧县',',35,103,',103),
	(111,'2017-06-16 00:05:39','2017-06-16 00:05:39',0,8,'河北省邢台市任县',2,'任县',',35,103,',103),
	(112,'2017-06-16 00:05:40','2017-06-16 00:05:40',0,9,'河北省邢台市南和县',2,'南和县',',35,103,',103),
	(113,'2017-06-16 00:05:41','2017-06-16 00:05:41',0,10,'河北省邢台市宁晋县',2,'宁晋县',',35,103,',103),
	(114,'2017-06-16 00:05:42','2017-06-16 00:05:42',0,11,'河北省邢台市巨鹿县',2,'巨鹿县',',35,103,',103),
	(115,'2017-06-16 00:05:43','2017-06-16 00:05:43',0,12,'河北省邢台市新河县',2,'新河县',',35,103,',103),
	(116,'2017-06-16 00:05:44','2017-06-16 00:05:44',0,13,'河北省邢台市广宗县',2,'广宗县',',35,103,',103),
	(117,'2017-06-16 00:05:45','2017-06-16 00:05:45',0,14,'河北省邢台市平乡县',2,'平乡县',',35,103,',103),
	(118,'2017-06-16 00:05:46','2017-06-16 00:05:46',0,15,'河北省邢台市威县',2,'威县',',35,103,',103),
	(119,'2017-06-16 00:05:47','2017-06-16 00:05:47',0,16,'河北省邢台市清河县',2,'清河县',',35,103,',103),
	(120,'2017-06-16 00:05:48','2017-06-16 00:05:48',0,17,'河北省邢台市临西县',2,'临西县',',35,103,',103),
	(121,'2017-06-16 00:05:49','2017-06-16 00:05:49',0,18,'河北省邢台市南宫市',2,'南宫市',',35,103,',103),
	(122,'2017-06-16 00:05:50','2017-06-16 00:05:50',0,19,'河北省邢台市沙河市',2,'沙河市',',35,103,',103),
	(123,'2017-06-16 00:05:51','2017-06-16 00:05:51',0,6,'河北省保定市',1,'保定市',',35,',35),
	(124,'2017-06-16 00:05:52','2017-06-16 00:05:52',0,1,'河北省保定市新市区',2,'新市区',',35,123,',123),
	(125,'2017-06-16 00:05:53','2017-06-16 00:05:53',0,2,'河北省保定市北市区',2,'北市区',',35,123,',123),
	(126,'2017-06-16 00:05:54','2017-06-16 00:05:54',0,3,'河北省保定市南市区',2,'南市区',',35,123,',123),
	(127,'2017-06-16 00:05:55','2017-06-16 00:05:55',0,4,'河北省保定市满城县',2,'满城县',',35,123,',123),
	(128,'2017-06-16 00:05:56','2017-06-16 00:05:56',0,5,'河北省保定市清苑县',2,'清苑县',',35,123,',123),
	(129,'2017-06-16 00:05:57','2017-06-16 00:05:57',0,6,'河北省保定市涞水县',2,'涞水县',',35,123,',123),
	(130,'2017-06-16 00:05:58','2017-06-16 00:05:58',0,7,'河北省保定市阜平县',2,'阜平县',',35,123,',123),
	(131,'2017-06-16 00:05:59','2017-06-16 00:05:59',0,8,'河北省保定市徐水县',2,'徐水县',',35,123,',123),
	(132,'2017-06-16 00:06:00','2017-06-16 00:06:00',0,9,'河北省保定市定兴县',2,'定兴县',',35,123,',123),
	(133,'2017-06-16 00:06:01','2017-06-16 00:06:01',0,10,'河北省保定市唐县',2,'唐县',',35,123,',123),
	(134,'2017-06-16 00:06:02','2017-06-16 00:06:02',0,11,'河北省保定市高阳县',2,'高阳县',',35,123,',123),
	(135,'2017-06-16 00:06:03','2017-06-16 00:06:03',0,12,'河北省保定市容城县',2,'容城县',',35,123,',123),
	(136,'2017-06-16 00:06:04','2017-06-16 00:06:04',0,13,'河北省保定市涞源县',2,'涞源县',',35,123,',123),
	(137,'2017-06-16 00:06:05','2017-06-16 00:06:05',0,14,'河北省保定市望都县',2,'望都县',',35,123,',123),
	(138,'2017-06-16 00:06:06','2017-06-16 00:06:06',0,15,'河北省保定市安新县',2,'安新县',',35,123,',123),
	(139,'2017-06-16 00:06:07','2017-06-16 00:06:07',0,16,'河北省保定市易县',2,'易县',',35,123,',123),
	(140,'2017-06-16 00:06:08','2017-06-16 00:06:08',0,17,'河北省保定市曲阳县',2,'曲阳县',',35,123,',123),
	(141,'2017-06-16 00:06:09','2017-06-16 00:06:09',0,18,'河北省保定市蠡县',2,'蠡县',',35,123,',123),
	(142,'2017-06-16 00:06:10','2017-06-16 00:06:10',0,19,'河北省保定市顺平县',2,'顺平县',',35,123,',123),
	(143,'2017-06-16 00:06:11','2017-06-16 00:06:11',0,20,'河北省保定市博野县',2,'博野县',',35,123,',123),
	(144,'2017-06-16 00:06:12','2017-06-16 00:06:12',0,21,'河北省保定市雄县',2,'雄县',',35,123,',123),
	(145,'2017-06-16 00:06:13','2017-06-16 00:06:13',0,22,'河北省保定市涿州市',2,'涿州市',',35,123,',123),
	(146,'2017-06-16 00:06:14','2017-06-16 00:06:14',0,23,'河北省保定市定州市',2,'定州市',',35,123,',123),
	(147,'2017-06-16 00:06:15','2017-06-16 00:06:15',0,24,'河北省保定市安国市',2,'安国市',',35,123,',123),
	(148,'2017-06-16 00:06:16','2017-06-16 00:06:16',0,25,'河北省保定市高碑店市',2,'高碑店市',',35,123,',123),
	(149,'2017-06-16 00:06:17','2017-06-16 00:06:17',0,7,'河北省张家口市',1,'张家口市',',35,',35),
	(150,'2017-06-16 00:06:18','2017-06-16 00:06:18',0,1,'河北省张家口市桥东区',2,'桥东区',',35,149,',149),
	(151,'2017-06-16 00:06:19','2017-06-16 00:06:19',0,2,'河北省张家口市桥西区',2,'桥西区',',35,149,',149),
	(152,'2017-06-16 00:06:20','2017-06-16 00:06:20',0,3,'河北省张家口市宣化区',2,'宣化区',',35,149,',149),
	(153,'2017-06-16 00:06:21','2017-06-16 00:06:21',0,4,'河北省张家口市下花园区',2,'下花园区',',35,149,',149),
	(154,'2017-06-16 00:06:22','2017-06-16 00:06:22',0,5,'河北省张家口市宣化县',2,'宣化县',',35,149,',149),
	(155,'2017-06-16 00:06:23','2017-06-16 00:06:23',0,6,'河北省张家口市张北县',2,'张北县',',35,149,',149),
	(156,'2017-06-16 00:06:24','2017-06-16 00:06:24',0,7,'河北省张家口市康保县',2,'康保县',',35,149,',149),
	(157,'2017-06-16 00:06:25','2017-06-16 00:06:25',0,8,'河北省张家口市沽源县',2,'沽源县',',35,149,',149),
	(158,'2017-06-16 00:06:26','2017-06-16 00:06:26',0,9,'河北省张家口市尚义县',2,'尚义县',',35,149,',149),
	(159,'2017-06-16 00:06:27','2017-06-16 00:06:27',0,10,'河北省张家口市蔚县',2,'蔚县',',35,149,',149),
	(160,'2017-06-16 00:06:28','2017-06-16 00:06:28',0,11,'河北省张家口市阳原县',2,'阳原县',',35,149,',149),
	(161,'2017-06-16 00:06:29','2017-06-16 00:06:29',0,12,'河北省张家口市怀安县',2,'怀安县',',35,149,',149),
	(162,'2017-06-16 00:06:30','2017-06-16 00:06:30',0,13,'河北省张家口市万全县',2,'万全县',',35,149,',149),
	(163,'2017-06-16 00:06:31','2017-06-16 00:06:31',0,14,'河北省张家口市怀来县',2,'怀来县',',35,149,',149),
	(164,'2017-06-16 00:06:32','2017-06-16 00:06:32',0,15,'河北省张家口市涿鹿县',2,'涿鹿县',',35,149,',149),
	(165,'2017-06-16 00:06:33','2017-06-16 00:06:33',0,16,'河北省张家口市赤城县',2,'赤城县',',35,149,',149),
	(166,'2017-06-16 00:06:34','2017-06-16 00:06:34',0,17,'河北省张家口市崇礼县',2,'崇礼县',',35,149,',149),
	(167,'2017-06-16 00:06:35','2017-06-16 00:06:35',0,8,'河北省承德市',1,'承德市',',35,',35),
	(168,'2017-06-16 00:06:36','2017-06-16 00:06:36',0,1,'河北省承德市双桥区',2,'双桥区',',35,167,',167),
	(169,'2017-06-16 00:06:37','2017-06-16 00:06:37',0,2,'河北省承德市双滦区',2,'双滦区',',35,167,',167),
	(170,'2017-06-16 00:06:38','2017-06-16 00:06:38',0,3,'河北省承德市鹰手营子矿区',2,'鹰手营子矿区',',35,167,',167),
	(171,'2017-06-16 00:06:39','2017-06-16 00:06:39',0,4,'河北省承德市承德县',2,'承德县',',35,167,',167),
	(172,'2017-06-16 00:06:40','2017-06-16 00:06:40',0,5,'河北省承德市兴隆县',2,'兴隆县',',35,167,',167),
	(173,'2017-06-16 00:06:41','2017-06-16 00:06:41',0,6,'河北省承德市平泉县',2,'平泉县',',35,167,',167),
	(174,'2017-06-16 00:06:42','2017-06-16 00:06:42',0,7,'河北省承德市滦平县',2,'滦平县',',35,167,',167),
	(175,'2017-06-16 00:06:43','2017-06-16 00:06:43',0,8,'河北省承德市隆化县',2,'隆化县',',35,167,',167),
	(176,'2017-06-16 00:06:44','2017-06-16 00:06:44',0,9,'河北省承德市丰宁满族自治县',2,'丰宁满族自治县',',35,167,',167),
	(177,'2017-06-16 00:06:45','2017-06-16 00:06:45',0,10,'河北省承德市宽城满族自治县',2,'宽城满族自治县',',35,167,',167),
	(178,'2017-06-16 00:06:46','2017-06-16 00:06:46',0,11,'河北省承德市围场满族蒙古族自治县',2,'围场满族蒙古族自治县',',35,167,',167),
	(179,'2017-06-16 00:06:47','2017-06-16 00:06:47',0,9,'河北省沧州市',1,'沧州市',',35,',35),
	(180,'2017-06-16 00:06:48','2017-06-16 00:06:48',0,1,'河北省沧州市新华区',2,'新华区',',35,179,',179),
	(181,'2017-06-16 00:06:49','2017-06-16 00:06:49',0,2,'河北省沧州市运河区',2,'运河区',',35,179,',179),
	(182,'2017-06-16 00:06:50','2017-06-16 00:06:50',0,3,'河北省沧州市沧县',2,'沧县',',35,179,',179),
	(183,'2017-06-16 00:06:51','2017-06-16 00:06:51',0,4,'河北省沧州市青县',2,'青县',',35,179,',179),
	(184,'2017-06-16 00:06:52','2017-06-16 00:06:52',0,5,'河北省沧州市东光县',2,'东光县',',35,179,',179),
	(185,'2017-06-16 00:06:53','2017-06-16 00:06:53',0,6,'河北省沧州市海兴县',2,'海兴县',',35,179,',179),
	(186,'2017-06-16 00:06:54','2017-06-16 00:06:54',0,7,'河北省沧州市盐山县',2,'盐山县',',35,179,',179),
	(187,'2017-06-16 00:06:55','2017-06-16 00:06:55',0,8,'河北省沧州市肃宁县',2,'肃宁县',',35,179,',179),
	(188,'2017-06-16 00:06:56','2017-06-16 00:06:56',0,9,'河北省沧州市南皮县',2,'南皮县',',35,179,',179),
	(189,'2017-06-16 00:06:57','2017-06-16 00:06:57',0,10,'河北省沧州市吴桥县',2,'吴桥县',',35,179,',179),
	(190,'2017-06-16 00:06:58','2017-06-16 00:06:58',0,11,'河北省沧州市献县',2,'献县',',35,179,',179),
	(191,'2017-06-16 00:06:59','2017-06-16 00:06:59',0,12,'河北省沧州市孟村回族自治县',2,'孟村回族自治县',',35,179,',179),
	(192,'2017-06-16 00:07:00','2017-06-16 00:07:00',0,13,'河北省沧州市泊头市',2,'泊头市',',35,179,',179),
	(193,'2017-06-16 00:07:01','2017-06-16 00:07:01',0,14,'河北省沧州市任丘市',2,'任丘市',',35,179,',179),
	(194,'2017-06-16 00:07:02','2017-06-16 00:07:02',0,15,'河北省沧州市黄骅市',2,'黄骅市',',35,179,',179),
	(195,'2017-06-16 00:07:03','2017-06-16 00:07:03',0,16,'河北省沧州市河间市',2,'河间市',',35,179,',179),
	(196,'2017-06-16 00:07:04','2017-06-16 00:07:04',0,10,'河北省廊坊市',1,'廊坊市',',35,',35),
	(197,'2017-06-16 00:07:05','2017-06-16 00:07:05',0,1,'河北省廊坊市安次区',2,'安次区',',35,196,',196),
	(198,'2017-06-16 00:07:06','2017-06-16 00:07:06',0,2,'河北省廊坊市广阳区',2,'广阳区',',35,196,',196),
	(199,'2017-06-16 00:07:07','2017-06-16 00:07:07',0,3,'河北省廊坊市固安县',2,'固安县',',35,196,',196),
	(200,'2017-06-16 00:07:08','2017-06-16 00:07:08',0,4,'河北省廊坊市永清县',2,'永清县',',35,196,',196),
	(201,'2017-06-16 00:07:09','2017-06-16 00:07:09',0,5,'河北省廊坊市香河县',2,'香河县',',35,196,',196),
	(202,'2017-06-16 00:07:10','2017-06-16 00:07:10',0,6,'河北省廊坊市大城县',2,'大城县',',35,196,',196),
	(203,'2017-06-16 00:07:11','2017-06-16 00:07:11',0,7,'河北省廊坊市文安县',2,'文安县',',35,196,',196),
	(204,'2017-06-16 00:07:12','2017-06-16 00:07:12',0,8,'河北省廊坊市大厂回族自治县',2,'大厂回族自治县',',35,196,',196),
	(205,'2017-06-16 00:07:13','2017-06-16 00:07:13',0,9,'河北省廊坊市霸州市',2,'霸州市',',35,196,',196),
	(206,'2017-06-16 00:07:14','2017-06-16 00:07:14',0,10,'河北省廊坊市三河市',2,'三河市',',35,196,',196),
	(207,'2017-06-16 00:07:15','2017-06-16 00:07:15',0,11,'河北省衡水市',1,'衡水市',',35,',35),
	(208,'2017-06-16 00:07:16','2017-06-16 00:07:16',0,1,'河北省衡水市桃城区',2,'桃城区',',35,207,',207),
	(209,'2017-06-16 00:07:17','2017-06-16 00:07:17',0,2,'河北省衡水市枣强县',2,'枣强县',',35,207,',207),
	(210,'2017-06-16 00:07:18','2017-06-16 00:07:18',0,3,'河北省衡水市武邑县',2,'武邑县',',35,207,',207),
	(211,'2017-06-16 00:07:19','2017-06-16 00:07:19',0,4,'河北省衡水市武强县',2,'武强县',',35,207,',207),
	(212,'2017-06-16 00:07:20','2017-06-16 00:07:20',0,5,'河北省衡水市饶阳县',2,'饶阳县',',35,207,',207),
	(213,'2017-06-16 00:07:21','2017-06-16 00:07:21',0,6,'河北省衡水市安平县',2,'安平县',',35,207,',207),
	(214,'2017-06-16 00:07:22','2017-06-16 00:07:22',0,7,'河北省衡水市故城县',2,'故城县',',35,207,',207),
	(215,'2017-06-16 00:07:23','2017-06-16 00:07:23',0,8,'河北省衡水市景县',2,'景县',',35,207,',207),
	(216,'2017-06-16 00:07:24','2017-06-16 00:07:24',0,9,'河北省衡水市阜城县',2,'阜城县',',35,207,',207),
	(217,'2017-06-16 00:07:25','2017-06-16 00:07:25',0,10,'河北省衡水市冀州市',2,'冀州市',',35,207,',207),
	(218,'2017-06-16 00:07:26','2017-06-16 00:07:26',0,11,'河北省衡水市深州市',2,'深州市',',35,207,',207),
	(219,'2017-06-16 00:07:27','2017-06-16 00:07:27',0,4,'山西省',0,'山西省',',',NULL),
	(220,'2017-06-16 00:07:28','2017-06-16 00:07:28',0,1,'山西省太原市',1,'太原市',',219,',219),
	(221,'2017-06-16 00:07:29','2017-06-16 00:07:29',0,1,'山西省太原市小店区',2,'小店区',',219,220,',220),
	(222,'2017-06-16 00:07:30','2017-06-16 00:07:30',0,2,'山西省太原市迎泽区',2,'迎泽区',',219,220,',220),
	(223,'2017-06-16 00:07:31','2017-06-16 00:07:31',0,3,'山西省太原市杏花岭区',2,'杏花岭区',',219,220,',220),
	(224,'2017-06-16 00:07:32','2017-06-16 00:07:32',0,4,'山西省太原市尖草坪区',2,'尖草坪区',',219,220,',220),
	(225,'2017-06-16 00:07:33','2017-06-16 00:07:33',0,5,'山西省太原市万柏林区',2,'万柏林区',',219,220,',220),
	(226,'2017-06-16 00:07:34','2017-06-16 00:07:34',0,6,'山西省太原市晋源区',2,'晋源区',',219,220,',220),
	(227,'2017-06-16 00:07:35','2017-06-16 00:07:35',0,7,'山西省太原市清徐县',2,'清徐县',',219,220,',220),
	(228,'2017-06-16 00:07:36','2017-06-16 00:07:36',0,8,'山西省太原市阳曲县',2,'阳曲县',',219,220,',220),
	(229,'2017-06-16 00:07:37','2017-06-16 00:07:37',0,9,'山西省太原市娄烦县',2,'娄烦县',',219,220,',220),
	(230,'2017-06-16 00:07:38','2017-06-16 00:07:38',0,10,'山西省太原市古交市',2,'古交市',',219,220,',220),
	(231,'2017-06-16 00:07:39','2017-06-16 00:07:39',0,2,'山西省大同市',1,'大同市',',219,',219),
	(232,'2017-06-16 00:07:40','2017-06-16 00:07:40',0,1,'山西省大同市城区',2,'城区',',219,231,',231),
	(233,'2017-06-16 00:07:41','2017-06-16 00:07:41',0,2,'山西省大同市矿区',2,'矿区',',219,231,',231),
	(234,'2017-06-16 00:07:42','2017-06-16 00:07:42',0,3,'山西省大同市南郊区',2,'南郊区',',219,231,',231),
	(235,'2017-06-16 00:07:43','2017-06-16 00:07:43',0,4,'山西省大同市新荣区',2,'新荣区',',219,231,',231),
	(236,'2017-06-16 00:07:44','2017-06-16 00:07:44',0,5,'山西省大同市阳高县',2,'阳高县',',219,231,',231),
	(237,'2017-06-16 00:07:45','2017-06-16 00:07:45',0,6,'山西省大同市天镇县',2,'天镇县',',219,231,',231),
	(238,'2017-06-16 00:07:46','2017-06-16 00:07:46',0,7,'山西省大同市广灵县',2,'广灵县',',219,231,',231),
	(239,'2017-06-16 00:07:47','2017-06-16 00:07:47',0,8,'山西省大同市灵丘县',2,'灵丘县',',219,231,',231),
	(240,'2017-06-16 00:07:48','2017-06-16 00:07:48',0,9,'山西省大同市浑源县',2,'浑源县',',219,231,',231),
	(241,'2017-06-16 00:07:49','2017-06-16 00:07:49',0,10,'山西省大同市左云县',2,'左云县',',219,231,',231),
	(242,'2017-06-16 00:07:50','2017-06-16 00:07:50',0,11,'山西省大同市大同县',2,'大同县',',219,231,',231),
	(243,'2017-06-16 00:07:51','2017-06-16 00:07:51',0,3,'山西省阳泉市',1,'阳泉市',',219,',219),
	(244,'2017-06-16 00:07:52','2017-06-16 00:07:52',0,1,'山西省阳泉市城区',2,'城区',',219,243,',243),
	(245,'2017-06-16 00:07:53','2017-06-16 00:07:53',0,2,'山西省阳泉市矿区',2,'矿区',',219,243,',243),
	(246,'2017-06-16 00:07:54','2017-06-16 00:07:54',0,3,'山西省阳泉市郊区',2,'郊区',',219,243,',243),
	(247,'2017-06-16 00:07:55','2017-06-16 00:07:55',0,4,'山西省阳泉市平定县',2,'平定县',',219,243,',243),
	(248,'2017-06-16 00:07:56','2017-06-16 00:07:56',0,5,'山西省阳泉市盂县',2,'盂县',',219,243,',243),
	(249,'2017-06-16 00:07:57','2017-06-16 00:07:57',0,4,'山西省长治市',1,'长治市',',219,',219),
	(250,'2017-06-16 00:07:58','2017-06-16 00:07:58',0,1,'山西省长治市城区',2,'城区',',219,249,',249),
	(251,'2017-06-16 00:07:59','2017-06-16 00:07:59',0,2,'山西省长治市郊区',2,'郊区',',219,249,',249),
	(252,'2017-06-16 00:08:00','2017-06-16 00:08:00',0,3,'山西省长治市长治县',2,'长治县',',219,249,',249),
	(253,'2017-06-16 00:08:01','2017-06-16 00:08:01',0,4,'山西省长治市襄垣县',2,'襄垣县',',219,249,',249),
	(254,'2017-06-16 00:08:02','2017-06-16 00:08:02',0,5,'山西省长治市屯留县',2,'屯留县',',219,249,',249),
	(255,'2017-06-16 00:08:03','2017-06-16 00:08:03',0,6,'山西省长治市平顺县',2,'平顺县',',219,249,',249),
	(256,'2017-06-16 00:08:04','2017-06-16 00:08:04',0,7,'山西省长治市黎城县',2,'黎城县',',219,249,',249),
	(257,'2017-06-16 00:08:05','2017-06-16 00:08:05',0,8,'山西省长治市壶关县',2,'壶关县',',219,249,',249),
	(258,'2017-06-16 00:08:06','2017-06-16 00:08:06',0,9,'山西省长治市长子县',2,'长子县',',219,249,',249),
	(259,'2017-06-16 00:08:07','2017-06-16 00:08:07',0,10,'山西省长治市武乡县',2,'武乡县',',219,249,',249),
	(260,'2017-06-16 00:08:08','2017-06-16 00:08:08',0,11,'山西省长治市沁县',2,'沁县',',219,249,',249),
	(261,'2017-06-16 00:08:09','2017-06-16 00:08:09',0,12,'山西省长治市沁源县',2,'沁源县',',219,249,',249),
	(262,'2017-06-16 00:08:10','2017-06-16 00:08:10',0,13,'山西省长治市潞城市',2,'潞城市',',219,249,',249),
	(263,'2017-06-16 00:08:11','2017-06-16 00:08:11',0,5,'山西省晋城市',1,'晋城市',',219,',219),
	(264,'2017-06-16 00:08:12','2017-06-16 00:08:12',0,1,'山西省晋城市城区',2,'城区',',219,263,',263),
	(265,'2017-06-16 00:08:13','2017-06-16 00:08:13',0,2,'山西省晋城市沁水县',2,'沁水县',',219,263,',263),
	(266,'2017-06-16 00:08:14','2017-06-16 00:08:14',0,3,'山西省晋城市阳城县',2,'阳城县',',219,263,',263),
	(267,'2017-06-16 00:08:15','2017-06-16 00:08:15',0,4,'山西省晋城市陵川县',2,'陵川县',',219,263,',263),
	(268,'2017-06-16 00:08:16','2017-06-16 00:08:16',0,5,'山西省晋城市泽州县',2,'泽州县',',219,263,',263),
	(269,'2017-06-16 00:08:17','2017-06-16 00:08:17',0,6,'山西省晋城市高平市',2,'高平市',',219,263,',263),
	(270,'2017-06-16 00:08:18','2017-06-16 00:08:18',0,6,'山西省朔州市',1,'朔州市',',219,',219),
	(271,'2017-06-16 00:08:19','2017-06-16 00:08:19',0,1,'山西省朔州市朔城区',2,'朔城区',',219,270,',270),
	(272,'2017-06-16 00:08:20','2017-06-16 00:08:20',0,2,'山西省朔州市平鲁区',2,'平鲁区',',219,270,',270),
	(273,'2017-06-16 00:08:21','2017-06-16 00:08:21',0,3,'山西省朔州市山阴县',2,'山阴县',',219,270,',270),
	(274,'2017-06-16 00:08:22','2017-06-16 00:08:22',0,4,'山西省朔州市应县',2,'应县',',219,270,',270),
	(275,'2017-06-16 00:08:23','2017-06-16 00:08:23',0,5,'山西省朔州市右玉县',2,'右玉县',',219,270,',270),
	(276,'2017-06-16 00:08:24','2017-06-16 00:08:24',0,6,'山西省朔州市怀仁县',2,'怀仁县',',219,270,',270),
	(277,'2017-06-16 00:08:25','2017-06-16 00:08:25',0,7,'山西省晋中市',1,'晋中市',',219,',219),
	(278,'2017-06-16 00:08:26','2017-06-16 00:08:26',0,1,'山西省晋中市榆次区',2,'榆次区',',219,277,',277),
	(279,'2017-06-16 00:08:27','2017-06-16 00:08:27',0,2,'山西省晋中市榆社县',2,'榆社县',',219,277,',277),
	(280,'2017-06-16 00:08:28','2017-06-16 00:08:28',0,3,'山西省晋中市左权县',2,'左权县',',219,277,',277),
	(281,'2017-06-16 00:08:29','2017-06-16 00:08:29',0,4,'山西省晋中市和顺县',2,'和顺县',',219,277,',277),
	(282,'2017-06-16 00:08:30','2017-06-16 00:08:30',0,5,'山西省晋中市昔阳县',2,'昔阳县',',219,277,',277),
	(283,'2017-06-16 00:08:31','2017-06-16 00:08:31',0,6,'山西省晋中市寿阳县',2,'寿阳县',',219,277,',277),
	(284,'2017-06-16 00:08:32','2017-06-16 00:08:32',0,7,'山西省晋中市太谷县',2,'太谷县',',219,277,',277),
	(285,'2017-06-16 00:08:33','2017-06-16 00:08:33',0,8,'山西省晋中市祁县',2,'祁县',',219,277,',277),
	(286,'2017-06-16 00:08:34','2017-06-16 00:08:34',0,9,'山西省晋中市平遥县',2,'平遥县',',219,277,',277),
	(287,'2017-06-16 00:08:35','2017-06-16 00:08:35',0,10,'山西省晋中市灵石县',2,'灵石县',',219,277,',277),
	(288,'2017-06-16 00:08:36','2017-06-16 00:08:36',0,11,'山西省晋中市介休市',2,'介休市',',219,277,',277),
	(289,'2017-06-16 00:08:37','2017-06-16 00:08:37',0,8,'山西省运城市',1,'运城市',',219,',219),
	(290,'2017-06-16 00:08:38','2017-06-16 00:08:38',0,1,'山西省运城市盐湖区',2,'盐湖区',',219,289,',289),
	(291,'2017-06-16 00:08:39','2017-06-16 00:08:39',0,2,'山西省运城市临猗县',2,'临猗县',',219,289,',289),
	(292,'2017-06-16 00:08:40','2017-06-16 00:08:40',0,3,'山西省运城市万荣县',2,'万荣县',',219,289,',289),
	(293,'2017-06-16 00:08:41','2017-06-16 00:08:41',0,4,'山西省运城市闻喜县',2,'闻喜县',',219,289,',289),
	(294,'2017-06-16 00:08:42','2017-06-16 00:08:42',0,5,'山西省运城市稷山县',2,'稷山县',',219,289,',289),
	(295,'2017-06-16 00:08:43','2017-06-16 00:08:43',0,6,'山西省运城市新绛县',2,'新绛县',',219,289,',289),
	(296,'2017-06-16 00:08:44','2017-06-16 00:08:44',0,7,'山西省运城市绛县',2,'绛县',',219,289,',289),
	(297,'2017-06-16 00:08:45','2017-06-16 00:08:45',0,8,'山西省运城市垣曲县',2,'垣曲县',',219,289,',289),
	(298,'2017-06-16 00:08:46','2017-06-16 00:08:46',0,9,'山西省运城市夏县',2,'夏县',',219,289,',289),
	(299,'2017-06-16 00:08:47','2017-06-16 00:08:47',0,10,'山西省运城市平陆县',2,'平陆县',',219,289,',289),
	(300,'2017-06-16 00:08:48','2017-06-16 00:08:48',0,11,'山西省运城市芮城县',2,'芮城县',',219,289,',289),
	(301,'2017-06-16 00:08:49','2017-06-16 00:08:49',0,12,'山西省运城市永济市',2,'永济市',',219,289,',289),
	(302,'2017-06-16 00:08:50','2017-06-16 00:08:50',0,13,'山西省运城市河津市',2,'河津市',',219,289,',289),
	(303,'2017-06-16 00:08:51','2017-06-16 00:08:51',0,9,'山西省忻州市',1,'忻州市',',219,',219),
	(304,'2017-06-16 00:08:52','2017-06-16 00:08:52',0,1,'山西省忻州市忻府区',2,'忻府区',',219,303,',303),
	(305,'2017-06-16 00:08:53','2017-06-16 00:08:53',0,2,'山西省忻州市定襄县',2,'定襄县',',219,303,',303),
	(306,'2017-06-16 00:08:54','2017-06-16 00:08:54',0,3,'山西省忻州市五台县',2,'五台县',',219,303,',303),
	(307,'2017-06-16 00:08:55','2017-06-16 00:08:55',0,4,'山西省忻州市代县',2,'代县',',219,303,',303),
	(308,'2017-06-16 00:08:56','2017-06-16 00:08:56',0,5,'山西省忻州市繁峙县',2,'繁峙县',',219,303,',303),
	(309,'2017-06-16 00:08:57','2017-06-16 00:08:57',0,6,'山西省忻州市宁武县',2,'宁武县',',219,303,',303),
	(310,'2017-06-16 00:08:58','2017-06-16 00:08:58',0,7,'山西省忻州市静乐县',2,'静乐县',',219,303,',303),
	(311,'2017-06-16 00:08:59','2017-06-16 00:08:59',0,8,'山西省忻州市神池县',2,'神池县',',219,303,',303),
	(312,'2017-06-16 00:09:00','2017-06-16 00:09:00',0,9,'山西省忻州市五寨县',2,'五寨县',',219,303,',303),
	(313,'2017-06-16 00:09:01','2017-06-16 00:09:01',0,10,'山西省忻州市岢岚县',2,'岢岚县',',219,303,',303),
	(314,'2017-06-16 00:09:02','2017-06-16 00:09:02',0,11,'山西省忻州市河曲县',2,'河曲县',',219,303,',303),
	(315,'2017-06-16 00:09:03','2017-06-16 00:09:03',0,12,'山西省忻州市保德县',2,'保德县',',219,303,',303),
	(316,'2017-06-16 00:09:04','2017-06-16 00:09:04',0,13,'山西省忻州市偏关县',2,'偏关县',',219,303,',303),
	(317,'2017-06-16 00:09:05','2017-06-16 00:09:05',0,14,'山西省忻州市原平市',2,'原平市',',219,303,',303),
	(318,'2017-06-16 00:09:06','2017-06-16 00:09:06',0,10,'山西省临汾市',1,'临汾市',',219,',219),
	(319,'2017-06-16 00:09:07','2017-06-16 00:09:07',0,1,'山西省临汾市尧都区',2,'尧都区',',219,318,',318),
	(320,'2017-06-16 00:09:08','2017-06-16 00:09:08',0,2,'山西省临汾市曲沃县',2,'曲沃县',',219,318,',318),
	(321,'2017-06-16 00:09:09','2017-06-16 00:09:09',0,3,'山西省临汾市翼城县',2,'翼城县',',219,318,',318),
	(322,'2017-06-16 00:09:10','2017-06-16 00:09:10',0,4,'山西省临汾市襄汾县',2,'襄汾县',',219,318,',318),
	(323,'2017-06-16 00:09:11','2017-06-16 00:09:11',0,5,'山西省临汾市洪洞县',2,'洪洞县',',219,318,',318),
	(324,'2017-06-16 00:09:12','2017-06-16 00:09:12',0,6,'山西省临汾市古县',2,'古县',',219,318,',318),
	(325,'2017-06-16 00:09:13','2017-06-16 00:09:13',0,7,'山西省临汾市安泽县',2,'安泽县',',219,318,',318),
	(326,'2017-06-16 00:09:14','2017-06-16 00:09:14',0,8,'山西省临汾市浮山县',2,'浮山县',',219,318,',318),
	(327,'2017-06-16 00:09:15','2017-06-16 00:09:15',0,9,'山西省临汾市吉县',2,'吉县',',219,318,',318),
	(328,'2017-06-16 00:09:16','2017-06-16 00:09:16',0,10,'山西省临汾市乡宁县',2,'乡宁县',',219,318,',318),
	(329,'2017-06-16 00:09:17','2017-06-16 00:09:17',0,11,'山西省临汾市大宁县',2,'大宁县',',219,318,',318),
	(330,'2017-06-16 00:09:18','2017-06-16 00:09:18',0,12,'山西省临汾市隰县',2,'隰县',',219,318,',318),
	(331,'2017-06-16 00:09:19','2017-06-16 00:09:19',0,13,'山西省临汾市永和县',2,'永和县',',219,318,',318),
	(332,'2017-06-16 00:09:20','2017-06-16 00:09:20',0,14,'山西省临汾市蒲县',2,'蒲县',',219,318,',318),
	(333,'2017-06-16 00:09:21','2017-06-16 00:09:21',0,15,'山西省临汾市汾西县',2,'汾西县',',219,318,',318),
	(334,'2017-06-16 00:09:22','2017-06-16 00:09:22',0,16,'山西省临汾市侯马市',2,'侯马市',',219,318,',318),
	(335,'2017-06-16 00:09:23','2017-06-16 00:09:23',0,17,'山西省临汾市霍州市',2,'霍州市',',219,318,',318),
	(336,'2017-06-16 00:09:24','2017-06-16 00:09:24',0,11,'山西省吕梁市',1,'吕梁市',',219,',219),
	(337,'2017-06-16 00:09:25','2017-06-16 00:09:25',0,1,'山西省吕梁市离石区',2,'离石区',',219,336,',336),
	(338,'2017-06-16 00:09:26','2017-06-16 00:09:26',0,2,'山西省吕梁市文水县',2,'文水县',',219,336,',336),
	(339,'2017-06-16 00:09:27','2017-06-16 00:09:27',0,3,'山西省吕梁市交城县',2,'交城县',',219,336,',336),
	(340,'2017-06-16 00:09:28','2017-06-16 00:09:28',0,4,'山西省吕梁市兴县',2,'兴县',',219,336,',336),
	(341,'2017-06-16 00:09:29','2017-06-16 00:09:29',0,5,'山西省吕梁市临县',2,'临县',',219,336,',336),
	(342,'2017-06-16 00:09:30','2017-06-16 00:09:30',0,6,'山西省吕梁市柳林县',2,'柳林县',',219,336,',336),
	(343,'2017-06-16 00:09:31','2017-06-16 00:09:31',0,7,'山西省吕梁市石楼县',2,'石楼县',',219,336,',336),
	(344,'2017-06-16 00:09:32','2017-06-16 00:09:32',0,8,'山西省吕梁市岚县',2,'岚县',',219,336,',336),
	(345,'2017-06-16 00:09:33','2017-06-16 00:09:33',0,9,'山西省吕梁市方山县',2,'方山县',',219,336,',336),
	(346,'2017-06-16 00:09:34','2017-06-16 00:09:34',0,10,'山西省吕梁市中阳县',2,'中阳县',',219,336,',336),
	(347,'2017-06-16 00:09:35','2017-06-16 00:09:35',0,11,'山西省吕梁市交口县',2,'交口县',',219,336,',336),
	(348,'2017-06-16 00:09:36','2017-06-16 00:09:36',0,12,'山西省吕梁市孝义市',2,'孝义市',',219,336,',336),
	(349,'2017-06-16 00:09:37','2017-06-16 00:09:37',0,13,'山西省吕梁市汾阳市',2,'汾阳市',',219,336,',336),
	(350,'2017-06-16 00:09:38','2017-06-16 00:09:38',0,5,'内蒙古自治区',0,'内蒙古自治区',',',NULL),
	(351,'2017-06-16 00:09:39','2017-06-16 00:09:39',0,1,'内蒙古自治区呼和浩特市',1,'呼和浩特市',',350,',350),
	(352,'2017-06-16 00:09:40','2017-06-16 00:09:40',0,1,'内蒙古自治区呼和浩特市新城区',2,'新城区',',350,351,',351),
	(353,'2017-06-16 00:09:41','2017-06-16 00:09:41',0,2,'内蒙古自治区呼和浩特市回民区',2,'回民区',',350,351,',351),
	(354,'2017-06-16 00:09:42','2017-06-16 00:09:42',0,3,'内蒙古自治区呼和浩特市玉泉区',2,'玉泉区',',350,351,',351),
	(355,'2017-06-16 00:09:43','2017-06-16 00:09:43',0,4,'内蒙古自治区呼和浩特市赛罕区',2,'赛罕区',',350,351,',351),
	(356,'2017-06-16 00:09:44','2017-06-16 00:09:44',0,5,'内蒙古自治区呼和浩特市土默特左旗',2,'土默特左旗',',350,351,',351),
	(357,'2017-06-16 00:09:45','2017-06-16 00:09:45',0,6,'内蒙古自治区呼和浩特市托克托县',2,'托克托县',',350,351,',351),
	(358,'2017-06-16 00:09:46','2017-06-16 00:09:46',0,7,'内蒙古自治区呼和浩特市和林格尔县',2,'和林格尔县',',350,351,',351),
	(359,'2017-06-16 00:09:47','2017-06-16 00:09:47',0,8,'内蒙古自治区呼和浩特市清水河县',2,'清水河县',',350,351,',351),
	(360,'2017-06-16 00:09:48','2017-06-16 00:09:48',0,9,'内蒙古自治区呼和浩特市武川县',2,'武川县',',350,351,',351),
	(361,'2017-06-16 00:09:49','2017-06-16 00:09:49',0,2,'内蒙古自治区包头市',1,'包头市',',350,',350),
	(362,'2017-06-16 00:09:50','2017-06-16 00:09:50',0,1,'内蒙古自治区包头市东河区',2,'东河区',',350,361,',361),
	(363,'2017-06-16 00:09:51','2017-06-16 00:09:51',0,2,'内蒙古自治区包头市昆都仑区',2,'昆都仑区',',350,361,',361),
	(364,'2017-06-16 00:09:52','2017-06-16 00:09:52',0,3,'内蒙古自治区包头市青山区',2,'青山区',',350,361,',361),
	(365,'2017-06-16 00:09:53','2017-06-16 00:09:53',0,4,'内蒙古自治区包头市石拐区',2,'石拐区',',350,361,',361),
	(366,'2017-06-16 00:09:54','2017-06-16 00:09:54',0,5,'内蒙古自治区包头市白云鄂博矿区',2,'白云鄂博矿区',',350,361,',361),
	(367,'2017-06-16 00:09:55','2017-06-16 00:09:55',0,6,'内蒙古自治区包头市九原区',2,'九原区',',350,361,',361),
	(368,'2017-06-16 00:09:56','2017-06-16 00:09:56',0,7,'内蒙古自治区包头市土默特右旗',2,'土默特右旗',',350,361,',361),
	(369,'2017-06-16 00:09:57','2017-06-16 00:09:57',0,8,'内蒙古自治区包头市固阳县',2,'固阳县',',350,361,',361),
	(370,'2017-06-16 00:09:58','2017-06-16 00:09:58',0,9,'内蒙古自治区包头市达尔罕茂明安联合旗',2,'达尔罕茂明安联合旗',',350,361,',361),
	(371,'2017-06-16 00:09:59','2017-06-16 00:09:59',0,3,'内蒙古自治区乌海市',1,'乌海市',',350,',350),
	(372,'2017-06-16 00:10:00','2017-06-16 00:10:00',0,1,'内蒙古自治区乌海市海勃湾区',2,'海勃湾区',',350,371,',371),
	(373,'2017-06-16 00:10:01','2017-06-16 00:10:01',0,2,'内蒙古自治区乌海市海南区',2,'海南区',',350,371,',371),
	(374,'2017-06-16 00:10:02','2017-06-16 00:10:02',0,3,'内蒙古自治区乌海市乌达区',2,'乌达区',',350,371,',371),
	(375,'2017-06-16 00:10:03','2017-06-16 00:10:03',0,4,'内蒙古自治区赤峰市',1,'赤峰市',',350,',350),
	(376,'2017-06-16 00:10:04','2017-06-16 00:10:04',0,1,'内蒙古自治区赤峰市红山区',2,'红山区',',350,375,',375),
	(377,'2017-06-16 00:10:05','2017-06-16 00:10:05',0,2,'内蒙古自治区赤峰市元宝山区',2,'元宝山区',',350,375,',375),
	(378,'2017-06-16 00:10:06','2017-06-16 00:10:06',0,3,'内蒙古自治区赤峰市松山区',2,'松山区',',350,375,',375),
	(379,'2017-06-16 00:10:07','2017-06-16 00:10:07',0,4,'内蒙古自治区赤峰市阿鲁科尔沁旗',2,'阿鲁科尔沁旗',',350,375,',375),
	(380,'2017-06-16 00:10:08','2017-06-16 00:10:08',0,5,'内蒙古自治区赤峰市巴林左旗',2,'巴林左旗',',350,375,',375),
	(381,'2017-06-16 00:10:09','2017-06-16 00:10:09',0,6,'内蒙古自治区赤峰市巴林右旗',2,'巴林右旗',',350,375,',375),
	(382,'2017-06-16 00:10:10','2017-06-16 00:10:10',0,7,'内蒙古自治区赤峰市林西县',2,'林西县',',350,375,',375),
	(383,'2017-06-16 00:10:11','2017-06-16 00:10:11',0,8,'内蒙古自治区赤峰市克什克腾旗',2,'克什克腾旗',',350,375,',375),
	(384,'2017-06-16 00:10:12','2017-06-16 00:10:12',0,9,'内蒙古自治区赤峰市翁牛特旗',2,'翁牛特旗',',350,375,',375),
	(385,'2017-06-16 00:10:13','2017-06-16 00:10:13',0,10,'内蒙古自治区赤峰市喀喇沁旗',2,'喀喇沁旗',',350,375,',375),
	(386,'2017-06-16 00:10:14','2017-06-16 00:10:14',0,11,'内蒙古自治区赤峰市宁城县',2,'宁城县',',350,375,',375),
	(387,'2017-06-16 00:10:15','2017-06-16 00:10:15',0,12,'内蒙古自治区赤峰市敖汉旗',2,'敖汉旗',',350,375,',375),
	(388,'2017-06-16 00:10:16','2017-06-16 00:10:16',0,5,'内蒙古自治区通辽市',1,'通辽市',',350,',350),
	(389,'2017-06-16 00:10:17','2017-06-16 00:10:17',0,1,'内蒙古自治区通辽市科尔沁区',2,'科尔沁区',',350,388,',388),
	(390,'2017-06-16 00:10:18','2017-06-16 00:10:18',0,2,'内蒙古自治区通辽市科尔沁左翼中旗',2,'科尔沁左翼中旗',',350,388,',388),
	(391,'2017-06-16 00:10:19','2017-06-16 00:10:19',0,3,'内蒙古自治区通辽市科尔沁左翼后旗',2,'科尔沁左翼后旗',',350,388,',388),
	(392,'2017-06-16 00:10:20','2017-06-16 00:10:20',0,4,'内蒙古自治区通辽市开鲁县',2,'开鲁县',',350,388,',388),
	(393,'2017-06-16 00:10:21','2017-06-16 00:10:21',0,5,'内蒙古自治区通辽市库伦旗',2,'库伦旗',',350,388,',388),
	(394,'2017-06-16 00:10:22','2017-06-16 00:10:22',0,6,'内蒙古自治区通辽市奈曼旗',2,'奈曼旗',',350,388,',388),
	(395,'2017-06-16 00:10:23','2017-06-16 00:10:23',0,7,'内蒙古自治区通辽市扎鲁特旗',2,'扎鲁特旗',',350,388,',388),
	(396,'2017-06-16 00:10:24','2017-06-16 00:10:24',0,8,'内蒙古自治区通辽市霍林郭勒市',2,'霍林郭勒市',',350,388,',388),
	(397,'2017-06-16 00:10:25','2017-06-16 00:10:25',0,6,'内蒙古自治区鄂尔多斯市',1,'鄂尔多斯市',',350,',350),
	(398,'2017-06-16 00:10:26','2017-06-16 00:10:26',0,1,'内蒙古自治区鄂尔多斯市东胜区',2,'东胜区',',350,397,',397),
	(399,'2017-06-16 00:10:27','2017-06-16 00:10:27',0,2,'内蒙古自治区鄂尔多斯市达拉特旗',2,'达拉特旗',',350,397,',397),
	(400,'2017-06-16 00:10:28','2017-06-16 00:10:28',0,3,'内蒙古自治区鄂尔多斯市准格尔旗',2,'准格尔旗',',350,397,',397),
	(401,'2017-06-16 00:10:29','2017-06-16 00:10:29',0,4,'内蒙古自治区鄂尔多斯市鄂托克前旗',2,'鄂托克前旗',',350,397,',397),
	(402,'2017-06-16 00:10:30','2017-06-16 00:10:30',0,5,'内蒙古自治区鄂尔多斯市鄂托克旗',2,'鄂托克旗',',350,397,',397),
	(403,'2017-06-16 00:10:31','2017-06-16 00:10:31',0,6,'内蒙古自治区鄂尔多斯市杭锦旗',2,'杭锦旗',',350,397,',397),
	(404,'2017-06-16 00:10:32','2017-06-16 00:10:32',0,7,'内蒙古自治区鄂尔多斯市乌审旗',2,'乌审旗',',350,397,',397),
	(405,'2017-06-16 00:10:33','2017-06-16 00:10:33',0,8,'内蒙古自治区鄂尔多斯市伊金霍洛旗',2,'伊金霍洛旗',',350,397,',397),
	(406,'2017-06-16 00:10:34','2017-06-16 00:10:34',0,7,'内蒙古自治区呼伦贝尔市',1,'呼伦贝尔市',',350,',350),
	(407,'2017-06-16 00:10:35','2017-06-16 00:10:35',0,1,'内蒙古自治区呼伦贝尔市海拉尔区',2,'海拉尔区',',350,406,',406),
	(408,'2017-06-16 00:10:36','2017-06-16 00:10:36',0,2,'内蒙古自治区呼伦贝尔市扎赉诺尔区',2,'扎赉诺尔区',',350,406,',406),
	(409,'2017-06-16 00:10:37','2017-06-16 00:10:37',0,3,'内蒙古自治区呼伦贝尔市阿荣旗',2,'阿荣旗',',350,406,',406),
	(410,'2017-06-16 00:10:38','2017-06-16 00:10:38',0,4,'内蒙古自治区呼伦贝尔市莫力达瓦达斡尔族自治旗',2,'莫力达瓦达斡尔族自治旗',',350,406,',406),
	(411,'2017-06-16 00:10:39','2017-06-16 00:10:39',0,5,'内蒙古自治区呼伦贝尔市鄂伦春自治旗',2,'鄂伦春自治旗',',350,406,',406),
	(412,'2017-06-16 00:10:40','2017-06-16 00:10:40',0,6,'内蒙古自治区呼伦贝尔市鄂温克族自治旗',2,'鄂温克族自治旗',',350,406,',406),
	(413,'2017-06-16 00:10:41','2017-06-16 00:10:41',0,7,'内蒙古自治区呼伦贝尔市陈巴尔虎旗',2,'陈巴尔虎旗',',350,406,',406),
	(414,'2017-06-16 00:10:42','2017-06-16 00:10:42',0,8,'内蒙古自治区呼伦贝尔市新巴尔虎左旗',2,'新巴尔虎左旗',',350,406,',406),
	(415,'2017-06-16 00:10:43','2017-06-16 00:10:43',0,9,'内蒙古自治区呼伦贝尔市新巴尔虎右旗',2,'新巴尔虎右旗',',350,406,',406),
	(416,'2017-06-16 00:10:44','2017-06-16 00:10:44',0,10,'内蒙古自治区呼伦贝尔市满洲里市',2,'满洲里市',',350,406,',406),
	(417,'2017-06-16 00:10:45','2017-06-16 00:10:45',0,11,'内蒙古自治区呼伦贝尔市牙克石市',2,'牙克石市',',350,406,',406),
	(418,'2017-06-16 00:10:46','2017-06-16 00:10:46',0,12,'内蒙古自治区呼伦贝尔市扎兰屯市',2,'扎兰屯市',',350,406,',406),
	(419,'2017-06-16 00:10:47','2017-06-16 00:10:47',0,13,'内蒙古自治区呼伦贝尔市额尔古纳市',2,'额尔古纳市',',350,406,',406),
	(420,'2017-06-16 00:10:48','2017-06-16 00:10:48',0,14,'内蒙古自治区呼伦贝尔市根河市',2,'根河市',',350,406,',406),
	(421,'2017-06-16 00:10:49','2017-06-16 00:10:49',0,8,'内蒙古自治区巴彦淖尔市',1,'巴彦淖尔市',',350,',350),
	(422,'2017-06-16 00:10:50','2017-06-16 00:10:50',0,1,'内蒙古自治区巴彦淖尔市临河区',2,'临河区',',350,421,',421),
	(423,'2017-06-16 00:10:51','2017-06-16 00:10:51',0,2,'内蒙古自治区巴彦淖尔市五原县',2,'五原县',',350,421,',421),
	(424,'2017-06-16 00:10:52','2017-06-16 00:10:52',0,3,'内蒙古自治区巴彦淖尔市磴口县',2,'磴口县',',350,421,',421),
	(425,'2017-06-16 00:10:53','2017-06-16 00:10:53',0,4,'内蒙古自治区巴彦淖尔市乌拉特前旗',2,'乌拉特前旗',',350,421,',421),
	(426,'2017-06-16 00:10:54','2017-06-16 00:10:54',0,5,'内蒙古自治区巴彦淖尔市乌拉特中旗',2,'乌拉特中旗',',350,421,',421),
	(427,'2017-06-16 00:10:55','2017-06-16 00:10:55',0,6,'内蒙古自治区巴彦淖尔市乌拉特后旗',2,'乌拉特后旗',',350,421,',421),
	(428,'2017-06-16 00:10:56','2017-06-16 00:10:56',0,7,'内蒙古自治区巴彦淖尔市杭锦后旗',2,'杭锦后旗',',350,421,',421),
	(429,'2017-06-16 00:10:57','2017-06-16 00:10:57',0,9,'内蒙古自治区乌兰察布市',1,'乌兰察布市',',350,',350),
	(430,'2017-06-16 00:10:58','2017-06-16 00:10:58',0,1,'内蒙古自治区乌兰察布市集宁区',2,'集宁区',',350,429,',429),
	(431,'2017-06-16 00:10:59','2017-06-16 00:10:59',0,2,'内蒙古自治区乌兰察布市卓资县',2,'卓资县',',350,429,',429),
	(432,'2017-06-16 00:11:00','2017-06-16 00:11:00',0,3,'内蒙古自治区乌兰察布市化德县',2,'化德县',',350,429,',429),
	(433,'2017-06-16 00:11:01','2017-06-16 00:11:01',0,4,'内蒙古自治区乌兰察布市商都县',2,'商都县',',350,429,',429),
	(434,'2017-06-16 00:11:02','2017-06-16 00:11:02',0,5,'内蒙古自治区乌兰察布市兴和县',2,'兴和县',',350,429,',429),
	(435,'2017-06-16 00:11:03','2017-06-16 00:11:03',0,6,'内蒙古自治区乌兰察布市凉城县',2,'凉城县',',350,429,',429),
	(436,'2017-06-16 00:11:04','2017-06-16 00:11:04',0,7,'内蒙古自治区乌兰察布市察哈尔右翼前旗',2,'察哈尔右翼前旗',',350,429,',429),
	(437,'2017-06-16 00:11:05','2017-06-16 00:11:05',0,8,'内蒙古自治区乌兰察布市察哈尔右翼中旗',2,'察哈尔右翼中旗',',350,429,',429),
	(438,'2017-06-16 00:11:06','2017-06-16 00:11:06',0,9,'内蒙古自治区乌兰察布市察哈尔右翼后旗',2,'察哈尔右翼后旗',',350,429,',429),
	(439,'2017-06-16 00:11:07','2017-06-16 00:11:07',0,10,'内蒙古自治区乌兰察布市四子王旗',2,'四子王旗',',350,429,',429),
	(440,'2017-06-16 00:11:08','2017-06-16 00:11:08',0,11,'内蒙古自治区乌兰察布市丰镇市',2,'丰镇市',',350,429,',429),
	(441,'2017-06-16 00:11:09','2017-06-16 00:11:09',0,10,'内蒙古自治区兴安盟',1,'兴安盟',',350,',350),
	(442,'2017-06-16 00:11:10','2017-06-16 00:11:10',0,1,'内蒙古自治区兴安盟乌兰浩特市',2,'乌兰浩特市',',350,441,',441),
	(443,'2017-06-16 00:11:11','2017-06-16 00:11:11',0,2,'内蒙古自治区兴安盟阿尔山市',2,'阿尔山市',',350,441,',441),
	(444,'2017-06-16 00:11:12','2017-06-16 00:11:12',0,3,'内蒙古自治区兴安盟科尔沁右翼前旗',2,'科尔沁右翼前旗',',350,441,',441),
	(445,'2017-06-16 00:11:13','2017-06-16 00:11:13',0,4,'内蒙古自治区兴安盟科尔沁右翼中旗',2,'科尔沁右翼中旗',',350,441,',441),
	(446,'2017-06-16 00:11:14','2017-06-16 00:11:14',0,5,'内蒙古自治区兴安盟扎赉特旗',2,'扎赉特旗',',350,441,',441),
	(447,'2017-06-16 00:11:15','2017-06-16 00:11:15',0,6,'内蒙古自治区兴安盟突泉县',2,'突泉县',',350,441,',441),
	(448,'2017-06-16 00:11:16','2017-06-16 00:11:16',0,11,'内蒙古自治区锡林郭勒盟',1,'锡林郭勒盟',',350,',350),
	(449,'2017-06-16 00:11:17','2017-06-16 00:11:17',0,1,'内蒙古自治区锡林郭勒盟二连浩特市',2,'二连浩特市',',350,448,',448),
	(450,'2017-06-16 00:11:18','2017-06-16 00:11:18',0,2,'内蒙古自治区锡林郭勒盟锡林浩特市',2,'锡林浩特市',',350,448,',448),
	(451,'2017-06-16 00:11:19','2017-06-16 00:11:19',0,3,'内蒙古自治区锡林郭勒盟阿巴嘎旗',2,'阿巴嘎旗',',350,448,',448),
	(452,'2017-06-16 00:11:20','2017-06-16 00:11:20',0,4,'内蒙古自治区锡林郭勒盟苏尼特左旗',2,'苏尼特左旗',',350,448,',448),
	(453,'2017-06-16 00:11:21','2017-06-16 00:11:21',0,5,'内蒙古自治区锡林郭勒盟苏尼特右旗',2,'苏尼特右旗',',350,448,',448),
	(454,'2017-06-16 00:11:22','2017-06-16 00:11:22',0,6,'内蒙古自治区锡林郭勒盟东乌珠穆沁旗',2,'东乌珠穆沁旗',',350,448,',448),
	(455,'2017-06-16 00:11:23','2017-06-16 00:11:23',0,7,'内蒙古自治区锡林郭勒盟西乌珠穆沁旗',2,'西乌珠穆沁旗',',350,448,',448),
	(456,'2017-06-16 00:11:24','2017-06-16 00:11:24',0,8,'内蒙古自治区锡林郭勒盟太仆寺旗',2,'太仆寺旗',',350,448,',448),
	(457,'2017-06-16 00:11:25','2017-06-16 00:11:25',0,9,'内蒙古自治区锡林郭勒盟镶黄旗',2,'镶黄旗',',350,448,',448),
	(458,'2017-06-16 00:11:26','2017-06-16 00:11:26',0,10,'内蒙古自治区锡林郭勒盟正镶白旗',2,'正镶白旗',',350,448,',448),
	(459,'2017-06-16 00:11:27','2017-06-16 00:11:27',0,11,'内蒙古自治区锡林郭勒盟正蓝旗',2,'正蓝旗',',350,448,',448),
	(460,'2017-06-16 00:11:28','2017-06-16 00:11:28',0,12,'内蒙古自治区锡林郭勒盟多伦县',2,'多伦县',',350,448,',448),
	(461,'2017-06-16 00:11:29','2017-06-16 00:11:29',0,12,'内蒙古自治区阿拉善盟',1,'阿拉善盟',',350,',350),
	(462,'2017-06-16 00:11:30','2017-06-16 00:11:30',0,1,'内蒙古自治区阿拉善盟阿拉善左旗',2,'阿拉善左旗',',350,461,',461),
	(463,'2017-06-16 00:11:31','2017-06-16 00:11:31',0,2,'内蒙古自治区阿拉善盟阿拉善右旗',2,'阿拉善右旗',',350,461,',461),
	(464,'2017-06-16 00:11:32','2017-06-16 00:11:32',0,3,'内蒙古自治区阿拉善盟额济纳旗',2,'额济纳旗',',350,461,',461),
	(465,'2017-06-16 00:11:33','2017-06-16 00:11:33',0,6,'辽宁省',0,'辽宁省',',',NULL),
	(466,'2017-06-16 00:11:34','2017-06-16 00:11:34',0,1,'辽宁省沈阳市',1,'沈阳市',',465,',465),
	(467,'2017-06-16 00:11:35','2017-06-16 00:11:35',0,1,'辽宁省沈阳市和平区',2,'和平区',',465,466,',466),
	(468,'2017-06-16 00:11:36','2017-06-16 00:11:36',0,2,'辽宁省沈阳市沈河区',2,'沈河区',',465,466,',466),
	(469,'2017-06-16 00:11:37','2017-06-16 00:11:37',0,3,'辽宁省沈阳市大东区',2,'大东区',',465,466,',466),
	(470,'2017-06-16 00:11:38','2017-06-16 00:11:38',0,4,'辽宁省沈阳市皇姑区',2,'皇姑区',',465,466,',466),
	(471,'2017-06-16 00:11:39','2017-06-16 00:11:39',0,5,'辽宁省沈阳市铁西区',2,'铁西区',',465,466,',466),
	(472,'2017-06-16 00:11:40','2017-06-16 00:11:40',0,6,'辽宁省沈阳市苏家屯区',2,'苏家屯区',',465,466,',466),
	(473,'2017-06-16 00:11:41','2017-06-16 00:11:41',0,7,'辽宁省沈阳市东陵区',2,'东陵区',',465,466,',466),
	(474,'2017-06-16 00:11:42','2017-06-16 00:11:42',0,8,'辽宁省沈阳市沈北新区',2,'沈北新区',',465,466,',466),
	(475,'2017-06-16 00:11:43','2017-06-16 00:11:43',0,9,'辽宁省沈阳市于洪区',2,'于洪区',',465,466,',466),
	(476,'2017-06-16 00:11:44','2017-06-16 00:11:44',0,10,'辽宁省沈阳市辽中县',2,'辽中县',',465,466,',466),
	(477,'2017-06-16 00:11:45','2017-06-16 00:11:45',0,11,'辽宁省沈阳市康平县',2,'康平县',',465,466,',466),
	(478,'2017-06-16 00:11:46','2017-06-16 00:11:46',0,12,'辽宁省沈阳市法库县',2,'法库县',',465,466,',466),
	(479,'2017-06-16 00:11:47','2017-06-16 00:11:47',0,13,'辽宁省沈阳市新民市',2,'新民市',',465,466,',466),
	(480,'2017-06-16 00:11:48','2017-06-16 00:11:48',0,2,'辽宁省大连市',1,'大连市',',465,',465),
	(481,'2017-06-16 00:11:49','2017-06-16 00:11:49',0,1,'辽宁省大连市中山区',2,'中山区',',465,480,',480),
	(482,'2017-06-16 00:11:50','2017-06-16 00:11:50',0,2,'辽宁省大连市西岗区',2,'西岗区',',465,480,',480),
	(483,'2017-06-16 00:11:51','2017-06-16 00:11:51',0,3,'辽宁省大连市沙河口区',2,'沙河口区',',465,480,',480),
	(484,'2017-06-16 00:11:52','2017-06-16 00:11:52',0,4,'辽宁省大连市甘井子区',2,'甘井子区',',465,480,',480),
	(485,'2017-06-16 00:11:53','2017-06-16 00:11:53',0,5,'辽宁省大连市旅顺口区',2,'旅顺口区',',465,480,',480),
	(486,'2017-06-16 00:11:54','2017-06-16 00:11:54',0,6,'辽宁省大连市金州区',2,'金州区',',465,480,',480),
	(487,'2017-06-16 00:11:55','2017-06-16 00:11:55',0,7,'辽宁省大连市长海县',2,'长海县',',465,480,',480),
	(488,'2017-06-16 00:11:56','2017-06-16 00:11:56',0,8,'辽宁省大连市瓦房店市',2,'瓦房店市',',465,480,',480),
	(489,'2017-06-16 00:11:57','2017-06-16 00:11:57',0,9,'辽宁省大连市普兰店市',2,'普兰店市',',465,480,',480),
	(490,'2017-06-16 00:11:58','2017-06-16 00:11:58',0,10,'辽宁省大连市庄河市',2,'庄河市',',465,480,',480),
	(491,'2017-06-16 00:11:59','2017-06-16 00:11:59',0,3,'辽宁省鞍山市',1,'鞍山市',',465,',465),
	(492,'2017-06-16 00:12:00','2017-06-16 00:12:00',0,1,'辽宁省鞍山市铁东区',2,'铁东区',',465,491,',491),
	(493,'2017-06-16 00:12:01','2017-06-16 00:12:01',0,2,'辽宁省鞍山市铁西区',2,'铁西区',',465,491,',491),
	(494,'2017-06-16 00:12:02','2017-06-16 00:12:02',0,3,'辽宁省鞍山市立山区',2,'立山区',',465,491,',491),
	(495,'2017-06-16 00:12:03','2017-06-16 00:12:03',0,4,'辽宁省鞍山市千山区',2,'千山区',',465,491,',491),
	(496,'2017-06-16 00:12:04','2017-06-16 00:12:04',0,5,'辽宁省鞍山市台安县',2,'台安县',',465,491,',491),
	(497,'2017-06-16 00:12:05','2017-06-16 00:12:05',0,6,'辽宁省鞍山市岫岩满族自治县',2,'岫岩满族自治县',',465,491,',491),
	(498,'2017-06-16 00:12:06','2017-06-16 00:12:06',0,7,'辽宁省鞍山市海城市',2,'海城市',',465,491,',491),
	(499,'2017-06-16 00:12:07','2017-06-16 00:12:07',0,4,'辽宁省抚顺市',1,'抚顺市',',465,',465),
	(500,'2017-06-16 00:12:08','2017-06-16 00:12:08',0,1,'辽宁省抚顺市新抚区',2,'新抚区',',465,499,',499),
	(501,'2017-06-16 00:12:09','2017-06-16 00:12:09',0,2,'辽宁省抚顺市东洲区',2,'东洲区',',465,499,',499),
	(502,'2017-06-16 00:12:10','2017-06-16 00:12:10',0,3,'辽宁省抚顺市望花区',2,'望花区',',465,499,',499),
	(503,'2017-06-16 00:12:11','2017-06-16 00:12:11',0,4,'辽宁省抚顺市顺城区',2,'顺城区',',465,499,',499),
	(504,'2017-06-16 00:12:12','2017-06-16 00:12:12',0,5,'辽宁省抚顺市抚顺县',2,'抚顺县',',465,499,',499),
	(505,'2017-06-16 00:12:13','2017-06-16 00:12:13',0,6,'辽宁省抚顺市新宾满族自治县',2,'新宾满族自治县',',465,499,',499),
	(506,'2017-06-16 00:12:14','2017-06-16 00:12:14',0,7,'辽宁省抚顺市清原满族自治县',2,'清原满族自治县',',465,499,',499),
	(507,'2017-06-16 00:12:15','2017-06-16 00:12:15',0,5,'辽宁省本溪市',1,'本溪市',',465,',465),
	(508,'2017-06-16 00:12:16','2017-06-16 00:12:16',0,1,'辽宁省本溪市平山区',2,'平山区',',465,507,',507),
	(509,'2017-06-16 00:12:17','2017-06-16 00:12:17',0,2,'辽宁省本溪市溪湖区',2,'溪湖区',',465,507,',507),
	(510,'2017-06-16 00:12:18','2017-06-16 00:12:18',0,3,'辽宁省本溪市明山区',2,'明山区',',465,507,',507),
	(511,'2017-06-16 00:12:19','2017-06-16 00:12:19',0,4,'辽宁省本溪市南芬区',2,'南芬区',',465,507,',507),
	(512,'2017-06-16 00:12:20','2017-06-16 00:12:20',0,5,'辽宁省本溪市本溪满族自治县',2,'本溪满族自治县',',465,507,',507),
	(513,'2017-06-16 00:12:21','2017-06-16 00:12:21',0,6,'辽宁省本溪市桓仁满族自治县',2,'桓仁满族自治县',',465,507,',507),
	(514,'2017-06-16 00:12:22','2017-06-16 00:12:22',0,6,'辽宁省丹东市',1,'丹东市',',465,',465),
	(515,'2017-06-16 00:12:23','2017-06-16 00:12:23',0,1,'辽宁省丹东市元宝区',2,'元宝区',',465,514,',514),
	(516,'2017-06-16 00:12:24','2017-06-16 00:12:24',0,2,'辽宁省丹东市振兴区',2,'振兴区',',465,514,',514),
	(517,'2017-06-16 00:12:25','2017-06-16 00:12:25',0,3,'辽宁省丹东市振安区',2,'振安区',',465,514,',514),
	(518,'2017-06-16 00:12:26','2017-06-16 00:12:26',0,4,'辽宁省丹东市宽甸满族自治县',2,'宽甸满族自治县',',465,514,',514),
	(519,'2017-06-16 00:12:27','2017-06-16 00:12:27',0,5,'辽宁省丹东市东港市',2,'东港市',',465,514,',514),
	(520,'2017-06-16 00:12:28','2017-06-16 00:12:28',0,6,'辽宁省丹东市凤城市',2,'凤城市',',465,514,',514),
	(521,'2017-06-16 00:12:29','2017-06-16 00:12:29',0,7,'辽宁省锦州市',1,'锦州市',',465,',465),
	(522,'2017-06-16 00:12:30','2017-06-16 00:12:30',0,1,'辽宁省锦州市古塔区',2,'古塔区',',465,521,',521),
	(523,'2017-06-16 00:12:31','2017-06-16 00:12:31',0,2,'辽宁省锦州市凌河区',2,'凌河区',',465,521,',521),
	(524,'2017-06-16 00:12:32','2017-06-16 00:12:32',0,3,'辽宁省锦州市太和区',2,'太和区',',465,521,',521),
	(525,'2017-06-16 00:12:33','2017-06-16 00:12:33',0,4,'辽宁省锦州市黑山县',2,'黑山县',',465,521,',521),
	(526,'2017-06-16 00:12:34','2017-06-16 00:12:34',0,5,'辽宁省锦州市义县',2,'义县',',465,521,',521),
	(527,'2017-06-16 00:12:35','2017-06-16 00:12:35',0,6,'辽宁省锦州市凌海市',2,'凌海市',',465,521,',521),
	(528,'2017-06-16 00:12:36','2017-06-16 00:12:36',0,7,'辽宁省锦州市北镇市',2,'北镇市',',465,521,',521),
	(529,'2017-06-16 00:12:37','2017-06-16 00:12:37',0,8,'辽宁省营口市',1,'营口市',',465,',465),
	(530,'2017-06-16 00:12:38','2017-06-16 00:12:38',0,1,'辽宁省营口市站前区',2,'站前区',',465,529,',529),
	(531,'2017-06-16 00:12:39','2017-06-16 00:12:39',0,2,'辽宁省营口市西市区',2,'西市区',',465,529,',529),
	(532,'2017-06-16 00:12:40','2017-06-16 00:12:40',0,3,'辽宁省营口市鲅鱼圈区',2,'鲅鱼圈区',',465,529,',529),
	(533,'2017-06-16 00:12:41','2017-06-16 00:12:41',0,4,'辽宁省营口市老边区',2,'老边区',',465,529,',529),
	(534,'2017-06-16 00:12:42','2017-06-16 00:12:42',0,5,'辽宁省营口市盖州市',2,'盖州市',',465,529,',529),
	(535,'2017-06-16 00:12:43','2017-06-16 00:12:43',0,6,'辽宁省营口市大石桥市',2,'大石桥市',',465,529,',529),
	(536,'2017-06-16 00:12:44','2017-06-16 00:12:44',0,9,'辽宁省阜新市',1,'阜新市',',465,',465),
	(537,'2017-06-16 00:12:45','2017-06-16 00:12:45',0,1,'辽宁省阜新市海州区',2,'海州区',',465,536,',536),
	(538,'2017-06-16 00:12:46','2017-06-16 00:12:46',0,2,'辽宁省阜新市新邱区',2,'新邱区',',465,536,',536),
	(539,'2017-06-16 00:12:47','2017-06-16 00:12:47',0,3,'辽宁省阜新市太平区',2,'太平区',',465,536,',536),
	(540,'2017-06-16 00:12:48','2017-06-16 00:12:48',0,4,'辽宁省阜新市清河门区',2,'清河门区',',465,536,',536),
	(541,'2017-06-16 00:12:49','2017-06-16 00:12:49',0,5,'辽宁省阜新市细河区',2,'细河区',',465,536,',536),
	(542,'2017-06-16 00:12:50','2017-06-16 00:12:50',0,6,'辽宁省阜新市阜新蒙古族自治县',2,'阜新蒙古族自治县',',465,536,',536),
	(543,'2017-06-16 00:12:51','2017-06-16 00:12:51',0,7,'辽宁省阜新市彰武县',2,'彰武县',',465,536,',536),
	(544,'2017-06-16 00:12:52','2017-06-16 00:12:52',0,10,'辽宁省辽阳市',1,'辽阳市',',465,',465),
	(545,'2017-06-16 00:12:53','2017-06-16 00:12:53',0,1,'辽宁省辽阳市白塔区',2,'白塔区',',465,544,',544),
	(546,'2017-06-16 00:12:54','2017-06-16 00:12:54',0,2,'辽宁省辽阳市文圣区',2,'文圣区',',465,544,',544),
	(547,'2017-06-16 00:12:55','2017-06-16 00:12:55',0,3,'辽宁省辽阳市宏伟区',2,'宏伟区',',465,544,',544),
	(548,'2017-06-16 00:12:56','2017-06-16 00:12:56',0,4,'辽宁省辽阳市弓长岭区',2,'弓长岭区',',465,544,',544),
	(549,'2017-06-16 00:12:57','2017-06-16 00:12:57',0,5,'辽宁省辽阳市太子河区',2,'太子河区',',465,544,',544),
	(550,'2017-06-16 00:12:58','2017-06-16 00:12:58',0,6,'辽宁省辽阳市辽阳县',2,'辽阳县',',465,544,',544),
	(551,'2017-06-16 00:12:59','2017-06-16 00:12:59',0,7,'辽宁省辽阳市灯塔市',2,'灯塔市',',465,544,',544),
	(552,'2017-06-16 00:13:00','2017-06-16 00:13:00',0,11,'辽宁省盘锦市',1,'盘锦市',',465,',465),
	(553,'2017-06-16 00:13:01','2017-06-16 00:13:01',0,1,'辽宁省盘锦市双台子区',2,'双台子区',',465,552,',552),
	(554,'2017-06-16 00:13:02','2017-06-16 00:13:02',0,2,'辽宁省盘锦市兴隆台区',2,'兴隆台区',',465,552,',552),
	(555,'2017-06-16 00:13:03','2017-06-16 00:13:03',0,3,'辽宁省盘锦市大洼县',2,'大洼县',',465,552,',552),
	(556,'2017-06-16 00:13:04','2017-06-16 00:13:04',0,4,'辽宁省盘锦市盘山县',2,'盘山县',',465,552,',552),
	(557,'2017-06-16 00:13:05','2017-06-16 00:13:05',0,12,'辽宁省铁岭市',1,'铁岭市',',465,',465),
	(558,'2017-06-16 00:13:06','2017-06-16 00:13:06',0,1,'辽宁省铁岭市银州区',2,'银州区',',465,557,',557),
	(559,'2017-06-16 00:13:07','2017-06-16 00:13:07',0,2,'辽宁省铁岭市清河区',2,'清河区',',465,557,',557),
	(560,'2017-06-16 00:13:08','2017-06-16 00:13:08',0,3,'辽宁省铁岭市铁岭县',2,'铁岭县',',465,557,',557),
	(561,'2017-06-16 00:13:09','2017-06-16 00:13:09',0,4,'辽宁省铁岭市西丰县',2,'西丰县',',465,557,',557),
	(562,'2017-06-16 00:13:10','2017-06-16 00:13:10',0,5,'辽宁省铁岭市昌图县',2,'昌图县',',465,557,',557),
	(563,'2017-06-16 00:13:11','2017-06-16 00:13:11',0,6,'辽宁省铁岭市调兵山市',2,'调兵山市',',465,557,',557),
	(564,'2017-06-16 00:13:12','2017-06-16 00:13:12',0,7,'辽宁省铁岭市开原市',2,'开原市',',465,557,',557),
	(565,'2017-06-16 00:13:13','2017-06-16 00:13:13',0,13,'辽宁省朝阳市',1,'朝阳市',',465,',465),
	(566,'2017-06-16 00:13:14','2017-06-16 00:13:14',0,1,'辽宁省朝阳市双塔区',2,'双塔区',',465,565,',565),
	(567,'2017-06-16 00:13:15','2017-06-16 00:13:15',0,2,'辽宁省朝阳市龙城区',2,'龙城区',',465,565,',565),
	(568,'2017-06-16 00:13:16','2017-06-16 00:13:16',0,3,'辽宁省朝阳市朝阳县',2,'朝阳县',',465,565,',565),
	(569,'2017-06-16 00:13:17','2017-06-16 00:13:17',0,4,'辽宁省朝阳市建平县',2,'建平县',',465,565,',565),
	(570,'2017-06-16 00:13:18','2017-06-16 00:13:18',0,5,'辽宁省朝阳市喀喇沁左翼蒙古族自治县',2,'喀喇沁左翼蒙古族自治县',',465,565,',565),
	(571,'2017-06-16 00:13:19','2017-06-16 00:13:19',0,6,'辽宁省朝阳市北票市',2,'北票市',',465,565,',565),
	(572,'2017-06-16 00:13:20','2017-06-16 00:13:20',0,7,'辽宁省朝阳市凌源市',2,'凌源市',',465,565,',565),
	(573,'2017-06-16 00:13:21','2017-06-16 00:13:21',0,14,'辽宁省葫芦岛市',1,'葫芦岛市',',465,',465),
	(574,'2017-06-16 00:13:22','2017-06-16 00:13:22',0,1,'辽宁省葫芦岛市连山区',2,'连山区',',465,573,',573),
	(575,'2017-06-16 00:13:23','2017-06-16 00:13:23',0,2,'辽宁省葫芦岛市龙港区',2,'龙港区',',465,573,',573),
	(576,'2017-06-16 00:13:24','2017-06-16 00:13:24',0,3,'辽宁省葫芦岛市南票区',2,'南票区',',465,573,',573),
	(577,'2017-06-16 00:13:25','2017-06-16 00:13:25',0,4,'辽宁省葫芦岛市绥中县',2,'绥中县',',465,573,',573),
	(578,'2017-06-16 00:13:26','2017-06-16 00:13:26',0,5,'辽宁省葫芦岛市建昌县',2,'建昌县',',465,573,',573),
	(579,'2017-06-16 00:13:27','2017-06-16 00:13:27',0,6,'辽宁省葫芦岛市兴城市',2,'兴城市',',465,573,',573),
	(580,'2017-06-16 00:13:28','2017-06-16 00:13:28',0,7,'吉林省',0,'吉林省',',',NULL),
	(581,'2017-06-16 00:13:29','2017-06-16 00:13:29',0,1,'吉林省长春市',1,'长春市',',580,',580),
	(582,'2017-06-16 00:13:30','2017-06-16 00:13:30',0,1,'吉林省长春市南关区',2,'南关区',',580,581,',581),
	(583,'2017-06-16 00:13:31','2017-06-16 00:13:31',0,2,'吉林省长春市宽城区',2,'宽城区',',580,581,',581),
	(584,'2017-06-16 00:13:32','2017-06-16 00:13:32',0,3,'吉林省长春市朝阳区',2,'朝阳区',',580,581,',581),
	(585,'2017-06-16 00:13:33','2017-06-16 00:13:33',0,4,'吉林省长春市二道区',2,'二道区',',580,581,',581),
	(586,'2017-06-16 00:13:34','2017-06-16 00:13:34',0,5,'吉林省长春市绿园区',2,'绿园区',',580,581,',581),
	(587,'2017-06-16 00:13:35','2017-06-16 00:13:35',0,6,'吉林省长春市双阳区',2,'双阳区',',580,581,',581),
	(588,'2017-06-16 00:13:36','2017-06-16 00:13:36',0,7,'吉林省长春市农安县',2,'农安县',',580,581,',581),
	(589,'2017-06-16 00:13:37','2017-06-16 00:13:37',0,8,'吉林省长春市九台市',2,'九台市',',580,581,',581),
	(590,'2017-06-16 00:13:38','2017-06-16 00:13:38',0,9,'吉林省长春市榆树市',2,'榆树市',',580,581,',581),
	(591,'2017-06-16 00:13:39','2017-06-16 00:13:39',0,10,'吉林省长春市德惠市',2,'德惠市',',580,581,',581),
	(592,'2017-06-16 00:13:40','2017-06-16 00:13:40',0,2,'吉林省吉林市',1,'吉林市',',580,',580),
	(593,'2017-06-16 00:13:41','2017-06-16 00:13:41',0,1,'吉林省吉林市昌邑区',2,'昌邑区',',580,592,',592),
	(594,'2017-06-16 00:13:42','2017-06-16 00:13:42',0,2,'吉林省吉林市龙潭区',2,'龙潭区',',580,592,',592),
	(595,'2017-06-16 00:13:43','2017-06-16 00:13:43',0,3,'吉林省吉林市船营区',2,'船营区',',580,592,',592),
	(596,'2017-06-16 00:13:44','2017-06-16 00:13:44',0,4,'吉林省吉林市丰满区',2,'丰满区',',580,592,',592),
	(597,'2017-06-16 00:13:45','2017-06-16 00:13:45',0,5,'吉林省吉林市永吉县',2,'永吉县',',580,592,',592),
	(598,'2017-06-16 00:13:46','2017-06-16 00:13:46',0,6,'吉林省吉林市蛟河市',2,'蛟河市',',580,592,',592),
	(599,'2017-06-16 00:13:47','2017-06-16 00:13:47',0,7,'吉林省吉林市桦甸市',2,'桦甸市',',580,592,',592),
	(600,'2017-06-16 00:13:48','2017-06-16 00:13:48',0,8,'吉林省吉林市舒兰市',2,'舒兰市',',580,592,',592),
	(601,'2017-06-16 00:13:49','2017-06-16 00:13:49',0,9,'吉林省吉林市磐石市',2,'磐石市',',580,592,',592),
	(602,'2017-06-16 00:13:50','2017-06-16 00:13:50',0,3,'吉林省四平市',1,'四平市',',580,',580),
	(603,'2017-06-16 00:13:51','2017-06-16 00:13:51',0,1,'吉林省四平市铁西区',2,'铁西区',',580,602,',602),
	(604,'2017-06-16 00:13:52','2017-06-16 00:13:52',0,2,'吉林省四平市铁东区',2,'铁东区',',580,602,',602),
	(605,'2017-06-16 00:13:53','2017-06-16 00:13:53',0,3,'吉林省四平市梨树县',2,'梨树县',',580,602,',602),
	(606,'2017-06-16 00:13:54','2017-06-16 00:13:54',0,4,'吉林省四平市伊通满族自治县',2,'伊通满族自治县',',580,602,',602),
	(607,'2017-06-16 00:13:55','2017-06-16 00:13:55',0,5,'吉林省四平市公主岭市',2,'公主岭市',',580,602,',602),
	(608,'2017-06-16 00:13:56','2017-06-16 00:13:56',0,6,'吉林省四平市双辽市',2,'双辽市',',580,602,',602),
	(609,'2017-06-16 00:13:57','2017-06-16 00:13:57',0,4,'吉林省辽源市',1,'辽源市',',580,',580),
	(610,'2017-06-16 00:13:58','2017-06-16 00:13:58',0,1,'吉林省辽源市龙山区',2,'龙山区',',580,609,',609),
	(611,'2017-06-16 00:13:59','2017-06-16 00:13:59',0,2,'吉林省辽源市西安区',2,'西安区',',580,609,',609),
	(612,'2017-06-16 00:14:00','2017-06-16 00:14:00',0,3,'吉林省辽源市东丰县',2,'东丰县',',580,609,',609),
	(613,'2017-06-16 00:14:01','2017-06-16 00:14:01',0,4,'吉林省辽源市东辽县',2,'东辽县',',580,609,',609),
	(614,'2017-06-16 00:14:02','2017-06-16 00:14:02',0,5,'吉林省通化市',1,'通化市',',580,',580),
	(615,'2017-06-16 00:14:03','2017-06-16 00:14:03',0,1,'吉林省通化市东昌区',2,'东昌区',',580,614,',614),
	(616,'2017-06-16 00:14:04','2017-06-16 00:14:04',0,2,'吉林省通化市二道江区',2,'二道江区',',580,614,',614),
	(617,'2017-06-16 00:14:05','2017-06-16 00:14:05',0,3,'吉林省通化市通化县',2,'通化县',',580,614,',614),
	(618,'2017-06-16 00:14:06','2017-06-16 00:14:06',0,4,'吉林省通化市辉南县',2,'辉南县',',580,614,',614),
	(619,'2017-06-16 00:14:07','2017-06-16 00:14:07',0,5,'吉林省通化市柳河县',2,'柳河县',',580,614,',614),
	(620,'2017-06-16 00:14:08','2017-06-16 00:14:08',0,6,'吉林省通化市梅河口市',2,'梅河口市',',580,614,',614),
	(621,'2017-06-16 00:14:09','2017-06-16 00:14:09',0,7,'吉林省通化市集安市',2,'集安市',',580,614,',614),
	(622,'2017-06-16 00:14:10','2017-06-16 00:14:10',0,6,'吉林省白山市',1,'白山市',',580,',580),
	(623,'2017-06-16 00:14:11','2017-06-16 00:14:11',0,1,'吉林省白山市浑江区',2,'浑江区',',580,622,',622),
	(624,'2017-06-16 00:14:12','2017-06-16 00:14:12',0,2,'吉林省白山市江源区',2,'江源区',',580,622,',622),
	(625,'2017-06-16 00:14:13','2017-06-16 00:14:13',0,3,'吉林省白山市抚松县',2,'抚松县',',580,622,',622),
	(626,'2017-06-16 00:14:14','2017-06-16 00:14:14',0,4,'吉林省白山市靖宇县',2,'靖宇县',',580,622,',622),
	(627,'2017-06-16 00:14:15','2017-06-16 00:14:15',0,5,'吉林省白山市长白朝鲜族自治县',2,'长白朝鲜族自治县',',580,622,',622),
	(628,'2017-06-16 00:14:16','2017-06-16 00:14:16',0,6,'吉林省白山市临江市',2,'临江市',',580,622,',622),
	(629,'2017-06-16 00:14:17','2017-06-16 00:14:17',0,7,'吉林省松原市',1,'松原市',',580,',580),
	(630,'2017-06-16 00:14:18','2017-06-16 00:14:18',0,1,'吉林省松原市宁江区',2,'宁江区',',580,629,',629),
	(631,'2017-06-16 00:14:19','2017-06-16 00:14:19',0,2,'吉林省松原市前郭尔罗斯蒙古族自治县',2,'前郭尔罗斯蒙古族自治县',',580,629,',629),
	(632,'2017-06-16 00:14:20','2017-06-16 00:14:20',0,3,'吉林省松原市长岭县',2,'长岭县',',580,629,',629),
	(633,'2017-06-16 00:14:21','2017-06-16 00:14:21',0,4,'吉林省松原市乾安县',2,'乾安县',',580,629,',629),
	(634,'2017-06-16 00:14:22','2017-06-16 00:14:22',0,5,'吉林省松原市扶余市',2,'扶余市',',580,629,',629),
	(635,'2017-06-16 00:14:23','2017-06-16 00:14:23',0,8,'吉林省白城市',1,'白城市',',580,',580),
	(636,'2017-06-16 00:14:24','2017-06-16 00:14:24',0,1,'吉林省白城市洮北区',2,'洮北区',',580,635,',635),
	(637,'2017-06-16 00:14:25','2017-06-16 00:14:25',0,2,'吉林省白城市镇赉县',2,'镇赉县',',580,635,',635),
	(638,'2017-06-16 00:14:26','2017-06-16 00:14:26',0,3,'吉林省白城市通榆县',2,'通榆县',',580,635,',635),
	(639,'2017-06-16 00:14:27','2017-06-16 00:14:27',0,4,'吉林省白城市洮南市',2,'洮南市',',580,635,',635),
	(640,'2017-06-16 00:14:28','2017-06-16 00:14:28',0,5,'吉林省白城市大安市',2,'大安市',',580,635,',635),
	(641,'2017-06-16 00:14:29','2017-06-16 00:14:29',0,9,'吉林省延边朝鲜族自治州',1,'延边朝鲜族自治州',',580,',580),
	(642,'2017-06-16 00:14:30','2017-06-16 00:14:30',0,1,'吉林省延边朝鲜族自治州延吉市',2,'延吉市',',580,641,',641),
	(643,'2017-06-16 00:14:31','2017-06-16 00:14:31',0,2,'吉林省延边朝鲜族自治州图们市',2,'图们市',',580,641,',641),
	(644,'2017-06-16 00:14:32','2017-06-16 00:14:32',0,3,'吉林省延边朝鲜族自治州敦化市',2,'敦化市',',580,641,',641),
	(645,'2017-06-16 00:14:33','2017-06-16 00:14:33',0,4,'吉林省延边朝鲜族自治州珲春市',2,'珲春市',',580,641,',641),
	(646,'2017-06-16 00:14:34','2017-06-16 00:14:34',0,5,'吉林省延边朝鲜族自治州龙井市',2,'龙井市',',580,641,',641),
	(647,'2017-06-16 00:14:35','2017-06-16 00:14:35',0,6,'吉林省延边朝鲜族自治州和龙市',2,'和龙市',',580,641,',641),
	(648,'2017-06-16 00:14:36','2017-06-16 00:14:36',0,7,'吉林省延边朝鲜族自治州汪清县',2,'汪清县',',580,641,',641),
	(649,'2017-06-16 00:14:37','2017-06-16 00:14:37',0,8,'吉林省延边朝鲜族自治州安图县',2,'安图县',',580,641,',641),
	(650,'2017-06-16 00:14:38','2017-06-16 00:14:38',0,8,'黑龙江省',0,'黑龙江省',',',NULL),
	(651,'2017-06-16 00:14:39','2017-06-16 00:14:39',0,1,'黑龙江省哈尔滨市',1,'哈尔滨市',',650,',650),
	(652,'2017-06-16 00:14:40','2017-06-16 00:14:40',0,1,'黑龙江省哈尔滨市道里区',2,'道里区',',650,651,',651),
	(653,'2017-06-16 00:14:41','2017-06-16 00:14:41',0,2,'黑龙江省哈尔滨市南岗区',2,'南岗区',',650,651,',651),
	(654,'2017-06-16 00:14:42','2017-06-16 00:14:42',0,3,'黑龙江省哈尔滨市道外区',2,'道外区',',650,651,',651),
	(655,'2017-06-16 00:14:43','2017-06-16 00:14:43',0,4,'黑龙江省哈尔滨市平房区',2,'平房区',',650,651,',651),
	(656,'2017-06-16 00:14:44','2017-06-16 00:14:44',0,5,'黑龙江省哈尔滨市松北区',2,'松北区',',650,651,',651),
	(657,'2017-06-16 00:14:45','2017-06-16 00:14:45',0,6,'黑龙江省哈尔滨市香坊区',2,'香坊区',',650,651,',651),
	(658,'2017-06-16 00:14:46','2017-06-16 00:14:46',0,7,'黑龙江省哈尔滨市呼兰区',2,'呼兰区',',650,651,',651),
	(659,'2017-06-16 00:14:47','2017-06-16 00:14:47',0,8,'黑龙江省哈尔滨市阿城区',2,'阿城区',',650,651,',651),
	(660,'2017-06-16 00:14:48','2017-06-16 00:14:48',0,9,'黑龙江省哈尔滨市依兰县',2,'依兰县',',650,651,',651),
	(661,'2017-06-16 00:14:49','2017-06-16 00:14:49',0,10,'黑龙江省哈尔滨市方正县',2,'方正县',',650,651,',651),
	(662,'2017-06-16 00:14:50','2017-06-16 00:14:50',0,11,'黑龙江省哈尔滨市宾县',2,'宾县',',650,651,',651),
	(663,'2017-06-16 00:14:51','2017-06-16 00:14:51',0,12,'黑龙江省哈尔滨市巴彦县',2,'巴彦县',',650,651,',651),
	(664,'2017-06-16 00:14:52','2017-06-16 00:14:52',0,13,'黑龙江省哈尔滨市木兰县',2,'木兰县',',650,651,',651),
	(665,'2017-06-16 00:14:53','2017-06-16 00:14:53',0,14,'黑龙江省哈尔滨市通河县',2,'通河县',',650,651,',651),
	(666,'2017-06-16 00:14:54','2017-06-16 00:14:54',0,15,'黑龙江省哈尔滨市延寿县',2,'延寿县',',650,651,',651),
	(667,'2017-06-16 00:14:55','2017-06-16 00:14:55',0,16,'黑龙江省哈尔滨市双城市',2,'双城市',',650,651,',651),
	(668,'2017-06-16 00:14:56','2017-06-16 00:14:56',0,17,'黑龙江省哈尔滨市尚志市',2,'尚志市',',650,651,',651),
	(669,'2017-06-16 00:14:57','2017-06-16 00:14:57',0,18,'黑龙江省哈尔滨市五常市',2,'五常市',',650,651,',651),
	(670,'2017-06-16 00:14:58','2017-06-16 00:14:58',0,2,'黑龙江省齐齐哈尔市',1,'齐齐哈尔市',',650,',650),
	(671,'2017-06-16 00:14:59','2017-06-16 00:14:59',0,1,'黑龙江省齐齐哈尔市龙沙区',2,'龙沙区',',650,670,',670),
	(672,'2017-06-16 00:15:00','2017-06-16 00:15:00',0,2,'黑龙江省齐齐哈尔市建华区',2,'建华区',',650,670,',670),
	(673,'2017-06-16 00:15:01','2017-06-16 00:15:01',0,3,'黑龙江省齐齐哈尔市铁锋区',2,'铁锋区',',650,670,',670),
	(674,'2017-06-16 00:15:02','2017-06-16 00:15:02',0,4,'黑龙江省齐齐哈尔市昂昂溪区',2,'昂昂溪区',',650,670,',670),
	(675,'2017-06-16 00:15:03','2017-06-16 00:15:03',0,5,'黑龙江省齐齐哈尔市富拉尔基区',2,'富拉尔基区',',650,670,',670),
	(676,'2017-06-16 00:15:04','2017-06-16 00:15:04',0,6,'黑龙江省齐齐哈尔市碾子山区',2,'碾子山区',',650,670,',670),
	(677,'2017-06-16 00:15:05','2017-06-16 00:15:05',0,7,'黑龙江省齐齐哈尔市梅里斯达斡尔族区',2,'梅里斯达斡尔族区',',650,670,',670),
	(678,'2017-06-16 00:15:06','2017-06-16 00:15:06',0,8,'黑龙江省齐齐哈尔市龙江县',2,'龙江县',',650,670,',670),
	(679,'2017-06-16 00:15:07','2017-06-16 00:15:07',0,9,'黑龙江省齐齐哈尔市依安县',2,'依安县',',650,670,',670),
	(680,'2017-06-16 00:15:08','2017-06-16 00:15:08',0,10,'黑龙江省齐齐哈尔市泰来县',2,'泰来县',',650,670,',670),
	(681,'2017-06-16 00:15:09','2017-06-16 00:15:09',0,11,'黑龙江省齐齐哈尔市甘南县',2,'甘南县',',650,670,',670),
	(682,'2017-06-16 00:15:10','2017-06-16 00:15:10',0,12,'黑龙江省齐齐哈尔市富裕县',2,'富裕县',',650,670,',670),
	(683,'2017-06-16 00:15:11','2017-06-16 00:15:11',0,13,'黑龙江省齐齐哈尔市克山县',2,'克山县',',650,670,',670),
	(684,'2017-06-16 00:15:12','2017-06-16 00:15:12',0,14,'黑龙江省齐齐哈尔市克东县',2,'克东县',',650,670,',670),
	(685,'2017-06-16 00:15:13','2017-06-16 00:15:13',0,15,'黑龙江省齐齐哈尔市拜泉县',2,'拜泉县',',650,670,',670),
	(686,'2017-06-16 00:15:14','2017-06-16 00:15:14',0,16,'黑龙江省齐齐哈尔市讷河市',2,'讷河市',',650,670,',670),
	(687,'2017-06-16 00:15:15','2017-06-16 00:15:15',0,3,'黑龙江省鸡西市',1,'鸡西市',',650,',650),
	(688,'2017-06-16 00:15:16','2017-06-16 00:15:16',0,1,'黑龙江省鸡西市鸡冠区',2,'鸡冠区',',650,687,',687),
	(689,'2017-06-16 00:15:17','2017-06-16 00:15:17',0,2,'黑龙江省鸡西市恒山区',2,'恒山区',',650,687,',687),
	(690,'2017-06-16 00:15:18','2017-06-16 00:15:18',0,3,'黑龙江省鸡西市滴道区',2,'滴道区',',650,687,',687),
	(691,'2017-06-16 00:15:19','2017-06-16 00:15:19',0,4,'黑龙江省鸡西市梨树区',2,'梨树区',',650,687,',687),
	(692,'2017-06-16 00:15:20','2017-06-16 00:15:20',0,5,'黑龙江省鸡西市城子河区',2,'城子河区',',650,687,',687),
	(693,'2017-06-16 00:15:21','2017-06-16 00:15:21',0,6,'黑龙江省鸡西市麻山区',2,'麻山区',',650,687,',687),
	(694,'2017-06-16 00:15:22','2017-06-16 00:15:22',0,7,'黑龙江省鸡西市鸡东县',2,'鸡东县',',650,687,',687),
	(695,'2017-06-16 00:15:23','2017-06-16 00:15:23',0,8,'黑龙江省鸡西市虎林市',2,'虎林市',',650,687,',687),
	(696,'2017-06-16 00:15:24','2017-06-16 00:15:24',0,9,'黑龙江省鸡西市密山市',2,'密山市',',650,687,',687),
	(697,'2017-06-16 00:15:25','2017-06-16 00:15:25',0,4,'黑龙江省鹤岗市',1,'鹤岗市',',650,',650),
	(698,'2017-06-16 00:15:26','2017-06-16 00:15:26',0,1,'黑龙江省鹤岗市向阳区',2,'向阳区',',650,697,',697),
	(699,'2017-06-16 00:15:27','2017-06-16 00:15:27',0,2,'黑龙江省鹤岗市工农区',2,'工农区',',650,697,',697),
	(700,'2017-06-16 00:15:28','2017-06-16 00:15:28',0,3,'黑龙江省鹤岗市南山区',2,'南山区',',650,697,',697),
	(701,'2017-06-16 00:15:29','2017-06-16 00:15:29',0,4,'黑龙江省鹤岗市兴安区',2,'兴安区',',650,697,',697),
	(702,'2017-06-16 00:15:30','2017-06-16 00:15:30',0,5,'黑龙江省鹤岗市东山区',2,'东山区',',650,697,',697),
	(703,'2017-06-16 00:15:31','2017-06-16 00:15:31',0,6,'黑龙江省鹤岗市兴山区',2,'兴山区',',650,697,',697),
	(704,'2017-06-16 00:15:32','2017-06-16 00:15:32',0,7,'黑龙江省鹤岗市萝北县',2,'萝北县',',650,697,',697),
	(705,'2017-06-16 00:15:33','2017-06-16 00:15:33',0,8,'黑龙江省鹤岗市绥滨县',2,'绥滨县',',650,697,',697),
	(706,'2017-06-16 00:15:34','2017-06-16 00:15:34',0,5,'黑龙江省双鸭山市',1,'双鸭山市',',650,',650),
	(707,'2017-06-16 00:15:35','2017-06-16 00:15:35',0,1,'黑龙江省双鸭山市尖山区',2,'尖山区',',650,706,',706),
	(708,'2017-06-16 00:15:36','2017-06-16 00:15:36',0,2,'黑龙江省双鸭山市岭东区',2,'岭东区',',650,706,',706),
	(709,'2017-06-16 00:15:37','2017-06-16 00:15:37',0,3,'黑龙江省双鸭山市四方台区',2,'四方台区',',650,706,',706),
	(710,'2017-06-16 00:15:38','2017-06-16 00:15:38',0,4,'黑龙江省双鸭山市宝山区',2,'宝山区',',650,706,',706),
	(711,'2017-06-16 00:15:39','2017-06-16 00:15:39',0,5,'黑龙江省双鸭山市集贤县',2,'集贤县',',650,706,',706),
	(712,'2017-06-16 00:15:40','2017-06-16 00:15:40',0,6,'黑龙江省双鸭山市友谊县',2,'友谊县',',650,706,',706),
	(713,'2017-06-16 00:15:41','2017-06-16 00:15:41',0,7,'黑龙江省双鸭山市宝清县',2,'宝清县',',650,706,',706),
	(714,'2017-06-16 00:15:42','2017-06-16 00:15:42',0,8,'黑龙江省双鸭山市饶河县',2,'饶河县',',650,706,',706),
	(715,'2017-06-16 00:15:43','2017-06-16 00:15:43',0,6,'黑龙江省大庆市',1,'大庆市',',650,',650),
	(716,'2017-06-16 00:15:44','2017-06-16 00:15:44',0,1,'黑龙江省大庆市萨尔图区',2,'萨尔图区',',650,715,',715),
	(717,'2017-06-16 00:15:45','2017-06-16 00:15:45',0,2,'黑龙江省大庆市龙凤区',2,'龙凤区',',650,715,',715),
	(718,'2017-06-16 00:15:46','2017-06-16 00:15:46',0,3,'黑龙江省大庆市让胡路区',2,'让胡路区',',650,715,',715),
	(719,'2017-06-16 00:15:47','2017-06-16 00:15:47',0,4,'黑龙江省大庆市红岗区',2,'红岗区',',650,715,',715),
	(720,'2017-06-16 00:15:48','2017-06-16 00:15:48',0,5,'黑龙江省大庆市大同区',2,'大同区',',650,715,',715),
	(721,'2017-06-16 00:15:49','2017-06-16 00:15:49',0,6,'黑龙江省大庆市肇州县',2,'肇州县',',650,715,',715),
	(722,'2017-06-16 00:15:50','2017-06-16 00:15:50',0,7,'黑龙江省大庆市肇源县',2,'肇源县',',650,715,',715),
	(723,'2017-06-16 00:15:51','2017-06-16 00:15:51',0,8,'黑龙江省大庆市林甸县',2,'林甸县',',650,715,',715),
	(724,'2017-06-16 00:15:52','2017-06-16 00:15:52',0,9,'黑龙江省大庆市杜尔伯特蒙古族自治县',2,'杜尔伯特蒙古族自治县',',650,715,',715),
	(725,'2017-06-16 00:15:53','2017-06-16 00:15:53',0,7,'黑龙江省伊春市',1,'伊春市',',650,',650),
	(726,'2017-06-16 00:15:54','2017-06-16 00:15:54',0,1,'黑龙江省伊春市伊春区',2,'伊春区',',650,725,',725),
	(727,'2017-06-16 00:15:55','2017-06-16 00:15:55',0,2,'黑龙江省伊春市南岔区',2,'南岔区',',650,725,',725),
	(728,'2017-06-16 00:15:56','2017-06-16 00:15:56',0,3,'黑龙江省伊春市友好区',2,'友好区',',650,725,',725),
	(729,'2017-06-16 00:15:57','2017-06-16 00:15:57',0,4,'黑龙江省伊春市西林区',2,'西林区',',650,725,',725),
	(730,'2017-06-16 00:15:58','2017-06-16 00:15:58',0,5,'黑龙江省伊春市翠峦区',2,'翠峦区',',650,725,',725),
	(731,'2017-06-16 00:15:59','2017-06-16 00:15:59',0,6,'黑龙江省伊春市新青区',2,'新青区',',650,725,',725),
	(732,'2017-06-16 00:16:00','2017-06-16 00:16:00',0,7,'黑龙江省伊春市美溪区',2,'美溪区',',650,725,',725),
	(733,'2017-06-16 00:16:01','2017-06-16 00:16:01',0,8,'黑龙江省伊春市金山屯区',2,'金山屯区',',650,725,',725),
	(734,'2017-06-16 00:16:02','2017-06-16 00:16:02',0,9,'黑龙江省伊春市五营区',2,'五营区',',650,725,',725),
	(735,'2017-06-16 00:16:03','2017-06-16 00:16:03',0,10,'黑龙江省伊春市乌马河区',2,'乌马河区',',650,725,',725),
	(736,'2017-06-16 00:16:04','2017-06-16 00:16:04',0,11,'黑龙江省伊春市汤旺河区',2,'汤旺河区',',650,725,',725),
	(737,'2017-06-16 00:16:05','2017-06-16 00:16:05',0,12,'黑龙江省伊春市带岭区',2,'带岭区',',650,725,',725),
	(738,'2017-06-16 00:16:06','2017-06-16 00:16:06',0,13,'黑龙江省伊春市乌伊岭区',2,'乌伊岭区',',650,725,',725),
	(739,'2017-06-16 00:16:07','2017-06-16 00:16:07',0,14,'黑龙江省伊春市红星区',2,'红星区',',650,725,',725),
	(740,'2017-06-16 00:16:08','2017-06-16 00:16:08',0,15,'黑龙江省伊春市上甘岭区',2,'上甘岭区',',650,725,',725),
	(741,'2017-06-16 00:16:09','2017-06-16 00:16:09',0,16,'黑龙江省伊春市嘉荫县',2,'嘉荫县',',650,725,',725),
	(742,'2017-06-16 00:16:10','2017-06-16 00:16:10',0,17,'黑龙江省伊春市铁力市',2,'铁力市',',650,725,',725),
	(743,'2017-06-16 00:16:11','2017-06-16 00:16:11',0,8,'黑龙江省佳木斯市',1,'佳木斯市',',650,',650),
	(744,'2017-06-16 00:16:12','2017-06-16 00:16:12',0,1,'黑龙江省佳木斯市向阳区',2,'向阳区',',650,743,',743),
	(745,'2017-06-16 00:16:13','2017-06-16 00:16:13',0,2,'黑龙江省佳木斯市前进区',2,'前进区',',650,743,',743),
	(746,'2017-06-16 00:16:14','2017-06-16 00:16:14',0,3,'黑龙江省佳木斯市东风区',2,'东风区',',650,743,',743),
	(747,'2017-06-16 00:16:15','2017-06-16 00:16:15',0,4,'黑龙江省佳木斯市郊区',2,'郊区',',650,743,',743),
	(748,'2017-06-16 00:16:16','2017-06-16 00:16:16',0,5,'黑龙江省佳木斯市桦南县',2,'桦南县',',650,743,',743),
	(749,'2017-06-16 00:16:17','2017-06-16 00:16:17',0,6,'黑龙江省佳木斯市桦川县',2,'桦川县',',650,743,',743),
	(750,'2017-06-16 00:16:18','2017-06-16 00:16:18',0,7,'黑龙江省佳木斯市汤原县',2,'汤原县',',650,743,',743),
	(751,'2017-06-16 00:16:19','2017-06-16 00:16:19',0,8,'黑龙江省佳木斯市抚远县',2,'抚远县',',650,743,',743),
	(752,'2017-06-16 00:16:20','2017-06-16 00:16:20',0,9,'黑龙江省佳木斯市同江市',2,'同江市',',650,743,',743),
	(753,'2017-06-16 00:16:21','2017-06-16 00:16:21',0,10,'黑龙江省佳木斯市富锦市',2,'富锦市',',650,743,',743),
	(754,'2017-06-16 00:16:22','2017-06-16 00:16:22',0,9,'黑龙江省七台河市',1,'七台河市',',650,',650),
	(755,'2017-06-16 00:16:23','2017-06-16 00:16:23',0,1,'黑龙江省七台河市新兴区',2,'新兴区',',650,754,',754),
	(756,'2017-06-16 00:16:24','2017-06-16 00:16:24',0,2,'黑龙江省七台河市桃山区',2,'桃山区',',650,754,',754),
	(757,'2017-06-16 00:16:25','2017-06-16 00:16:25',0,3,'黑龙江省七台河市茄子河区',2,'茄子河区',',650,754,',754),
	(758,'2017-06-16 00:16:26','2017-06-16 00:16:26',0,4,'黑龙江省七台河市勃利县',2,'勃利县',',650,754,',754),
	(759,'2017-06-16 00:16:27','2017-06-16 00:16:27',0,10,'黑龙江省牡丹江市',1,'牡丹江市',',650,',650),
	(760,'2017-06-16 00:16:28','2017-06-16 00:16:28',0,1,'黑龙江省牡丹江市东安区',2,'东安区',',650,759,',759),
	(761,'2017-06-16 00:16:29','2017-06-16 00:16:29',0,2,'黑龙江省牡丹江市阳明区',2,'阳明区',',650,759,',759),
	(762,'2017-06-16 00:16:30','2017-06-16 00:16:30',0,3,'黑龙江省牡丹江市爱民区',2,'爱民区',',650,759,',759),
	(763,'2017-06-16 00:16:31','2017-06-16 00:16:31',0,4,'黑龙江省牡丹江市西安区',2,'西安区',',650,759,',759),
	(764,'2017-06-16 00:16:32','2017-06-16 00:16:32',0,5,'黑龙江省牡丹江市东宁县',2,'东宁县',',650,759,',759),
	(765,'2017-06-16 00:16:33','2017-06-16 00:16:33',0,6,'黑龙江省牡丹江市林口县',2,'林口县',',650,759,',759),
	(766,'2017-06-16 00:16:34','2017-06-16 00:16:34',0,7,'黑龙江省牡丹江市绥芬河市',2,'绥芬河市',',650,759,',759),
	(767,'2017-06-16 00:16:35','2017-06-16 00:16:35',0,8,'黑龙江省牡丹江市海林市',2,'海林市',',650,759,',759),
	(768,'2017-06-16 00:16:36','2017-06-16 00:16:36',0,9,'黑龙江省牡丹江市宁安市',2,'宁安市',',650,759,',759),
	(769,'2017-06-16 00:16:37','2017-06-16 00:16:37',0,10,'黑龙江省牡丹江市穆棱市',2,'穆棱市',',650,759,',759),
	(770,'2017-06-16 00:16:38','2017-06-16 00:16:38',0,11,'黑龙江省黑河市',1,'黑河市',',650,',650),
	(771,'2017-06-16 00:16:39','2017-06-16 00:16:39',0,1,'黑龙江省黑河市爱辉区',2,'爱辉区',',650,770,',770),
	(772,'2017-06-16 00:16:40','2017-06-16 00:16:40',0,2,'黑龙江省黑河市嫩江县',2,'嫩江县',',650,770,',770),
	(773,'2017-06-16 00:16:41','2017-06-16 00:16:41',0,3,'黑龙江省黑河市逊克县',2,'逊克县',',650,770,',770),
	(774,'2017-06-16 00:16:42','2017-06-16 00:16:42',0,4,'黑龙江省黑河市孙吴县',2,'孙吴县',',650,770,',770),
	(775,'2017-06-16 00:16:43','2017-06-16 00:16:43',0,5,'黑龙江省黑河市北安市',2,'北安市',',650,770,',770),
	(776,'2017-06-16 00:16:44','2017-06-16 00:16:44',0,6,'黑龙江省黑河市五大连池市',2,'五大连池市',',650,770,',770),
	(777,'2017-06-16 00:16:45','2017-06-16 00:16:45',0,12,'黑龙江省绥化市',1,'绥化市',',650,',650),
	(778,'2017-06-16 00:16:46','2017-06-16 00:16:46',0,1,'黑龙江省绥化市北林区',2,'北林区',',650,777,',777),
	(779,'2017-06-16 00:16:47','2017-06-16 00:16:47',0,2,'黑龙江省绥化市望奎县',2,'望奎县',',650,777,',777),
	(780,'2017-06-16 00:16:48','2017-06-16 00:16:48',0,3,'黑龙江省绥化市兰西县',2,'兰西县',',650,777,',777),
	(781,'2017-06-16 00:16:49','2017-06-16 00:16:49',0,4,'黑龙江省绥化市青冈县',2,'青冈县',',650,777,',777),
	(782,'2017-06-16 00:16:50','2017-06-16 00:16:50',0,5,'黑龙江省绥化市庆安县',2,'庆安县',',650,777,',777),
	(783,'2017-06-16 00:16:51','2017-06-16 00:16:51',0,6,'黑龙江省绥化市明水县',2,'明水县',',650,777,',777),
	(784,'2017-06-16 00:16:52','2017-06-16 00:16:52',0,7,'黑龙江省绥化市绥棱县',2,'绥棱县',',650,777,',777),
	(785,'2017-06-16 00:16:53','2017-06-16 00:16:53',0,8,'黑龙江省绥化市安达市',2,'安达市',',650,777,',777),
	(786,'2017-06-16 00:16:54','2017-06-16 00:16:54',0,9,'黑龙江省绥化市肇东市',2,'肇东市',',650,777,',777),
	(787,'2017-06-16 00:16:55','2017-06-16 00:16:55',0,10,'黑龙江省绥化市海伦市',2,'海伦市',',650,777,',777),
	(788,'2017-06-16 00:16:56','2017-06-16 00:16:56',0,13,'黑龙江省大兴安岭地区',1,'大兴安岭地区',',650,',650),
	(789,'2017-06-16 00:16:57','2017-06-16 00:16:57',0,1,'黑龙江省大兴安岭地区呼玛县',2,'呼玛县',',650,788,',788),
	(790,'2017-06-16 00:16:58','2017-06-16 00:16:58',0,2,'黑龙江省大兴安岭地区塔河县',2,'塔河县',',650,788,',788),
	(791,'2017-06-16 00:16:59','2017-06-16 00:16:59',0,3,'黑龙江省大兴安岭地区漠河县',2,'漠河县',',650,788,',788),
	(792,'2017-06-16 00:17:00','2017-06-16 00:17:00',0,9,'上海市',0,'上海市',',',NULL),
	(793,'2017-06-16 00:17:01','2017-06-16 00:17:01',0,1,'上海市黄浦区',1,'黄浦区',',792,',792),
	(794,'2017-06-16 00:17:02','2017-06-16 00:17:02',0,2,'上海市徐汇区',1,'徐汇区',',792,',792),
	(795,'2017-06-16 00:17:03','2017-06-16 00:17:03',0,3,'上海市长宁区',1,'长宁区',',792,',792),
	(796,'2017-06-16 00:17:04','2017-06-16 00:17:04',0,4,'上海市静安区',1,'静安区',',792,',792),
	(797,'2017-06-16 00:17:05','2017-06-16 00:17:05',0,5,'上海市普陀区',1,'普陀区',',792,',792),
	(798,'2017-06-16 00:17:06','2017-06-16 00:17:06',0,6,'上海市闸北区',1,'闸北区',',792,',792),
	(799,'2017-06-16 00:17:07','2017-06-16 00:17:07',0,7,'上海市虹口区',1,'虹口区',',792,',792),
	(800,'2017-06-16 00:17:08','2017-06-16 00:17:08',0,8,'上海市杨浦区',1,'杨浦区',',792,',792),
	(801,'2017-06-16 00:17:09','2017-06-16 00:17:09',0,9,'上海市闵行区',1,'闵行区',',792,',792),
	(802,'2017-06-16 00:17:10','2017-06-16 00:17:10',0,10,'上海市宝山区',1,'宝山区',',792,',792),
	(803,'2017-06-16 00:17:11','2017-06-16 00:17:11',0,11,'上海市嘉定区',1,'嘉定区',',792,',792),
	(804,'2017-06-16 00:17:12','2017-06-16 00:17:12',0,12,'上海市浦东新区',1,'浦东新区',',792,',792),
	(805,'2017-06-16 00:17:13','2017-06-16 00:17:13',0,13,'上海市金山区',1,'金山区',',792,',792),
	(806,'2017-06-16 00:17:14','2017-06-16 00:17:14',0,14,'上海市松江区',1,'松江区',',792,',792),
	(807,'2017-06-16 00:17:15','2017-06-16 00:17:15',0,15,'上海市青浦区',1,'青浦区',',792,',792),
	(808,'2017-06-16 00:17:16','2017-06-16 00:17:16',0,16,'上海市奉贤区',1,'奉贤区',',792,',792),
	(809,'2017-06-16 00:17:17','2017-06-16 00:17:17',0,17,'上海市崇明县',1,'崇明县',',792,',792),
	(810,'2017-06-16 00:17:18','2017-06-16 00:17:18',0,10,'江苏省',0,'江苏省',',',NULL),
	(811,'2017-06-16 00:17:19','2017-06-16 00:17:19',0,1,'江苏省南京市',1,'南京市',',810,',810),
	(812,'2017-06-16 00:17:20','2017-06-16 00:17:20',0,1,'江苏省南京市玄武区',2,'玄武区',',810,811,',811),
	(813,'2017-06-16 00:17:21','2017-06-16 00:17:21',0,2,'江苏省南京市秦淮区',2,'秦淮区',',810,811,',811),
	(814,'2017-06-16 00:17:22','2017-06-16 00:17:22',0,3,'江苏省南京市建邺区',2,'建邺区',',810,811,',811),
	(815,'2017-06-16 00:17:23','2017-06-16 00:17:23',0,4,'江苏省南京市鼓楼区',2,'鼓楼区',',810,811,',811),
	(816,'2017-06-16 00:17:24','2017-06-16 00:17:24',0,5,'江苏省南京市浦口区',2,'浦口区',',810,811,',811),
	(817,'2017-06-16 00:17:25','2017-06-16 00:17:25',0,6,'江苏省南京市栖霞区',2,'栖霞区',',810,811,',811),
	(818,'2017-06-16 00:17:26','2017-06-16 00:17:26',0,7,'江苏省南京市雨花台区',2,'雨花台区',',810,811,',811),
	(819,'2017-06-16 00:17:27','2017-06-16 00:17:27',0,8,'江苏省南京市江宁区',2,'江宁区',',810,811,',811),
	(820,'2017-06-16 00:17:28','2017-06-16 00:17:28',0,9,'江苏省南京市六合区',2,'六合区',',810,811,',811),
	(821,'2017-06-16 00:17:29','2017-06-16 00:17:29',0,10,'江苏省南京市溧水区',2,'溧水区',',810,811,',811),
	(822,'2017-06-16 00:17:30','2017-06-16 00:17:30',0,11,'江苏省南京市高淳区',2,'高淳区',',810,811,',811),
	(823,'2017-06-16 00:17:31','2017-06-16 00:17:31',0,2,'江苏省无锡市',1,'无锡市',',810,',810),
	(824,'2017-06-16 00:17:32','2017-06-16 00:17:32',0,1,'江苏省无锡市崇安区',2,'崇安区',',810,823,',823),
	(825,'2017-06-16 00:17:33','2017-06-16 00:17:33',0,2,'江苏省无锡市南长区',2,'南长区',',810,823,',823),
	(826,'2017-06-16 00:17:34','2017-06-16 00:17:34',0,3,'江苏省无锡市北塘区',2,'北塘区',',810,823,',823),
	(827,'2017-06-16 00:17:35','2017-06-16 00:17:35',0,4,'江苏省无锡市锡山区',2,'锡山区',',810,823,',823),
	(828,'2017-06-16 00:17:36','2017-06-16 00:17:36',0,5,'江苏省无锡市惠山区',2,'惠山区',',810,823,',823),
	(829,'2017-06-16 00:17:37','2017-06-16 00:17:37',0,6,'江苏省无锡市滨湖区',2,'滨湖区',',810,823,',823),
	(830,'2017-06-16 00:17:38','2017-06-16 00:17:38',0,7,'江苏省无锡市江阴市',2,'江阴市',',810,823,',823),
	(831,'2017-06-16 00:17:39','2017-06-16 00:17:39',0,8,'江苏省无锡市宜兴市',2,'宜兴市',',810,823,',823),
	(832,'2017-06-16 00:17:40','2017-06-16 00:17:40',0,3,'江苏省徐州市',1,'徐州市',',810,',810),
	(833,'2017-06-16 00:17:41','2017-06-16 00:17:41',0,1,'江苏省徐州市鼓楼区',2,'鼓楼区',',810,832,',832),
	(834,'2017-06-16 00:17:42','2017-06-16 00:17:42',0,2,'江苏省徐州市云龙区',2,'云龙区',',810,832,',832),
	(835,'2017-06-16 00:17:43','2017-06-16 00:17:43',0,3,'江苏省徐州市贾汪区',2,'贾汪区',',810,832,',832),
	(836,'2017-06-16 00:17:44','2017-06-16 00:17:44',0,4,'江苏省徐州市泉山区',2,'泉山区',',810,832,',832),
	(837,'2017-06-16 00:17:45','2017-06-16 00:17:45',0,5,'江苏省徐州市铜山区',2,'铜山区',',810,832,',832),
	(838,'2017-06-16 00:17:46','2017-06-16 00:17:46',0,6,'江苏省徐州市丰县',2,'丰县',',810,832,',832),
	(839,'2017-06-16 00:17:47','2017-06-16 00:17:47',0,7,'江苏省徐州市沛县',2,'沛县',',810,832,',832),
	(840,'2017-06-16 00:17:48','2017-06-16 00:17:48',0,8,'江苏省徐州市睢宁县',2,'睢宁县',',810,832,',832),
	(841,'2017-06-16 00:17:49','2017-06-16 00:17:49',0,9,'江苏省徐州市新沂市',2,'新沂市',',810,832,',832),
	(842,'2017-06-16 00:17:50','2017-06-16 00:17:50',0,10,'江苏省徐州市邳州市',2,'邳州市',',810,832,',832),
	(843,'2017-06-16 00:17:51','2017-06-16 00:17:51',0,4,'江苏省常州市',1,'常州市',',810,',810),
	(844,'2017-06-16 00:17:52','2017-06-16 00:17:52',0,1,'江苏省常州市天宁区',2,'天宁区',',810,843,',843),
	(845,'2017-06-16 00:17:53','2017-06-16 00:17:53',0,2,'江苏省常州市钟楼区',2,'钟楼区',',810,843,',843),
	(846,'2017-06-16 00:17:54','2017-06-16 00:17:54',0,3,'江苏省常州市戚墅堰区',2,'戚墅堰区',',810,843,',843),
	(847,'2017-06-16 00:17:55','2017-06-16 00:17:55',0,4,'江苏省常州市新北区',2,'新北区',',810,843,',843),
	(848,'2017-06-16 00:17:56','2017-06-16 00:17:56',0,5,'江苏省常州市武进区',2,'武进区',',810,843,',843),
	(849,'2017-06-16 00:17:57','2017-06-16 00:17:57',0,6,'江苏省常州市溧阳市',2,'溧阳市',',810,843,',843),
	(850,'2017-06-16 00:17:58','2017-06-16 00:17:58',0,7,'江苏省常州市金坛市',2,'金坛市',',810,843,',843),
	(851,'2017-06-16 00:17:59','2017-06-16 00:17:59',0,5,'江苏省苏州市',1,'苏州市',',810,',810),
	(852,'2017-06-16 00:18:00','2017-06-16 00:18:00',0,1,'江苏省苏州市虎丘区',2,'虎丘区',',810,851,',851),
	(853,'2017-06-16 00:18:01','2017-06-16 00:18:01',0,2,'江苏省苏州市吴中区',2,'吴中区',',810,851,',851),
	(854,'2017-06-16 00:18:02','2017-06-16 00:18:02',0,3,'江苏省苏州市相城区',2,'相城区',',810,851,',851),
	(855,'2017-06-16 00:18:03','2017-06-16 00:18:03',0,4,'江苏省苏州市姑苏区',2,'姑苏区',',810,851,',851),
	(856,'2017-06-16 00:18:04','2017-06-16 00:18:04',0,5,'江苏省苏州市吴江区',2,'吴江区',',810,851,',851),
	(857,'2017-06-16 00:18:05','2017-06-16 00:18:05',0,6,'江苏省苏州市常熟市',2,'常熟市',',810,851,',851),
	(858,'2017-06-16 00:18:06','2017-06-16 00:18:06',0,7,'江苏省苏州市张家港市',2,'张家港市',',810,851,',851),
	(859,'2017-06-16 00:18:07','2017-06-16 00:18:07',0,8,'江苏省苏州市昆山市',2,'昆山市',',810,851,',851),
	(860,'2017-06-16 00:18:08','2017-06-16 00:18:08',0,9,'江苏省苏州市太仓市',2,'太仓市',',810,851,',851),
	(861,'2017-06-16 00:18:09','2017-06-16 00:18:09',0,6,'江苏省南通市',1,'南通市',',810,',810),
	(862,'2017-06-16 00:18:10','2017-06-16 00:18:10',0,1,'江苏省南通市崇川区',2,'崇川区',',810,861,',861),
	(863,'2017-06-16 00:18:11','2017-06-16 00:18:11',0,2,'江苏省南通市港闸区',2,'港闸区',',810,861,',861),
	(864,'2017-06-16 00:18:12','2017-06-16 00:18:12',0,3,'江苏省南通市通州区',2,'通州区',',810,861,',861),
	(865,'2017-06-16 00:18:13','2017-06-16 00:18:13',0,4,'江苏省南通市海安县',2,'海安县',',810,861,',861),
	(866,'2017-06-16 00:18:14','2017-06-16 00:18:14',0,5,'江苏省南通市如东县',2,'如东县',',810,861,',861),
	(867,'2017-06-16 00:18:15','2017-06-16 00:18:15',0,6,'江苏省南通市启东市',2,'启东市',',810,861,',861),
	(868,'2017-06-16 00:18:16','2017-06-16 00:18:16',0,7,'江苏省南通市如皋市',2,'如皋市',',810,861,',861),
	(869,'2017-06-16 00:18:17','2017-06-16 00:18:17',0,8,'江苏省南通市海门市',2,'海门市',',810,861,',861),
	(870,'2017-06-16 00:18:18','2017-06-16 00:18:18',0,7,'江苏省连云港市',1,'连云港市',',810,',810),
	(871,'2017-06-16 00:18:19','2017-06-16 00:18:19',0,1,'江苏省连云港市连云区',2,'连云区',',810,870,',870),
	(872,'2017-06-16 00:18:20','2017-06-16 00:18:20',0,2,'江苏省连云港市新浦区',2,'新浦区',',810,870,',870),
	(873,'2017-06-16 00:18:21','2017-06-16 00:18:21',0,3,'江苏省连云港市海州区',2,'海州区',',810,870,',870),
	(874,'2017-06-16 00:18:22','2017-06-16 00:18:22',0,4,'江苏省连云港市赣榆县',2,'赣榆县',',810,870,',870),
	(875,'2017-06-16 00:18:23','2017-06-16 00:18:23',0,5,'江苏省连云港市东海县',2,'东海县',',810,870,',870),
	(876,'2017-06-16 00:18:24','2017-06-16 00:18:24',0,6,'江苏省连云港市灌云县',2,'灌云县',',810,870,',870),
	(877,'2017-06-16 00:18:25','2017-06-16 00:18:25',0,7,'江苏省连云港市灌南县',2,'灌南县',',810,870,',870),
	(878,'2017-06-16 00:18:26','2017-06-16 00:18:26',0,8,'江苏省淮安市',1,'淮安市',',810,',810),
	(879,'2017-06-16 00:18:27','2017-06-16 00:18:27',0,1,'江苏省淮安市清河区',2,'清河区',',810,878,',878),
	(880,'2017-06-16 00:18:28','2017-06-16 00:18:28',0,2,'江苏省淮安市淮安区',2,'淮安区',',810,878,',878),
	(881,'2017-06-16 00:18:29','2017-06-16 00:18:29',0,3,'江苏省淮安市淮阴区',2,'淮阴区',',810,878,',878),
	(882,'2017-06-16 00:18:30','2017-06-16 00:18:30',0,4,'江苏省淮安市清浦区',2,'清浦区',',810,878,',878),
	(883,'2017-06-16 00:18:31','2017-06-16 00:18:31',0,5,'江苏省淮安市涟水县',2,'涟水县',',810,878,',878),
	(884,'2017-06-16 00:18:32','2017-06-16 00:18:32',0,6,'江苏省淮安市洪泽县',2,'洪泽县',',810,878,',878),
	(885,'2017-06-16 00:18:33','2017-06-16 00:18:33',0,7,'江苏省淮安市盱眙县',2,'盱眙县',',810,878,',878),
	(886,'2017-06-16 00:18:34','2017-06-16 00:18:34',0,8,'江苏省淮安市金湖县',2,'金湖县',',810,878,',878),
	(887,'2017-06-16 00:18:35','2017-06-16 00:18:35',0,9,'江苏省盐城市',1,'盐城市',',810,',810),
	(888,'2017-06-16 00:18:36','2017-06-16 00:18:36',0,1,'江苏省盐城市亭湖区',2,'亭湖区',',810,887,',887),
	(889,'2017-06-16 00:18:37','2017-06-16 00:18:37',0,2,'江苏省盐城市盐都区',2,'盐都区',',810,887,',887),
	(890,'2017-06-16 00:18:38','2017-06-16 00:18:38',0,3,'江苏省盐城市响水县',2,'响水县',',810,887,',887),
	(891,'2017-06-16 00:18:39','2017-06-16 00:18:39',0,4,'江苏省盐城市滨海县',2,'滨海县',',810,887,',887),
	(892,'2017-06-16 00:18:40','2017-06-16 00:18:40',0,5,'江苏省盐城市阜宁县',2,'阜宁县',',810,887,',887),
	(893,'2017-06-16 00:18:41','2017-06-16 00:18:41',0,6,'江苏省盐城市射阳县',2,'射阳县',',810,887,',887),
	(894,'2017-06-16 00:18:42','2017-06-16 00:18:42',0,7,'江苏省盐城市建湖县',2,'建湖县',',810,887,',887),
	(895,'2017-06-16 00:18:43','2017-06-16 00:18:43',0,8,'江苏省盐城市东台市',2,'东台市',',810,887,',887),
	(896,'2017-06-16 00:18:44','2017-06-16 00:18:44',0,9,'江苏省盐城市大丰市',2,'大丰市',',810,887,',887),
	(897,'2017-06-16 00:18:45','2017-06-16 00:18:45',0,10,'江苏省扬州市',1,'扬州市',',810,',810),
	(898,'2017-06-16 00:18:46','2017-06-16 00:18:46',0,1,'江苏省扬州市广陵区',2,'广陵区',',810,897,',897),
	(899,'2017-06-16 00:18:47','2017-06-16 00:18:47',0,2,'江苏省扬州市邗江区',2,'邗江区',',810,897,',897),
	(900,'2017-06-16 00:18:48','2017-06-16 00:18:48',0,3,'江苏省扬州市江都区',2,'江都区',',810,897,',897),
	(901,'2017-06-16 00:18:49','2017-06-16 00:18:49',0,4,'江苏省扬州市宝应县',2,'宝应县',',810,897,',897),
	(902,'2017-06-16 00:18:50','2017-06-16 00:18:50',0,5,'江苏省扬州市仪征市',2,'仪征市',',810,897,',897),
	(903,'2017-06-16 00:18:51','2017-06-16 00:18:51',0,6,'江苏省扬州市高邮市',2,'高邮市',',810,897,',897),
	(904,'2017-06-16 00:18:52','2017-06-16 00:18:52',0,11,'江苏省镇江市',1,'镇江市',',810,',810),
	(905,'2017-06-16 00:18:53','2017-06-16 00:18:53',0,1,'江苏省镇江市京口区',2,'京口区',',810,904,',904),
	(906,'2017-06-16 00:18:54','2017-06-16 00:18:54',0,2,'江苏省镇江市润州区',2,'润州区',',810,904,',904),
	(907,'2017-06-16 00:18:55','2017-06-16 00:18:55',0,3,'江苏省镇江市丹徒区',2,'丹徒区',',810,904,',904),
	(908,'2017-06-16 00:18:56','2017-06-16 00:18:56',0,4,'江苏省镇江市丹阳市',2,'丹阳市',',810,904,',904),
	(909,'2017-06-16 00:18:57','2017-06-16 00:18:57',0,5,'江苏省镇江市扬中市',2,'扬中市',',810,904,',904),
	(910,'2017-06-16 00:18:58','2017-06-16 00:18:58',0,6,'江苏省镇江市句容市',2,'句容市',',810,904,',904),
	(911,'2017-06-16 00:18:59','2017-06-16 00:18:59',0,12,'江苏省泰州市',1,'泰州市',',810,',810),
	(912,'2017-06-16 00:19:00','2017-06-16 00:19:00',0,1,'江苏省泰州市海陵区',2,'海陵区',',810,911,',911),
	(913,'2017-06-16 00:19:01','2017-06-16 00:19:01',0,2,'江苏省泰州市高港区',2,'高港区',',810,911,',911),
	(914,'2017-06-16 00:19:02','2017-06-16 00:19:02',0,3,'江苏省泰州市姜堰区',2,'姜堰区',',810,911,',911),
	(915,'2017-06-16 00:19:03','2017-06-16 00:19:03',0,4,'江苏省泰州市兴化市',2,'兴化市',',810,911,',911),
	(916,'2017-06-16 00:19:04','2017-06-16 00:19:04',0,5,'江苏省泰州市靖江市',2,'靖江市',',810,911,',911),
	(917,'2017-06-16 00:19:05','2017-06-16 00:19:05',0,6,'江苏省泰州市泰兴市',2,'泰兴市',',810,911,',911),
	(918,'2017-06-16 00:19:06','2017-06-16 00:19:06',0,13,'江苏省宿迁市',1,'宿迁市',',810,',810),
	(919,'2017-06-16 00:19:07','2017-06-16 00:19:07',0,1,'江苏省宿迁市宿城区',2,'宿城区',',810,918,',918),
	(920,'2017-06-16 00:19:08','2017-06-16 00:19:08',0,2,'江苏省宿迁市宿豫区',2,'宿豫区',',810,918,',918),
	(921,'2017-06-16 00:19:09','2017-06-16 00:19:09',0,3,'江苏省宿迁市沭阳县',2,'沭阳县',',810,918,',918),
	(922,'2017-06-16 00:19:10','2017-06-16 00:19:10',0,4,'江苏省宿迁市泗阳县',2,'泗阳县',',810,918,',918),
	(923,'2017-06-16 00:19:11','2017-06-16 00:19:11',0,5,'江苏省宿迁市泗洪县',2,'泗洪县',',810,918,',918),
	(924,'2017-06-16 00:19:12','2017-06-16 00:19:12',0,11,'浙江省',0,'浙江省',',',NULL),
	(925,'2017-06-16 00:19:13','2017-06-16 00:19:13',0,1,'浙江省杭州市',1,'杭州市',',924,',924),
	(926,'2017-06-16 00:19:14','2017-06-16 00:19:14',0,1,'浙江省杭州市上城区',2,'上城区',',924,925,',925),
	(927,'2017-06-16 00:19:15','2017-06-16 00:19:15',0,2,'浙江省杭州市下城区',2,'下城区',',924,925,',925),
	(928,'2017-06-16 00:19:16','2017-06-16 00:19:16',0,3,'浙江省杭州市江干区',2,'江干区',',924,925,',925),
	(929,'2017-06-16 00:19:17','2017-06-16 00:19:17',0,4,'浙江省杭州市拱墅区',2,'拱墅区',',924,925,',925),
	(930,'2017-06-16 00:19:18','2017-06-16 00:19:18',0,5,'浙江省杭州市西湖区',2,'西湖区',',924,925,',925),
	(931,'2017-06-16 00:19:19','2017-06-16 00:19:19',0,6,'浙江省杭州市滨江区',2,'滨江区',',924,925,',925),
	(932,'2017-06-16 00:19:20','2017-06-16 00:19:20',0,7,'浙江省杭州市萧山区',2,'萧山区',',924,925,',925),
	(933,'2017-06-16 00:19:21','2017-06-16 00:19:21',0,8,'浙江省杭州市余杭区',2,'余杭区',',924,925,',925),
	(934,'2017-06-16 00:19:22','2017-06-16 00:19:22',0,9,'浙江省杭州市桐庐县',2,'桐庐县',',924,925,',925),
	(935,'2017-06-16 00:19:23','2017-06-16 00:19:23',0,10,'浙江省杭州市淳安县',2,'淳安县',',924,925,',925),
	(936,'2017-06-16 00:19:24','2017-06-16 00:19:24',0,11,'浙江省杭州市建德市',2,'建德市',',924,925,',925),
	(937,'2017-06-16 00:19:25','2017-06-16 00:19:25',0,12,'浙江省杭州市富阳市',2,'富阳市',',924,925,',925),
	(938,'2017-06-16 00:19:26','2017-06-16 00:19:26',0,13,'浙江省杭州市临安市',2,'临安市',',924,925,',925),
	(939,'2017-06-16 00:19:27','2017-06-16 00:19:27',0,2,'浙江省宁波市',1,'宁波市',',924,',924),
	(940,'2017-06-16 00:19:28','2017-06-16 00:19:28',0,1,'浙江省宁波市海曙区',2,'海曙区',',924,939,',939),
	(941,'2017-06-16 00:19:29','2017-06-16 00:19:29',0,2,'浙江省宁波市江东区',2,'江东区',',924,939,',939),
	(942,'2017-06-16 00:19:30','2017-06-16 00:19:30',0,3,'浙江省宁波市江北区',2,'江北区',',924,939,',939),
	(943,'2017-06-16 00:19:31','2017-06-16 00:19:31',0,4,'浙江省宁波市北仑区',2,'北仑区',',924,939,',939),
	(944,'2017-06-16 00:19:32','2017-06-16 00:19:32',0,5,'浙江省宁波市镇海区',2,'镇海区',',924,939,',939),
	(945,'2017-06-16 00:19:33','2017-06-16 00:19:33',0,6,'浙江省宁波市鄞州区',2,'鄞州区',',924,939,',939),
	(946,'2017-06-16 00:19:34','2017-06-16 00:19:34',0,7,'浙江省宁波市象山县',2,'象山县',',924,939,',939),
	(947,'2017-06-16 00:19:35','2017-06-16 00:19:35',0,8,'浙江省宁波市宁海县',2,'宁海县',',924,939,',939),
	(948,'2017-06-16 00:19:36','2017-06-16 00:19:36',0,9,'浙江省宁波市余姚市',2,'余姚市',',924,939,',939),
	(949,'2017-06-16 00:19:37','2017-06-16 00:19:37',0,10,'浙江省宁波市慈溪市',2,'慈溪市',',924,939,',939),
	(950,'2017-06-16 00:19:38','2017-06-16 00:19:38',0,11,'浙江省宁波市奉化市',2,'奉化市',',924,939,',939),
	(951,'2017-06-16 00:19:39','2017-06-16 00:19:39',0,3,'浙江省温州市',1,'温州市',',924,',924),
	(952,'2017-06-16 00:19:40','2017-06-16 00:19:40',0,1,'浙江省温州市鹿城区',2,'鹿城区',',924,951,',951),
	(953,'2017-06-16 00:19:41','2017-06-16 00:19:41',0,2,'浙江省温州市龙湾区',2,'龙湾区',',924,951,',951),
	(954,'2017-06-16 00:19:42','2017-06-16 00:19:42',0,3,'浙江省温州市瓯海区',2,'瓯海区',',924,951,',951),
	(955,'2017-06-16 00:19:43','2017-06-16 00:19:43',0,4,'浙江省温州市洞头县',2,'洞头县',',924,951,',951),
	(956,'2017-06-16 00:19:44','2017-06-16 00:19:44',0,5,'浙江省温州市永嘉县',2,'永嘉县',',924,951,',951),
	(957,'2017-06-16 00:19:45','2017-06-16 00:19:45',0,6,'浙江省温州市平阳县',2,'平阳县',',924,951,',951),
	(958,'2017-06-16 00:19:46','2017-06-16 00:19:46',0,7,'浙江省温州市苍南县',2,'苍南县',',924,951,',951),
	(959,'2017-06-16 00:19:47','2017-06-16 00:19:47',0,8,'浙江省温州市文成县',2,'文成县',',924,951,',951),
	(960,'2017-06-16 00:19:48','2017-06-16 00:19:48',0,9,'浙江省温州市泰顺县',2,'泰顺县',',924,951,',951),
	(961,'2017-06-16 00:19:49','2017-06-16 00:19:49',0,10,'浙江省温州市瑞安市',2,'瑞安市',',924,951,',951),
	(962,'2017-06-16 00:19:50','2017-06-16 00:19:50',0,11,'浙江省温州市乐清市',2,'乐清市',',924,951,',951),
	(963,'2017-06-16 00:19:51','2017-06-16 00:19:51',0,4,'浙江省嘉兴市',1,'嘉兴市',',924,',924),
	(964,'2017-06-16 00:19:52','2017-06-16 00:19:52',0,1,'浙江省嘉兴市南湖区',2,'南湖区',',924,963,',963),
	(965,'2017-06-16 00:19:53','2017-06-16 00:19:53',0,2,'浙江省嘉兴市秀洲区',2,'秀洲区',',924,963,',963),
	(966,'2017-06-16 00:19:54','2017-06-16 00:19:54',0,3,'浙江省嘉兴市嘉善县',2,'嘉善县',',924,963,',963),
	(967,'2017-06-16 00:19:55','2017-06-16 00:19:55',0,4,'浙江省嘉兴市海盐县',2,'海盐县',',924,963,',963),
	(968,'2017-06-16 00:19:56','2017-06-16 00:19:56',0,5,'浙江省嘉兴市海宁市',2,'海宁市',',924,963,',963),
	(969,'2017-06-16 00:19:57','2017-06-16 00:19:57',0,6,'浙江省嘉兴市平湖市',2,'平湖市',',924,963,',963),
	(970,'2017-06-16 00:19:58','2017-06-16 00:19:58',0,7,'浙江省嘉兴市桐乡市',2,'桐乡市',',924,963,',963),
	(971,'2017-06-16 00:19:59','2017-06-16 00:19:59',0,5,'浙江省湖州市',1,'湖州市',',924,',924),
	(972,'2017-06-16 00:20:00','2017-06-16 00:20:00',0,1,'浙江省湖州市吴兴区',2,'吴兴区',',924,971,',971),
	(973,'2017-06-16 00:20:01','2017-06-16 00:20:01',0,2,'浙江省湖州市南浔区',2,'南浔区',',924,971,',971),
	(974,'2017-06-16 00:20:02','2017-06-16 00:20:02',0,3,'浙江省湖州市德清县',2,'德清县',',924,971,',971),
	(975,'2017-06-16 00:20:03','2017-06-16 00:20:03',0,4,'浙江省湖州市长兴县',2,'长兴县',',924,971,',971),
	(976,'2017-06-16 00:20:04','2017-06-16 00:20:04',0,5,'浙江省湖州市安吉县',2,'安吉县',',924,971,',971),
	(977,'2017-06-16 00:20:05','2017-06-16 00:20:05',0,6,'浙江省绍兴市',1,'绍兴市',',924,',924),
	(978,'2017-06-16 00:20:06','2017-06-16 00:20:06',0,1,'浙江省绍兴市越城区',2,'越城区',',924,977,',977),
	(979,'2017-06-16 00:20:07','2017-06-16 00:20:07',0,2,'浙江省绍兴市绍兴县',2,'绍兴县',',924,977,',977),
	(980,'2017-06-16 00:20:08','2017-06-16 00:20:08',0,3,'浙江省绍兴市新昌县',2,'新昌县',',924,977,',977),
	(981,'2017-06-16 00:20:09','2017-06-16 00:20:09',0,4,'浙江省绍兴市诸暨市',2,'诸暨市',',924,977,',977),
	(982,'2017-06-16 00:20:10','2017-06-16 00:20:10',0,5,'浙江省绍兴市上虞市',2,'上虞市',',924,977,',977),
	(983,'2017-06-16 00:20:11','2017-06-16 00:20:11',0,6,'浙江省绍兴市嵊州市',2,'嵊州市',',924,977,',977),
	(984,'2017-06-16 00:20:12','2017-06-16 00:20:12',0,7,'浙江省金华市',1,'金华市',',924,',924),
	(985,'2017-06-16 00:20:13','2017-06-16 00:20:13',0,1,'浙江省金华市婺城区',2,'婺城区',',924,984,',984),
	(986,'2017-06-16 00:20:14','2017-06-16 00:20:14',0,2,'浙江省金华市金东区',2,'金东区',',924,984,',984),
	(987,'2017-06-16 00:20:15','2017-06-16 00:20:15',0,3,'浙江省金华市武义县',2,'武义县',',924,984,',984),
	(988,'2017-06-16 00:20:16','2017-06-16 00:20:16',0,4,'浙江省金华市浦江县',2,'浦江县',',924,984,',984),
	(989,'2017-06-16 00:20:17','2017-06-16 00:20:17',0,5,'浙江省金华市磐安县',2,'磐安县',',924,984,',984),
	(990,'2017-06-16 00:20:18','2017-06-16 00:20:18',0,6,'浙江省金华市兰溪市',2,'兰溪市',',924,984,',984),
	(991,'2017-06-16 00:20:19','2017-06-16 00:20:19',0,7,'浙江省金华市义乌市',2,'义乌市',',924,984,',984),
	(992,'2017-06-16 00:20:20','2017-06-16 00:20:20',0,8,'浙江省金华市东阳市',2,'东阳市',',924,984,',984),
	(993,'2017-06-16 00:20:21','2017-06-16 00:20:21',0,9,'浙江省金华市永康市',2,'永康市',',924,984,',984),
	(994,'2017-06-16 00:20:22','2017-06-16 00:20:22',0,8,'浙江省衢州市',1,'衢州市',',924,',924),
	(995,'2017-06-16 00:20:23','2017-06-16 00:20:23',0,1,'浙江省衢州市柯城区',2,'柯城区',',924,994,',994),
	(996,'2017-06-16 00:20:24','2017-06-16 00:20:24',0,2,'浙江省衢州市衢江区',2,'衢江区',',924,994,',994),
	(997,'2017-06-16 00:20:25','2017-06-16 00:20:25',0,3,'浙江省衢州市常山县',2,'常山县',',924,994,',994),
	(998,'2017-06-16 00:20:26','2017-06-16 00:20:26',0,4,'浙江省衢州市开化县',2,'开化县',',924,994,',994),
	(999,'2017-06-16 00:20:27','2017-06-16 00:20:27',0,5,'浙江省衢州市龙游县',2,'龙游县',',924,994,',994),
	(1000,'2017-06-16 00:20:28','2017-06-16 00:20:28',0,6,'浙江省衢州市江山市',2,'江山市',',924,994,',994),
	(1001,'2017-06-16 00:20:29','2017-06-16 00:20:29',0,9,'浙江省舟山市',1,'舟山市',',924,',924),
	(1002,'2017-06-16 00:20:30','2017-06-16 00:20:30',0,1,'浙江省舟山市定海区',2,'定海区',',924,1001,',1001),
	(1003,'2017-06-16 00:20:31','2017-06-16 00:20:31',0,2,'浙江省舟山市普陀区',2,'普陀区',',924,1001,',1001),
	(1004,'2017-06-16 00:20:32','2017-06-16 00:20:32',0,3,'浙江省舟山市岱山县',2,'岱山县',',924,1001,',1001),
	(1005,'2017-06-16 00:20:33','2017-06-16 00:20:33',0,4,'浙江省舟山市嵊泗县',2,'嵊泗县',',924,1001,',1001),
	(1006,'2017-06-16 00:20:34','2017-06-16 00:20:34',0,10,'浙江省台州市',1,'台州市',',924,',924),
	(1007,'2017-06-16 00:20:35','2017-06-16 00:20:35',0,1,'浙江省台州市椒江区',2,'椒江区',',924,1006,',1006),
	(1008,'2017-06-16 00:20:36','2017-06-16 00:20:36',0,2,'浙江省台州市黄岩区',2,'黄岩区',',924,1006,',1006),
	(1009,'2017-06-16 00:20:37','2017-06-16 00:20:37',0,3,'浙江省台州市路桥区',2,'路桥区',',924,1006,',1006),
	(1010,'2017-06-16 00:20:38','2017-06-16 00:20:38',0,4,'浙江省台州市玉环县',2,'玉环县',',924,1006,',1006),
	(1011,'2017-06-16 00:20:39','2017-06-16 00:20:39',0,5,'浙江省台州市三门县',2,'三门县',',924,1006,',1006),
	(1012,'2017-06-16 00:20:40','2017-06-16 00:20:40',0,6,'浙江省台州市天台县',2,'天台县',',924,1006,',1006),
	(1013,'2017-06-16 00:20:41','2017-06-16 00:20:41',0,7,'浙江省台州市仙居县',2,'仙居县',',924,1006,',1006),
	(1014,'2017-06-16 00:20:42','2017-06-16 00:20:42',0,8,'浙江省台州市温岭市',2,'温岭市',',924,1006,',1006),
	(1015,'2017-06-16 00:20:43','2017-06-16 00:20:43',0,9,'浙江省台州市临海市',2,'临海市',',924,1006,',1006),
	(1016,'2017-06-16 00:20:44','2017-06-16 00:20:44',0,11,'浙江省丽水市',1,'丽水市',',924,',924),
	(1017,'2017-06-16 00:20:45','2017-06-16 00:20:45',0,1,'浙江省丽水市莲都区',2,'莲都区',',924,1016,',1016),
	(1018,'2017-06-16 00:20:46','2017-06-16 00:20:46',0,2,'浙江省丽水市青田县',2,'青田县',',924,1016,',1016),
	(1019,'2017-06-16 00:20:47','2017-06-16 00:20:47',0,3,'浙江省丽水市缙云县',2,'缙云县',',924,1016,',1016),
	(1020,'2017-06-16 00:20:48','2017-06-16 00:20:48',0,4,'浙江省丽水市遂昌县',2,'遂昌县',',924,1016,',1016),
	(1021,'2017-06-16 00:20:49','2017-06-16 00:20:49',0,5,'浙江省丽水市松阳县',2,'松阳县',',924,1016,',1016),
	(1022,'2017-06-16 00:20:50','2017-06-16 00:20:50',0,6,'浙江省丽水市云和县',2,'云和县',',924,1016,',1016),
	(1023,'2017-06-16 00:20:51','2017-06-16 00:20:51',0,7,'浙江省丽水市庆元县',2,'庆元县',',924,1016,',1016),
	(1024,'2017-06-16 00:20:52','2017-06-16 00:20:52',0,8,'浙江省丽水市景宁畲族自治县',2,'景宁畲族自治县',',924,1016,',1016),
	(1025,'2017-06-16 00:20:53','2017-06-16 00:20:53',0,9,'浙江省丽水市龙泉市',2,'龙泉市',',924,1016,',1016),
	(1026,'2017-06-16 00:20:54','2017-06-16 00:20:54',0,12,'安徽省',0,'安徽省',',',NULL),
	(1027,'2017-06-16 00:20:55','2017-06-16 00:20:55',0,1,'安徽省合肥市',1,'合肥市',',1026,',1026),
	(1028,'2017-06-16 00:20:56','2017-06-16 00:20:56',0,1,'安徽省合肥市瑶海区',2,'瑶海区',',1026,1027,',1027),
	(1029,'2017-06-16 00:20:57','2017-06-16 00:20:57',0,2,'安徽省合肥市庐阳区',2,'庐阳区',',1026,1027,',1027),
	(1030,'2017-06-16 00:20:58','2017-06-16 00:20:58',0,3,'安徽省合肥市蜀山区',2,'蜀山区',',1026,1027,',1027),
	(1031,'2017-06-16 00:20:59','2017-06-16 00:20:59',0,4,'安徽省合肥市包河区',2,'包河区',',1026,1027,',1027),
	(1032,'2017-06-16 00:21:00','2017-06-16 00:21:00',0,5,'安徽省合肥市长丰县',2,'长丰县',',1026,1027,',1027),
	(1033,'2017-06-16 00:21:01','2017-06-16 00:21:01',0,6,'安徽省合肥市肥东县',2,'肥东县',',1026,1027,',1027),
	(1034,'2017-06-16 00:21:02','2017-06-16 00:21:02',0,7,'安徽省合肥市肥西县',2,'肥西县',',1026,1027,',1027),
	(1035,'2017-06-16 00:21:03','2017-06-16 00:21:03',0,8,'安徽省合肥市庐江县',2,'庐江县',',1026,1027,',1027),
	(1036,'2017-06-16 00:21:04','2017-06-16 00:21:04',0,9,'安徽省合肥市巢湖市',2,'巢湖市',',1026,1027,',1027),
	(1037,'2017-06-16 00:21:05','2017-06-16 00:21:05',0,2,'安徽省芜湖市',1,'芜湖市',',1026,',1026),
	(1038,'2017-06-16 00:21:06','2017-06-16 00:21:06',0,1,'安徽省芜湖市镜湖区',2,'镜湖区',',1026,1037,',1037),
	(1039,'2017-06-16 00:21:07','2017-06-16 00:21:07',0,2,'安徽省芜湖市弋江区',2,'弋江区',',1026,1037,',1037),
	(1040,'2017-06-16 00:21:08','2017-06-16 00:21:08',0,3,'安徽省芜湖市鸠江区',2,'鸠江区',',1026,1037,',1037),
	(1041,'2017-06-16 00:21:09','2017-06-16 00:21:09',0,4,'安徽省芜湖市三山区',2,'三山区',',1026,1037,',1037),
	(1042,'2017-06-16 00:21:10','2017-06-16 00:21:10',0,5,'安徽省芜湖市芜湖县',2,'芜湖县',',1026,1037,',1037),
	(1043,'2017-06-16 00:21:11','2017-06-16 00:21:11',0,6,'安徽省芜湖市繁昌县',2,'繁昌县',',1026,1037,',1037),
	(1044,'2017-06-16 00:21:12','2017-06-16 00:21:12',0,7,'安徽省芜湖市南陵县',2,'南陵县',',1026,1037,',1037),
	(1045,'2017-06-16 00:21:13','2017-06-16 00:21:13',0,8,'安徽省芜湖市无为县',2,'无为县',',1026,1037,',1037),
	(1046,'2017-06-16 00:21:14','2017-06-16 00:21:14',0,3,'安徽省蚌埠市',1,'蚌埠市',',1026,',1026),
	(1047,'2017-06-16 00:21:15','2017-06-16 00:21:15',0,1,'安徽省蚌埠市龙子湖区',2,'龙子湖区',',1026,1046,',1046),
	(1048,'2017-06-16 00:21:16','2017-06-16 00:21:16',0,2,'安徽省蚌埠市蚌山区',2,'蚌山区',',1026,1046,',1046),
	(1049,'2017-06-16 00:21:17','2017-06-16 00:21:17',0,3,'安徽省蚌埠市禹会区',2,'禹会区',',1026,1046,',1046),
	(1050,'2017-06-16 00:21:18','2017-06-16 00:21:18',0,4,'安徽省蚌埠市淮上区',2,'淮上区',',1026,1046,',1046),
	(1051,'2017-06-16 00:21:19','2017-06-16 00:21:19',0,5,'安徽省蚌埠市怀远县',2,'怀远县',',1026,1046,',1046),
	(1052,'2017-06-16 00:21:20','2017-06-16 00:21:20',0,6,'安徽省蚌埠市五河县',2,'五河县',',1026,1046,',1046),
	(1053,'2017-06-16 00:21:21','2017-06-16 00:21:21',0,7,'安徽省蚌埠市固镇县',2,'固镇县',',1026,1046,',1046),
	(1054,'2017-06-16 00:21:22','2017-06-16 00:21:22',0,4,'安徽省淮南市',1,'淮南市',',1026,',1026),
	(1055,'2017-06-16 00:21:23','2017-06-16 00:21:23',0,1,'安徽省淮南市大通区',2,'大通区',',1026,1054,',1054),
	(1056,'2017-06-16 00:21:24','2017-06-16 00:21:24',0,2,'安徽省淮南市田家庵区',2,'田家庵区',',1026,1054,',1054),
	(1057,'2017-06-16 00:21:25','2017-06-16 00:21:25',0,3,'安徽省淮南市谢家集区',2,'谢家集区',',1026,1054,',1054),
	(1058,'2017-06-16 00:21:26','2017-06-16 00:21:26',0,4,'安徽省淮南市八公山区',2,'八公山区',',1026,1054,',1054),
	(1059,'2017-06-16 00:21:27','2017-06-16 00:21:27',0,5,'安徽省淮南市潘集区',2,'潘集区',',1026,1054,',1054),
	(1060,'2017-06-16 00:21:28','2017-06-16 00:21:28',0,6,'安徽省淮南市凤台县',2,'凤台县',',1026,1054,',1054),
	(1061,'2017-06-16 00:21:29','2017-06-16 00:21:29',0,5,'安徽省马鞍山市',1,'马鞍山市',',1026,',1026),
	(1062,'2017-06-16 00:21:30','2017-06-16 00:21:30',0,1,'安徽省马鞍山市花山区',2,'花山区',',1026,1061,',1061),
	(1063,'2017-06-16 00:21:31','2017-06-16 00:21:31',0,2,'安徽省马鞍山市雨山区',2,'雨山区',',1026,1061,',1061),
	(1064,'2017-06-16 00:21:32','2017-06-16 00:21:32',0,3,'安徽省马鞍山市博望区',2,'博望区',',1026,1061,',1061),
	(1065,'2017-06-16 00:21:33','2017-06-16 00:21:33',0,4,'安徽省马鞍山市当涂县',2,'当涂县',',1026,1061,',1061),
	(1066,'2017-06-16 00:21:34','2017-06-16 00:21:34',0,5,'安徽省马鞍山市含山县',2,'含山县',',1026,1061,',1061),
	(1067,'2017-06-16 00:21:35','2017-06-16 00:21:35',0,6,'安徽省马鞍山市和县',2,'和县',',1026,1061,',1061),
	(1068,'2017-06-16 00:21:36','2017-06-16 00:21:36',0,6,'安徽省淮北市',1,'淮北市',',1026,',1026),
	(1069,'2017-06-16 00:21:37','2017-06-16 00:21:37',0,1,'安徽省淮北市杜集区',2,'杜集区',',1026,1068,',1068),
	(1070,'2017-06-16 00:21:38','2017-06-16 00:21:38',0,2,'安徽省淮北市相山区',2,'相山区',',1026,1068,',1068),
	(1071,'2017-06-16 00:21:39','2017-06-16 00:21:39',0,3,'安徽省淮北市烈山区',2,'烈山区',',1026,1068,',1068),
	(1072,'2017-06-16 00:21:40','2017-06-16 00:21:40',0,4,'安徽省淮北市濉溪县',2,'濉溪县',',1026,1068,',1068),
	(1073,'2017-06-16 00:21:41','2017-06-16 00:21:41',0,7,'安徽省铜陵市',1,'铜陵市',',1026,',1026),
	(1074,'2017-06-16 00:21:42','2017-06-16 00:21:42',0,1,'安徽省铜陵市铜官山区',2,'铜官山区',',1026,1073,',1073),
	(1075,'2017-06-16 00:21:43','2017-06-16 00:21:43',0,2,'安徽省铜陵市狮子山区',2,'狮子山区',',1026,1073,',1073),
	(1076,'2017-06-16 00:21:44','2017-06-16 00:21:44',0,3,'安徽省铜陵市郊区',2,'郊区',',1026,1073,',1073),
	(1077,'2017-06-16 00:21:45','2017-06-16 00:21:45',0,4,'安徽省铜陵市铜陵县',2,'铜陵县',',1026,1073,',1073),
	(1078,'2017-06-16 00:21:46','2017-06-16 00:21:46',0,8,'安徽省安庆市',1,'安庆市',',1026,',1026),
	(1079,'2017-06-16 00:21:47','2017-06-16 00:21:47',0,1,'安徽省安庆市迎江区',2,'迎江区',',1026,1078,',1078),
	(1080,'2017-06-16 00:21:48','2017-06-16 00:21:48',0,2,'安徽省安庆市大观区',2,'大观区',',1026,1078,',1078),
	(1081,'2017-06-16 00:21:49','2017-06-16 00:21:49',0,3,'安徽省安庆市宜秀区',2,'宜秀区',',1026,1078,',1078),
	(1082,'2017-06-16 00:21:50','2017-06-16 00:21:50',0,4,'安徽省安庆市怀宁县',2,'怀宁县',',1026,1078,',1078),
	(1083,'2017-06-16 00:21:51','2017-06-16 00:21:51',0,5,'安徽省安庆市枞阳县',2,'枞阳县',',1026,1078,',1078),
	(1084,'2017-06-16 00:21:52','2017-06-16 00:21:52',0,6,'安徽省安庆市潜山县',2,'潜山县',',1026,1078,',1078),
	(1085,'2017-06-16 00:21:53','2017-06-16 00:21:53',0,7,'安徽省安庆市太湖县',2,'太湖县',',1026,1078,',1078),
	(1086,'2017-06-16 00:21:54','2017-06-16 00:21:54',0,8,'安徽省安庆市宿松县',2,'宿松县',',1026,1078,',1078),
	(1087,'2017-06-16 00:21:55','2017-06-16 00:21:55',0,9,'安徽省安庆市望江县',2,'望江县',',1026,1078,',1078),
	(1088,'2017-06-16 00:21:56','2017-06-16 00:21:56',0,10,'安徽省安庆市岳西县',2,'岳西县',',1026,1078,',1078),
	(1089,'2017-06-16 00:21:57','2017-06-16 00:21:57',0,11,'安徽省安庆市桐城市',2,'桐城市',',1026,1078,',1078),
	(1090,'2017-06-16 00:21:58','2017-06-16 00:21:58',0,9,'安徽省黄山市',1,'黄山市',',1026,',1026),
	(1091,'2017-06-16 00:21:59','2017-06-16 00:21:59',0,1,'安徽省黄山市屯溪区',2,'屯溪区',',1026,1090,',1090),
	(1092,'2017-06-16 00:22:00','2017-06-16 00:22:00',0,2,'安徽省黄山市黄山区',2,'黄山区',',1026,1090,',1090),
	(1093,'2017-06-16 00:22:01','2017-06-16 00:22:01',0,3,'安徽省黄山市徽州区',2,'徽州区',',1026,1090,',1090),
	(1094,'2017-06-16 00:22:02','2017-06-16 00:22:02',0,4,'安徽省黄山市歙县',2,'歙县',',1026,1090,',1090),
	(1095,'2017-06-16 00:22:03','2017-06-16 00:22:03',0,5,'安徽省黄山市休宁县',2,'休宁县',',1026,1090,',1090),
	(1096,'2017-06-16 00:22:04','2017-06-16 00:22:04',0,6,'安徽省黄山市黟县',2,'黟县',',1026,1090,',1090),
	(1097,'2017-06-16 00:22:05','2017-06-16 00:22:05',0,7,'安徽省黄山市祁门县',2,'祁门县',',1026,1090,',1090),
	(1098,'2017-06-16 00:22:06','2017-06-16 00:22:06',0,10,'安徽省滁州市',1,'滁州市',',1026,',1026),
	(1099,'2017-06-16 00:22:07','2017-06-16 00:22:07',0,1,'安徽省滁州市琅琊区',2,'琅琊区',',1026,1098,',1098),
	(1100,'2017-06-16 00:22:08','2017-06-16 00:22:08',0,2,'安徽省滁州市南谯区',2,'南谯区',',1026,1098,',1098),
	(1101,'2017-06-16 00:22:09','2017-06-16 00:22:09',0,3,'安徽省滁州市来安县',2,'来安县',',1026,1098,',1098),
	(1102,'2017-06-16 00:22:10','2017-06-16 00:22:10',0,4,'安徽省滁州市全椒县',2,'全椒县',',1026,1098,',1098),
	(1103,'2017-06-16 00:22:11','2017-06-16 00:22:11',0,5,'安徽省滁州市定远县',2,'定远县',',1026,1098,',1098),
	(1104,'2017-06-16 00:22:12','2017-06-16 00:22:12',0,6,'安徽省滁州市凤阳县',2,'凤阳县',',1026,1098,',1098),
	(1105,'2017-06-16 00:22:13','2017-06-16 00:22:13',0,7,'安徽省滁州市天长市',2,'天长市',',1026,1098,',1098),
	(1106,'2017-06-16 00:22:14','2017-06-16 00:22:14',0,8,'安徽省滁州市明光市',2,'明光市',',1026,1098,',1098),
	(1107,'2017-06-16 00:22:15','2017-06-16 00:22:15',0,11,'安徽省阜阳市',1,'阜阳市',',1026,',1026),
	(1108,'2017-06-16 00:22:16','2017-06-16 00:22:16',0,1,'安徽省阜阳市颍州区',2,'颍州区',',1026,1107,',1107),
	(1109,'2017-06-16 00:22:17','2017-06-16 00:22:17',0,2,'安徽省阜阳市颍东区',2,'颍东区',',1026,1107,',1107),
	(1110,'2017-06-16 00:22:18','2017-06-16 00:22:18',0,3,'安徽省阜阳市颍泉区',2,'颍泉区',',1026,1107,',1107),
	(1111,'2017-06-16 00:22:19','2017-06-16 00:22:19',0,4,'安徽省阜阳市临泉县',2,'临泉县',',1026,1107,',1107),
	(1112,'2017-06-16 00:22:20','2017-06-16 00:22:20',0,5,'安徽省阜阳市太和县',2,'太和县',',1026,1107,',1107),
	(1113,'2017-06-16 00:22:21','2017-06-16 00:22:21',0,6,'安徽省阜阳市阜南县',2,'阜南县',',1026,1107,',1107),
	(1114,'2017-06-16 00:22:22','2017-06-16 00:22:22',0,7,'安徽省阜阳市颍上县',2,'颍上县',',1026,1107,',1107),
	(1115,'2017-06-16 00:22:23','2017-06-16 00:22:23',0,8,'安徽省阜阳市界首市',2,'界首市',',1026,1107,',1107),
	(1116,'2017-06-16 00:22:24','2017-06-16 00:22:24',0,12,'安徽省宿州市',1,'宿州市',',1026,',1026),
	(1117,'2017-06-16 00:22:25','2017-06-16 00:22:25',0,1,'安徽省宿州市埇桥区',2,'埇桥区',',1026,1116,',1116),
	(1118,'2017-06-16 00:22:26','2017-06-16 00:22:26',0,2,'安徽省宿州市砀山县',2,'砀山县',',1026,1116,',1116),
	(1119,'2017-06-16 00:22:27','2017-06-16 00:22:27',0,3,'安徽省宿州市萧县',2,'萧县',',1026,1116,',1116),
	(1120,'2017-06-16 00:22:28','2017-06-16 00:22:28',0,4,'安徽省宿州市灵璧县',2,'灵璧县',',1026,1116,',1116),
	(1121,'2017-06-16 00:22:29','2017-06-16 00:22:29',0,5,'安徽省宿州市泗县',2,'泗县',',1026,1116,',1116),
	(1122,'2017-06-16 00:22:30','2017-06-16 00:22:30',0,13,'安徽省六安市',1,'六安市',',1026,',1026),
	(1123,'2017-06-16 00:22:31','2017-06-16 00:22:31',0,1,'安徽省六安市金安区',2,'金安区',',1026,1122,',1122),
	(1124,'2017-06-16 00:22:32','2017-06-16 00:22:32',0,2,'安徽省六安市裕安区',2,'裕安区',',1026,1122,',1122),
	(1125,'2017-06-16 00:22:33','2017-06-16 00:22:33',0,3,'安徽省六安市寿县',2,'寿县',',1026,1122,',1122),
	(1126,'2017-06-16 00:22:34','2017-06-16 00:22:34',0,4,'安徽省六安市霍邱县',2,'霍邱县',',1026,1122,',1122),
	(1127,'2017-06-16 00:22:35','2017-06-16 00:22:35',0,5,'安徽省六安市舒城县',2,'舒城县',',1026,1122,',1122),
	(1128,'2017-06-16 00:22:36','2017-06-16 00:22:36',0,6,'安徽省六安市金寨县',2,'金寨县',',1026,1122,',1122),
	(1129,'2017-06-16 00:22:37','2017-06-16 00:22:37',0,7,'安徽省六安市霍山县',2,'霍山县',',1026,1122,',1122),
	(1130,'2017-06-16 00:22:38','2017-06-16 00:22:38',0,14,'安徽省亳州市',1,'亳州市',',1026,',1026),
	(1131,'2017-06-16 00:22:39','2017-06-16 00:22:39',0,1,'安徽省亳州市谯城区',2,'谯城区',',1026,1130,',1130),
	(1132,'2017-06-16 00:22:40','2017-06-16 00:22:40',0,2,'安徽省亳州市涡阳县',2,'涡阳县',',1026,1130,',1130),
	(1133,'2017-06-16 00:22:41','2017-06-16 00:22:41',0,3,'安徽省亳州市蒙城县',2,'蒙城县',',1026,1130,',1130),
	(1134,'2017-06-16 00:22:42','2017-06-16 00:22:42',0,4,'安徽省亳州市利辛县',2,'利辛县',',1026,1130,',1130),
	(1135,'2017-06-16 00:22:43','2017-06-16 00:22:43',0,15,'安徽省池州市',1,'池州市',',1026,',1026),
	(1136,'2017-06-16 00:22:44','2017-06-16 00:22:44',0,1,'安徽省池州市贵池区',2,'贵池区',',1026,1135,',1135),
	(1137,'2017-06-16 00:22:45','2017-06-16 00:22:45',0,2,'安徽省池州市东至县',2,'东至县',',1026,1135,',1135),
	(1138,'2017-06-16 00:22:46','2017-06-16 00:22:46',0,3,'安徽省池州市石台县',2,'石台县',',1026,1135,',1135),
	(1139,'2017-06-16 00:22:47','2017-06-16 00:22:47',0,4,'安徽省池州市青阳县',2,'青阳县',',1026,1135,',1135),
	(1140,'2017-06-16 00:22:48','2017-06-16 00:22:48',0,16,'安徽省宣城市',1,'宣城市',',1026,',1026),
	(1141,'2017-06-16 00:22:49','2017-06-16 00:22:49',0,1,'安徽省宣城市宣州区',2,'宣州区',',1026,1140,',1140),
	(1142,'2017-06-16 00:22:50','2017-06-16 00:22:50',0,2,'安徽省宣城市郎溪县',2,'郎溪县',',1026,1140,',1140),
	(1143,'2017-06-16 00:22:51','2017-06-16 00:22:51',0,3,'安徽省宣城市广德县',2,'广德县',',1026,1140,',1140),
	(1144,'2017-06-16 00:22:52','2017-06-16 00:22:52',0,4,'安徽省宣城市泾县',2,'泾县',',1026,1140,',1140),
	(1145,'2017-06-16 00:22:53','2017-06-16 00:22:53',0,5,'安徽省宣城市绩溪县',2,'绩溪县',',1026,1140,',1140),
	(1146,'2017-06-16 00:22:54','2017-06-16 00:22:54',0,6,'安徽省宣城市旌德县',2,'旌德县',',1026,1140,',1140),
	(1147,'2017-06-16 00:22:55','2017-06-16 00:22:55',0,7,'安徽省宣城市宁国市',2,'宁国市',',1026,1140,',1140),
	(1148,'2017-06-16 00:22:56','2017-06-16 00:22:56',0,13,'福建省',0,'福建省',',',NULL),
	(1149,'2017-06-16 00:22:57','2017-06-16 00:22:57',0,1,'福建省福州市',1,'福州市',',1148,',1148),
	(1150,'2017-06-16 00:22:58','2017-06-16 00:22:58',0,1,'福建省福州市鼓楼区',2,'鼓楼区',',1148,1149,',1149),
	(1151,'2017-06-16 00:22:59','2017-06-16 00:22:59',0,2,'福建省福州市台江区',2,'台江区',',1148,1149,',1149),
	(1152,'2017-06-16 00:23:00','2017-06-16 00:23:00',0,3,'福建省福州市仓山区',2,'仓山区',',1148,1149,',1149),
	(1153,'2017-06-16 00:23:01','2017-06-16 00:23:01',0,4,'福建省福州市马尾区',2,'马尾区',',1148,1149,',1149),
	(1154,'2017-06-16 00:23:02','2017-06-16 00:23:02',0,5,'福建省福州市晋安区',2,'晋安区',',1148,1149,',1149),
	(1155,'2017-06-16 00:23:03','2017-06-16 00:23:03',0,6,'福建省福州市闽侯县',2,'闽侯县',',1148,1149,',1149),
	(1156,'2017-06-16 00:23:04','2017-06-16 00:23:04',0,7,'福建省福州市连江县',2,'连江县',',1148,1149,',1149),
	(1157,'2017-06-16 00:23:05','2017-06-16 00:23:05',0,8,'福建省福州市罗源县',2,'罗源县',',1148,1149,',1149),
	(1158,'2017-06-16 00:23:06','2017-06-16 00:23:06',0,9,'福建省福州市闽清县',2,'闽清县',',1148,1149,',1149),
	(1159,'2017-06-16 00:23:07','2017-06-16 00:23:07',0,10,'福建省福州市永泰县',2,'永泰县',',1148,1149,',1149),
	(1160,'2017-06-16 00:23:08','2017-06-16 00:23:08',0,11,'福建省福州市平潭县',2,'平潭县',',1148,1149,',1149),
	(1161,'2017-06-16 00:23:09','2017-06-16 00:23:09',0,12,'福建省福州市福清市',2,'福清市',',1148,1149,',1149),
	(1162,'2017-06-16 00:23:10','2017-06-16 00:23:10',0,13,'福建省福州市长乐市',2,'长乐市',',1148,1149,',1149),
	(1163,'2017-06-16 00:23:11','2017-06-16 00:23:11',0,2,'福建省厦门市',1,'厦门市',',1148,',1148),
	(1164,'2017-06-16 00:23:12','2017-06-16 00:23:12',0,1,'福建省厦门市思明区',2,'思明区',',1148,1163,',1163),
	(1165,'2017-06-16 00:23:13','2017-06-16 00:23:13',0,2,'福建省厦门市海沧区',2,'海沧区',',1148,1163,',1163),
	(1166,'2017-06-16 00:23:14','2017-06-16 00:23:14',0,3,'福建省厦门市湖里区',2,'湖里区',',1148,1163,',1163),
	(1167,'2017-06-16 00:23:15','2017-06-16 00:23:15',0,4,'福建省厦门市集美区',2,'集美区',',1148,1163,',1163),
	(1168,'2017-06-16 00:23:16','2017-06-16 00:23:16',0,5,'福建省厦门市同安区',2,'同安区',',1148,1163,',1163),
	(1169,'2017-06-16 00:23:17','2017-06-16 00:23:17',0,6,'福建省厦门市翔安区',2,'翔安区',',1148,1163,',1163),
	(1170,'2017-06-16 00:23:18','2017-06-16 00:23:18',0,3,'福建省莆田市',1,'莆田市',',1148,',1148),
	(1171,'2017-06-16 00:23:19','2017-06-16 00:23:19',0,1,'福建省莆田市城厢区',2,'城厢区',',1148,1170,',1170),
	(1172,'2017-06-16 00:23:20','2017-06-16 00:23:20',0,2,'福建省莆田市涵江区',2,'涵江区',',1148,1170,',1170),
	(1173,'2017-06-16 00:23:21','2017-06-16 00:23:21',0,3,'福建省莆田市荔城区',2,'荔城区',',1148,1170,',1170),
	(1174,'2017-06-16 00:23:22','2017-06-16 00:23:22',0,4,'福建省莆田市秀屿区',2,'秀屿区',',1148,1170,',1170),
	(1175,'2017-06-16 00:23:23','2017-06-16 00:23:23',0,5,'福建省莆田市仙游县',2,'仙游县',',1148,1170,',1170),
	(1176,'2017-06-16 00:23:24','2017-06-16 00:23:24',0,4,'福建省三明市',1,'三明市',',1148,',1148),
	(1177,'2017-06-16 00:23:25','2017-06-16 00:23:25',0,1,'福建省三明市梅列区',2,'梅列区',',1148,1176,',1176),
	(1178,'2017-06-16 00:23:26','2017-06-16 00:23:26',0,2,'福建省三明市三元区',2,'三元区',',1148,1176,',1176),
	(1179,'2017-06-16 00:23:27','2017-06-16 00:23:27',0,3,'福建省三明市明溪县',2,'明溪县',',1148,1176,',1176),
	(1180,'2017-06-16 00:23:28','2017-06-16 00:23:28',0,4,'福建省三明市清流县',2,'清流县',',1148,1176,',1176),
	(1181,'2017-06-16 00:23:29','2017-06-16 00:23:29',0,5,'福建省三明市宁化县',2,'宁化县',',1148,1176,',1176),
	(1182,'2017-06-16 00:23:30','2017-06-16 00:23:30',0,6,'福建省三明市大田县',2,'大田县',',1148,1176,',1176),
	(1183,'2017-06-16 00:23:31','2017-06-16 00:23:31',0,7,'福建省三明市尤溪县',2,'尤溪县',',1148,1176,',1176),
	(1184,'2017-06-16 00:23:32','2017-06-16 00:23:32',0,8,'福建省三明市沙县',2,'沙县',',1148,1176,',1176),
	(1185,'2017-06-16 00:23:33','2017-06-16 00:23:33',0,9,'福建省三明市将乐县',2,'将乐县',',1148,1176,',1176),
	(1186,'2017-06-16 00:23:34','2017-06-16 00:23:34',0,10,'福建省三明市泰宁县',2,'泰宁县',',1148,1176,',1176),
	(1187,'2017-06-16 00:23:35','2017-06-16 00:23:35',0,11,'福建省三明市建宁县',2,'建宁县',',1148,1176,',1176),
	(1188,'2017-06-16 00:23:36','2017-06-16 00:23:36',0,12,'福建省三明市永安市',2,'永安市',',1148,1176,',1176),
	(1189,'2017-06-16 00:23:37','2017-06-16 00:23:37',0,5,'福建省泉州市',1,'泉州市',',1148,',1148),
	(1190,'2017-06-16 00:23:38','2017-06-16 00:23:38',0,1,'福建省泉州市鲤城区',2,'鲤城区',',1148,1189,',1189),
	(1191,'2017-06-16 00:23:39','2017-06-16 00:23:39',0,2,'福建省泉州市丰泽区',2,'丰泽区',',1148,1189,',1189),
	(1192,'2017-06-16 00:23:40','2017-06-16 00:23:40',0,3,'福建省泉州市洛江区',2,'洛江区',',1148,1189,',1189),
	(1193,'2017-06-16 00:23:41','2017-06-16 00:23:41',0,4,'福建省泉州市泉港区',2,'泉港区',',1148,1189,',1189),
	(1194,'2017-06-16 00:23:42','2017-06-16 00:23:42',0,5,'福建省泉州市惠安县',2,'惠安县',',1148,1189,',1189),
	(1195,'2017-06-16 00:23:43','2017-06-16 00:23:43',0,6,'福建省泉州市安溪县',2,'安溪县',',1148,1189,',1189),
	(1196,'2017-06-16 00:23:44','2017-06-16 00:23:44',0,7,'福建省泉州市永春县',2,'永春县',',1148,1189,',1189),
	(1197,'2017-06-16 00:23:45','2017-06-16 00:23:45',0,8,'福建省泉州市德化县',2,'德化县',',1148,1189,',1189),
	(1198,'2017-06-16 00:23:46','2017-06-16 00:23:46',0,9,'福建省泉州市金门县',2,'金门县',',1148,1189,',1189),
	(1199,'2017-06-16 00:23:47','2017-06-16 00:23:47',0,10,'福建省泉州市石狮市',2,'石狮市',',1148,1189,',1189),
	(1200,'2017-06-16 00:23:48','2017-06-16 00:23:48',0,11,'福建省泉州市晋江市',2,'晋江市',',1148,1189,',1189),
	(1201,'2017-06-16 00:23:49','2017-06-16 00:23:49',0,12,'福建省泉州市南安市',2,'南安市',',1148,1189,',1189),
	(1202,'2017-06-16 00:23:50','2017-06-16 00:23:50',0,6,'福建省漳州市',1,'漳州市',',1148,',1148),
	(1203,'2017-06-16 00:23:51','2017-06-16 00:23:51',0,1,'福建省漳州市芗城区',2,'芗城区',',1148,1202,',1202),
	(1204,'2017-06-16 00:23:52','2017-06-16 00:23:52',0,2,'福建省漳州市龙文区',2,'龙文区',',1148,1202,',1202),
	(1205,'2017-06-16 00:23:53','2017-06-16 00:23:53',0,3,'福建省漳州市云霄县',2,'云霄县',',1148,1202,',1202),
	(1206,'2017-06-16 00:23:54','2017-06-16 00:23:54',0,4,'福建省漳州市漳浦县',2,'漳浦县',',1148,1202,',1202),
	(1207,'2017-06-16 00:23:55','2017-06-16 00:23:55',0,5,'福建省漳州市诏安县',2,'诏安县',',1148,1202,',1202),
	(1208,'2017-06-16 00:23:56','2017-06-16 00:23:56',0,6,'福建省漳州市长泰县',2,'长泰县',',1148,1202,',1202),
	(1209,'2017-06-16 00:23:57','2017-06-16 00:23:57',0,7,'福建省漳州市东山县',2,'东山县',',1148,1202,',1202),
	(1210,'2017-06-16 00:23:58','2017-06-16 00:23:58',0,8,'福建省漳州市南靖县',2,'南靖县',',1148,1202,',1202),
	(1211,'2017-06-16 00:23:59','2017-06-16 00:23:59',0,9,'福建省漳州市平和县',2,'平和县',',1148,1202,',1202),
	(1212,'2017-06-16 00:24:00','2017-06-16 00:24:00',0,10,'福建省漳州市华安县',2,'华安县',',1148,1202,',1202),
	(1213,'2017-06-16 00:24:01','2017-06-16 00:24:01',0,11,'福建省漳州市龙海市',2,'龙海市',',1148,1202,',1202),
	(1214,'2017-06-16 00:24:02','2017-06-16 00:24:02',0,7,'福建省南平市',1,'南平市',',1148,',1148),
	(1215,'2017-06-16 00:24:03','2017-06-16 00:24:03',0,1,'福建省南平市延平区',2,'延平区',',1148,1214,',1214),
	(1216,'2017-06-16 00:24:04','2017-06-16 00:24:04',0,2,'福建省南平市顺昌县',2,'顺昌县',',1148,1214,',1214),
	(1217,'2017-06-16 00:24:05','2017-06-16 00:24:05',0,3,'福建省南平市浦城县',2,'浦城县',',1148,1214,',1214),
	(1218,'2017-06-16 00:24:06','2017-06-16 00:24:06',0,4,'福建省南平市光泽县',2,'光泽县',',1148,1214,',1214),
	(1219,'2017-06-16 00:24:07','2017-06-16 00:24:07',0,5,'福建省南平市松溪县',2,'松溪县',',1148,1214,',1214),
	(1220,'2017-06-16 00:24:08','2017-06-16 00:24:08',0,6,'福建省南平市政和县',2,'政和县',',1148,1214,',1214),
	(1221,'2017-06-16 00:24:09','2017-06-16 00:24:09',0,7,'福建省南平市邵武市',2,'邵武市',',1148,1214,',1214),
	(1222,'2017-06-16 00:24:10','2017-06-16 00:24:10',0,8,'福建省南平市武夷山市',2,'武夷山市',',1148,1214,',1214),
	(1223,'2017-06-16 00:24:11','2017-06-16 00:24:11',0,9,'福建省南平市建瓯市',2,'建瓯市',',1148,1214,',1214),
	(1224,'2017-06-16 00:24:12','2017-06-16 00:24:12',0,10,'福建省南平市建阳市',2,'建阳市',',1148,1214,',1214),
	(1225,'2017-06-16 00:24:13','2017-06-16 00:24:13',0,8,'福建省龙岩市',1,'龙岩市',',1148,',1148),
	(1226,'2017-06-16 00:24:14','2017-06-16 00:24:14',0,1,'福建省龙岩市新罗区',2,'新罗区',',1148,1225,',1225),
	(1227,'2017-06-16 00:24:15','2017-06-16 00:24:15',0,2,'福建省龙岩市长汀县',2,'长汀县',',1148,1225,',1225),
	(1228,'2017-06-16 00:24:16','2017-06-16 00:24:16',0,3,'福建省龙岩市永定县',2,'永定县',',1148,1225,',1225),
	(1229,'2017-06-16 00:24:17','2017-06-16 00:24:17',0,4,'福建省龙岩市上杭县',2,'上杭县',',1148,1225,',1225),
	(1230,'2017-06-16 00:24:18','2017-06-16 00:24:18',0,5,'福建省龙岩市武平县',2,'武平县',',1148,1225,',1225),
	(1231,'2017-06-16 00:24:19','2017-06-16 00:24:19',0,6,'福建省龙岩市连城县',2,'连城县',',1148,1225,',1225),
	(1232,'2017-06-16 00:24:20','2017-06-16 00:24:20',0,7,'福建省龙岩市漳平市',2,'漳平市',',1148,1225,',1225),
	(1233,'2017-06-16 00:24:21','2017-06-16 00:24:21',0,9,'福建省宁德市',1,'宁德市',',1148,',1148),
	(1234,'2017-06-16 00:24:22','2017-06-16 00:24:22',0,1,'福建省宁德市蕉城区',2,'蕉城区',',1148,1233,',1233),
	(1235,'2017-06-16 00:24:23','2017-06-16 00:24:23',0,2,'福建省宁德市霞浦县',2,'霞浦县',',1148,1233,',1233),
	(1236,'2017-06-16 00:24:24','2017-06-16 00:24:24',0,3,'福建省宁德市古田县',2,'古田县',',1148,1233,',1233),
	(1237,'2017-06-16 00:24:25','2017-06-16 00:24:25',0,4,'福建省宁德市屏南县',2,'屏南县',',1148,1233,',1233),
	(1238,'2017-06-16 00:24:26','2017-06-16 00:24:26',0,5,'福建省宁德市寿宁县',2,'寿宁县',',1148,1233,',1233),
	(1239,'2017-06-16 00:24:27','2017-06-16 00:24:27',0,6,'福建省宁德市周宁县',2,'周宁县',',1148,1233,',1233),
	(1240,'2017-06-16 00:24:28','2017-06-16 00:24:28',0,7,'福建省宁德市柘荣县',2,'柘荣县',',1148,1233,',1233),
	(1241,'2017-06-16 00:24:29','2017-06-16 00:24:29',0,8,'福建省宁德市福安市',2,'福安市',',1148,1233,',1233),
	(1242,'2017-06-16 00:24:30','2017-06-16 00:24:30',0,9,'福建省宁德市福鼎市',2,'福鼎市',',1148,1233,',1233),
	(1243,'2017-06-16 00:24:31','2017-06-16 00:24:31',0,14,'江西省',0,'江西省',',',NULL),
	(1244,'2017-06-16 00:24:32','2017-06-16 00:24:32',0,1,'江西省南昌市',1,'南昌市',',1243,',1243),
	(1245,'2017-06-16 00:24:33','2017-06-16 00:24:33',0,1,'江西省南昌市东湖区',2,'东湖区',',1243,1244,',1244),
	(1246,'2017-06-16 00:24:34','2017-06-16 00:24:34',0,2,'江西省南昌市西湖区',2,'西湖区',',1243,1244,',1244),
	(1247,'2017-06-16 00:24:35','2017-06-16 00:24:35',0,3,'江西省南昌市青云谱区',2,'青云谱区',',1243,1244,',1244),
	(1248,'2017-06-16 00:24:36','2017-06-16 00:24:36',0,4,'江西省南昌市湾里区',2,'湾里区',',1243,1244,',1244),
	(1249,'2017-06-16 00:24:37','2017-06-16 00:24:37',0,5,'江西省南昌市青山湖区',2,'青山湖区',',1243,1244,',1244),
	(1250,'2017-06-16 00:24:38','2017-06-16 00:24:38',0,6,'江西省南昌市南昌县',2,'南昌县',',1243,1244,',1244),
	(1251,'2017-06-16 00:24:39','2017-06-16 00:24:39',0,7,'江西省南昌市新建县',2,'新建县',',1243,1244,',1244),
	(1252,'2017-06-16 00:24:40','2017-06-16 00:24:40',0,8,'江西省南昌市安义县',2,'安义县',',1243,1244,',1244),
	(1253,'2017-06-16 00:24:41','2017-06-16 00:24:41',0,9,'江西省南昌市进贤县',2,'进贤县',',1243,1244,',1244),
	(1254,'2017-06-16 00:24:42','2017-06-16 00:24:42',0,2,'江西省景德镇市',1,'景德镇市',',1243,',1243),
	(1255,'2017-06-16 00:24:43','2017-06-16 00:24:43',0,1,'江西省景德镇市昌江区',2,'昌江区',',1243,1254,',1254),
	(1256,'2017-06-16 00:24:44','2017-06-16 00:24:44',0,2,'江西省景德镇市珠山区',2,'珠山区',',1243,1254,',1254),
	(1257,'2017-06-16 00:24:45','2017-06-16 00:24:45',0,3,'江西省景德镇市浮梁县',2,'浮梁县',',1243,1254,',1254),
	(1258,'2017-06-16 00:24:46','2017-06-16 00:24:46',0,4,'江西省景德镇市乐平市',2,'乐平市',',1243,1254,',1254),
	(1259,'2017-06-16 00:24:47','2017-06-16 00:24:47',0,3,'江西省萍乡市',1,'萍乡市',',1243,',1243),
	(1260,'2017-06-16 00:24:48','2017-06-16 00:24:48',0,1,'江西省萍乡市安源区',2,'安源区',',1243,1259,',1259),
	(1261,'2017-06-16 00:24:49','2017-06-16 00:24:49',0,2,'江西省萍乡市湘东区',2,'湘东区',',1243,1259,',1259),
	(1262,'2017-06-16 00:24:50','2017-06-16 00:24:50',0,3,'江西省萍乡市莲花县',2,'莲花县',',1243,1259,',1259),
	(1263,'2017-06-16 00:24:51','2017-06-16 00:24:51',0,4,'江西省萍乡市上栗县',2,'上栗县',',1243,1259,',1259),
	(1264,'2017-06-16 00:24:52','2017-06-16 00:24:52',0,5,'江西省萍乡市芦溪县',2,'芦溪县',',1243,1259,',1259),
	(1265,'2017-06-16 00:24:53','2017-06-16 00:24:53',0,4,'江西省九江市',1,'九江市',',1243,',1243),
	(1266,'2017-06-16 00:24:54','2017-06-16 00:24:54',0,1,'江西省九江市庐山区',2,'庐山区',',1243,1265,',1265),
	(1267,'2017-06-16 00:24:55','2017-06-16 00:24:55',0,2,'江西省九江市浔阳区',2,'浔阳区',',1243,1265,',1265),
	(1268,'2017-06-16 00:24:56','2017-06-16 00:24:56',0,3,'江西省九江市九江县',2,'九江县',',1243,1265,',1265),
	(1269,'2017-06-16 00:24:57','2017-06-16 00:24:57',0,4,'江西省九江市武宁县',2,'武宁县',',1243,1265,',1265),
	(1270,'2017-06-16 00:24:58','2017-06-16 00:24:58',0,5,'江西省九江市修水县',2,'修水县',',1243,1265,',1265),
	(1271,'2017-06-16 00:24:59','2017-06-16 00:24:59',0,6,'江西省九江市永修县',2,'永修县',',1243,1265,',1265),
	(1272,'2017-06-16 00:25:00','2017-06-16 00:25:00',0,7,'江西省九江市德安县',2,'德安县',',1243,1265,',1265),
	(1273,'2017-06-16 00:25:01','2017-06-16 00:25:01',0,8,'江西省九江市星子县',2,'星子县',',1243,1265,',1265),
	(1274,'2017-06-16 00:25:02','2017-06-16 00:25:02',0,9,'江西省九江市都昌县',2,'都昌县',',1243,1265,',1265),
	(1275,'2017-06-16 00:25:03','2017-06-16 00:25:03',0,10,'江西省九江市湖口县',2,'湖口县',',1243,1265,',1265),
	(1276,'2017-06-16 00:25:04','2017-06-16 00:25:04',0,11,'江西省九江市彭泽县',2,'彭泽县',',1243,1265,',1265),
	(1277,'2017-06-16 00:25:05','2017-06-16 00:25:05',0,12,'江西省九江市瑞昌市',2,'瑞昌市',',1243,1265,',1265),
	(1278,'2017-06-16 00:25:06','2017-06-16 00:25:06',0,13,'江西省九江市共青城市',2,'共青城市',',1243,1265,',1265),
	(1279,'2017-06-16 00:25:07','2017-06-16 00:25:07',0,5,'江西省新余市',1,'新余市',',1243,',1243),
	(1280,'2017-06-16 00:25:08','2017-06-16 00:25:08',0,1,'江西省新余市渝水区',2,'渝水区',',1243,1279,',1279),
	(1281,'2017-06-16 00:25:09','2017-06-16 00:25:09',0,2,'江西省新余市分宜县',2,'分宜县',',1243,1279,',1279),
	(1282,'2017-06-16 00:25:10','2017-06-16 00:25:10',0,6,'江西省鹰潭市',1,'鹰潭市',',1243,',1243),
	(1283,'2017-06-16 00:25:11','2017-06-16 00:25:11',0,1,'江西省鹰潭市月湖区',2,'月湖区',',1243,1282,',1282),
	(1284,'2017-06-16 00:25:12','2017-06-16 00:25:12',0,2,'江西省鹰潭市余江县',2,'余江县',',1243,1282,',1282),
	(1285,'2017-06-16 00:25:13','2017-06-16 00:25:13',0,3,'江西省鹰潭市贵溪市',2,'贵溪市',',1243,1282,',1282),
	(1286,'2017-06-16 00:25:14','2017-06-16 00:25:14',0,7,'江西省赣州市',1,'赣州市',',1243,',1243),
	(1287,'2017-06-16 00:25:15','2017-06-16 00:25:15',0,1,'江西省赣州市章贡区',2,'章贡区',',1243,1286,',1286),
	(1288,'2017-06-16 00:25:16','2017-06-16 00:25:16',0,2,'江西省赣州市赣县',2,'赣县',',1243,1286,',1286),
	(1289,'2017-06-16 00:25:17','2017-06-16 00:25:17',0,3,'江西省赣州市信丰县',2,'信丰县',',1243,1286,',1286),
	(1290,'2017-06-16 00:25:18','2017-06-16 00:25:18',0,4,'江西省赣州市大余县',2,'大余县',',1243,1286,',1286),
	(1291,'2017-06-16 00:25:19','2017-06-16 00:25:19',0,5,'江西省赣州市上犹县',2,'上犹县',',1243,1286,',1286),
	(1292,'2017-06-16 00:25:20','2017-06-16 00:25:20',0,6,'江西省赣州市崇义县',2,'崇义县',',1243,1286,',1286),
	(1293,'2017-06-16 00:25:21','2017-06-16 00:25:21',0,7,'江西省赣州市安远县',2,'安远县',',1243,1286,',1286),
	(1294,'2017-06-16 00:25:22','2017-06-16 00:25:22',0,8,'江西省赣州市龙南县',2,'龙南县',',1243,1286,',1286),
	(1295,'2017-06-16 00:25:23','2017-06-16 00:25:23',0,9,'江西省赣州市定南县',2,'定南县',',1243,1286,',1286),
	(1296,'2017-06-16 00:25:24','2017-06-16 00:25:24',0,10,'江西省赣州市全南县',2,'全南县',',1243,1286,',1286),
	(1297,'2017-06-16 00:25:25','2017-06-16 00:25:25',0,11,'江西省赣州市宁都县',2,'宁都县',',1243,1286,',1286),
	(1298,'2017-06-16 00:25:26','2017-06-16 00:25:26',0,12,'江西省赣州市于都县',2,'于都县',',1243,1286,',1286),
	(1299,'2017-06-16 00:25:27','2017-06-16 00:25:27',0,13,'江西省赣州市兴国县',2,'兴国县',',1243,1286,',1286),
	(1300,'2017-06-16 00:25:28','2017-06-16 00:25:28',0,14,'江西省赣州市会昌县',2,'会昌县',',1243,1286,',1286),
	(1301,'2017-06-16 00:25:29','2017-06-16 00:25:29',0,15,'江西省赣州市寻乌县',2,'寻乌县',',1243,1286,',1286),
	(1302,'2017-06-16 00:25:30','2017-06-16 00:25:30',0,16,'江西省赣州市石城县',2,'石城县',',1243,1286,',1286),
	(1303,'2017-06-16 00:25:31','2017-06-16 00:25:31',0,17,'江西省赣州市瑞金市',2,'瑞金市',',1243,1286,',1286),
	(1304,'2017-06-16 00:25:32','2017-06-16 00:25:32',0,18,'江西省赣州市南康市',2,'南康市',',1243,1286,',1286),
	(1305,'2017-06-16 00:25:33','2017-06-16 00:25:33',0,8,'江西省吉安市',1,'吉安市',',1243,',1243),
	(1306,'2017-06-16 00:25:34','2017-06-16 00:25:34',0,1,'江西省吉安市吉州区',2,'吉州区',',1243,1305,',1305),
	(1307,'2017-06-16 00:25:35','2017-06-16 00:25:35',0,2,'江西省吉安市青原区',2,'青原区',',1243,1305,',1305),
	(1308,'2017-06-16 00:25:36','2017-06-16 00:25:36',0,3,'江西省吉安市吉安县',2,'吉安县',',1243,1305,',1305),
	(1309,'2017-06-16 00:25:37','2017-06-16 00:25:37',0,4,'江西省吉安市吉水县',2,'吉水县',',1243,1305,',1305),
	(1310,'2017-06-16 00:25:38','2017-06-16 00:25:38',0,5,'江西省吉安市峡江县',2,'峡江县',',1243,1305,',1305),
	(1311,'2017-06-16 00:25:39','2017-06-16 00:25:39',0,6,'江西省吉安市新干县',2,'新干县',',1243,1305,',1305),
	(1312,'2017-06-16 00:25:40','2017-06-16 00:25:40',0,7,'江西省吉安市永丰县',2,'永丰县',',1243,1305,',1305),
	(1313,'2017-06-16 00:25:41','2017-06-16 00:25:41',0,8,'江西省吉安市泰和县',2,'泰和县',',1243,1305,',1305),
	(1314,'2017-06-16 00:25:42','2017-06-16 00:25:42',0,9,'江西省吉安市遂川县',2,'遂川县',',1243,1305,',1305),
	(1315,'2017-06-16 00:25:43','2017-06-16 00:25:43',0,10,'江西省吉安市万安县',2,'万安县',',1243,1305,',1305),
	(1316,'2017-06-16 00:25:44','2017-06-16 00:25:44',0,11,'江西省吉安市安福县',2,'安福县',',1243,1305,',1305),
	(1317,'2017-06-16 00:25:45','2017-06-16 00:25:45',0,12,'江西省吉安市永新县',2,'永新县',',1243,1305,',1305),
	(1318,'2017-06-16 00:25:46','2017-06-16 00:25:46',0,13,'江西省吉安市井冈山市',2,'井冈山市',',1243,1305,',1305),
	(1319,'2017-06-16 00:25:47','2017-06-16 00:25:47',0,9,'江西省宜春市',1,'宜春市',',1243,',1243),
	(1320,'2017-06-16 00:25:48','2017-06-16 00:25:48',0,1,'江西省宜春市袁州区',2,'袁州区',',1243,1319,',1319),
	(1321,'2017-06-16 00:25:49','2017-06-16 00:25:49',0,2,'江西省宜春市奉新县',2,'奉新县',',1243,1319,',1319),
	(1322,'2017-06-16 00:25:50','2017-06-16 00:25:50',0,3,'江西省宜春市万载县',2,'万载县',',1243,1319,',1319),
	(1323,'2017-06-16 00:25:51','2017-06-16 00:25:51',0,4,'江西省宜春市上高县',2,'上高县',',1243,1319,',1319),
	(1324,'2017-06-16 00:25:52','2017-06-16 00:25:52',0,5,'江西省宜春市宜丰县',2,'宜丰县',',1243,1319,',1319),
	(1325,'2017-06-16 00:25:53','2017-06-16 00:25:53',0,6,'江西省宜春市靖安县',2,'靖安县',',1243,1319,',1319),
	(1326,'2017-06-16 00:25:54','2017-06-16 00:25:54',0,7,'江西省宜春市铜鼓县',2,'铜鼓县',',1243,1319,',1319),
	(1327,'2017-06-16 00:25:55','2017-06-16 00:25:55',0,8,'江西省宜春市丰城市',2,'丰城市',',1243,1319,',1319),
	(1328,'2017-06-16 00:25:56','2017-06-16 00:25:56',0,9,'江西省宜春市樟树市',2,'樟树市',',1243,1319,',1319),
	(1329,'2017-06-16 00:25:57','2017-06-16 00:25:57',0,10,'江西省宜春市高安市',2,'高安市',',1243,1319,',1319),
	(1330,'2017-06-16 00:25:58','2017-06-16 00:25:58',0,10,'江西省抚州市',1,'抚州市',',1243,',1243),
	(1331,'2017-06-16 00:25:59','2017-06-16 00:25:59',0,1,'江西省抚州市临川区',2,'临川区',',1243,1330,',1330),
	(1332,'2017-06-16 00:26:00','2017-06-16 00:26:00',0,2,'江西省抚州市南城县',2,'南城县',',1243,1330,',1330),
	(1333,'2017-06-16 00:26:01','2017-06-16 00:26:01',0,3,'江西省抚州市黎川县',2,'黎川县',',1243,1330,',1330),
	(1334,'2017-06-16 00:26:02','2017-06-16 00:26:02',0,4,'江西省抚州市南丰县',2,'南丰县',',1243,1330,',1330),
	(1335,'2017-06-16 00:26:03','2017-06-16 00:26:03',0,5,'江西省抚州市崇仁县',2,'崇仁县',',1243,1330,',1330),
	(1336,'2017-06-16 00:26:04','2017-06-16 00:26:04',0,6,'江西省抚州市乐安县',2,'乐安县',',1243,1330,',1330),
	(1337,'2017-06-16 00:26:05','2017-06-16 00:26:05',0,7,'江西省抚州市宜黄县',2,'宜黄县',',1243,1330,',1330),
	(1338,'2017-06-16 00:26:06','2017-06-16 00:26:06',0,8,'江西省抚州市金溪县',2,'金溪县',',1243,1330,',1330),
	(1339,'2017-06-16 00:26:07','2017-06-16 00:26:07',0,9,'江西省抚州市资溪县',2,'资溪县',',1243,1330,',1330),
	(1340,'2017-06-16 00:26:08','2017-06-16 00:26:08',0,10,'江西省抚州市东乡县',2,'东乡县',',1243,1330,',1330),
	(1341,'2017-06-16 00:26:09','2017-06-16 00:26:09',0,11,'江西省抚州市广昌县',2,'广昌县',',1243,1330,',1330),
	(1342,'2017-06-16 00:26:10','2017-06-16 00:26:10',0,11,'江西省上饶市',1,'上饶市',',1243,',1243),
	(1343,'2017-06-16 00:26:11','2017-06-16 00:26:11',0,1,'江西省上饶市信州区',2,'信州区',',1243,1342,',1342),
	(1344,'2017-06-16 00:26:12','2017-06-16 00:26:12',0,2,'江西省上饶市上饶县',2,'上饶县',',1243,1342,',1342),
	(1345,'2017-06-16 00:26:13','2017-06-16 00:26:13',0,3,'江西省上饶市广丰县',2,'广丰县',',1243,1342,',1342),
	(1346,'2017-06-16 00:26:14','2017-06-16 00:26:14',0,4,'江西省上饶市玉山县',2,'玉山县',',1243,1342,',1342),
	(1347,'2017-06-16 00:26:15','2017-06-16 00:26:15',0,5,'江西省上饶市铅山县',2,'铅山县',',1243,1342,',1342),
	(1348,'2017-06-16 00:26:16','2017-06-16 00:26:16',0,6,'江西省上饶市横峰县',2,'横峰县',',1243,1342,',1342),
	(1349,'2017-06-16 00:26:17','2017-06-16 00:26:17',0,7,'江西省上饶市弋阳县',2,'弋阳县',',1243,1342,',1342),
	(1350,'2017-06-16 00:26:18','2017-06-16 00:26:18',0,8,'江西省上饶市余干县',2,'余干县',',1243,1342,',1342),
	(1351,'2017-06-16 00:26:19','2017-06-16 00:26:19',0,9,'江西省上饶市鄱阳县',2,'鄱阳县',',1243,1342,',1342),
	(1352,'2017-06-16 00:26:20','2017-06-16 00:26:20',0,10,'江西省上饶市万年县',2,'万年县',',1243,1342,',1342),
	(1353,'2017-06-16 00:26:21','2017-06-16 00:26:21',0,11,'江西省上饶市婺源县',2,'婺源县',',1243,1342,',1342),
	(1354,'2017-06-16 00:26:22','2017-06-16 00:26:22',0,12,'江西省上饶市德兴市',2,'德兴市',',1243,1342,',1342),
	(1355,'2017-06-16 00:26:23','2017-06-16 00:26:23',0,15,'山东省',0,'山东省',',',NULL),
	(1356,'2017-06-16 00:26:24','2017-06-16 00:26:24',0,1,'山东省济南市',1,'济南市',',1355,',1355),
	(1357,'2017-06-16 00:26:25','2017-06-16 00:26:25',0,1,'山东省济南市历下区',2,'历下区',',1355,1356,',1356),
	(1358,'2017-06-16 00:26:26','2017-06-16 00:26:26',0,2,'山东省济南市市中区',2,'市中区',',1355,1356,',1356),
	(1359,'2017-06-16 00:26:27','2017-06-16 00:26:27',0,3,'山东省济南市槐荫区',2,'槐荫区',',1355,1356,',1356),
	(1360,'2017-06-16 00:26:28','2017-06-16 00:26:28',0,4,'山东省济南市天桥区',2,'天桥区',',1355,1356,',1356),
	(1361,'2017-06-16 00:26:29','2017-06-16 00:26:29',0,5,'山东省济南市历城区',2,'历城区',',1355,1356,',1356),
	(1362,'2017-06-16 00:26:30','2017-06-16 00:26:30',0,6,'山东省济南市长清区',2,'长清区',',1355,1356,',1356),
	(1363,'2017-06-16 00:26:31','2017-06-16 00:26:31',0,7,'山东省济南市平阴县',2,'平阴县',',1355,1356,',1356),
	(1364,'2017-06-16 00:26:32','2017-06-16 00:26:32',0,8,'山东省济南市济阳县',2,'济阳县',',1355,1356,',1356),
	(1365,'2017-06-16 00:26:33','2017-06-16 00:26:33',0,9,'山东省济南市商河县',2,'商河县',',1355,1356,',1356),
	(1366,'2017-06-16 00:26:34','2017-06-16 00:26:34',0,10,'山东省济南市章丘市',2,'章丘市',',1355,1356,',1356),
	(1367,'2017-06-16 00:26:35','2017-06-16 00:26:35',0,2,'山东省青岛市',1,'青岛市',',1355,',1355),
	(1368,'2017-06-16 00:26:36','2017-06-16 00:26:36',0,1,'山东省青岛市市南区',2,'市南区',',1355,1367,',1367),
	(1369,'2017-06-16 00:26:37','2017-06-16 00:26:37',0,2,'山东省青岛市市北区',2,'市北区',',1355,1367,',1367),
	(1370,'2017-06-16 00:26:38','2017-06-16 00:26:38',0,3,'山东省青岛市黄岛区',2,'黄岛区',',1355,1367,',1367),
	(1371,'2017-06-16 00:26:39','2017-06-16 00:26:39',0,4,'山东省青岛市崂山区',2,'崂山区',',1355,1367,',1367),
	(1372,'2017-06-16 00:26:40','2017-06-16 00:26:40',0,5,'山东省青岛市李沧区',2,'李沧区',',1355,1367,',1367),
	(1373,'2017-06-16 00:26:41','2017-06-16 00:26:41',0,6,'山东省青岛市城阳区',2,'城阳区',',1355,1367,',1367),
	(1374,'2017-06-16 00:26:42','2017-06-16 00:26:42',0,7,'山东省青岛市胶州市',2,'胶州市',',1355,1367,',1367),
	(1375,'2017-06-16 00:26:43','2017-06-16 00:26:43',0,8,'山东省青岛市即墨市',2,'即墨市',',1355,1367,',1367),
	(1376,'2017-06-16 00:26:44','2017-06-16 00:26:44',0,9,'山东省青岛市平度市',2,'平度市',',1355,1367,',1367),
	(1377,'2017-06-16 00:26:45','2017-06-16 00:26:45',0,10,'山东省青岛市莱西市',2,'莱西市',',1355,1367,',1367),
	(1378,'2017-06-16 00:26:46','2017-06-16 00:26:46',0,3,'山东省淄博市',1,'淄博市',',1355,',1355),
	(1379,'2017-06-16 00:26:47','2017-06-16 00:26:47',0,1,'山东省淄博市淄川区',2,'淄川区',',1355,1378,',1378),
	(1380,'2017-06-16 00:26:48','2017-06-16 00:26:48',0,2,'山东省淄博市张店区',2,'张店区',',1355,1378,',1378),
	(1381,'2017-06-16 00:26:49','2017-06-16 00:26:49',0,3,'山东省淄博市博山区',2,'博山区',',1355,1378,',1378),
	(1382,'2017-06-16 00:26:50','2017-06-16 00:26:50',0,4,'山东省淄博市临淄区',2,'临淄区',',1355,1378,',1378),
	(1383,'2017-06-16 00:26:51','2017-06-16 00:26:51',0,5,'山东省淄博市周村区',2,'周村区',',1355,1378,',1378),
	(1384,'2017-06-16 00:26:52','2017-06-16 00:26:52',0,6,'山东省淄博市桓台县',2,'桓台县',',1355,1378,',1378),
	(1385,'2017-06-16 00:26:53','2017-06-16 00:26:53',0,7,'山东省淄博市高青县',2,'高青县',',1355,1378,',1378),
	(1386,'2017-06-16 00:26:54','2017-06-16 00:26:54',0,8,'山东省淄博市沂源县',2,'沂源县',',1355,1378,',1378),
	(1387,'2017-06-16 00:26:55','2017-06-16 00:26:55',0,4,'山东省枣庄市',1,'枣庄市',',1355,',1355),
	(1388,'2017-06-16 00:26:56','2017-06-16 00:26:56',0,1,'山东省枣庄市市中区',2,'市中区',',1355,1387,',1387),
	(1389,'2017-06-16 00:26:57','2017-06-16 00:26:57',0,2,'山东省枣庄市薛城区',2,'薛城区',',1355,1387,',1387),
	(1390,'2017-06-16 00:26:58','2017-06-16 00:26:58',0,3,'山东省枣庄市峄城区',2,'峄城区',',1355,1387,',1387),
	(1391,'2017-06-16 00:26:59','2017-06-16 00:26:59',0,4,'山东省枣庄市台儿庄区',2,'台儿庄区',',1355,1387,',1387),
	(1392,'2017-06-16 00:27:00','2017-06-16 00:27:00',0,5,'山东省枣庄市山亭区',2,'山亭区',',1355,1387,',1387),
	(1393,'2017-06-16 00:27:01','2017-06-16 00:27:01',0,6,'山东省枣庄市滕州市',2,'滕州市',',1355,1387,',1387),
	(1394,'2017-06-16 00:27:02','2017-06-16 00:27:02',0,5,'山东省东营市',1,'东营市',',1355,',1355),
	(1395,'2017-06-16 00:27:03','2017-06-16 00:27:03',0,1,'山东省东营市东营区',2,'东营区',',1355,1394,',1394),
	(1396,'2017-06-16 00:27:04','2017-06-16 00:27:04',0,2,'山东省东营市河口区',2,'河口区',',1355,1394,',1394),
	(1397,'2017-06-16 00:27:05','2017-06-16 00:27:05',0,3,'山东省东营市垦利县',2,'垦利县',',1355,1394,',1394),
	(1398,'2017-06-16 00:27:06','2017-06-16 00:27:06',0,4,'山东省东营市利津县',2,'利津县',',1355,1394,',1394),
	(1399,'2017-06-16 00:27:07','2017-06-16 00:27:07',0,5,'山东省东营市广饶县',2,'广饶县',',1355,1394,',1394),
	(1400,'2017-06-16 00:27:08','2017-06-16 00:27:08',0,6,'山东省烟台市',1,'烟台市',',1355,',1355),
	(1401,'2017-06-16 00:27:09','2017-06-16 00:27:09',0,1,'山东省烟台市芝罘区',2,'芝罘区',',1355,1400,',1400),
	(1402,'2017-06-16 00:27:10','2017-06-16 00:27:10',0,2,'山东省烟台市福山区',2,'福山区',',1355,1400,',1400),
	(1403,'2017-06-16 00:27:11','2017-06-16 00:27:11',0,3,'山东省烟台市牟平区',2,'牟平区',',1355,1400,',1400),
	(1404,'2017-06-16 00:27:12','2017-06-16 00:27:12',0,4,'山东省烟台市莱山区',2,'莱山区',',1355,1400,',1400),
	(1405,'2017-06-16 00:27:13','2017-06-16 00:27:13',0,5,'山东省烟台市长岛县',2,'长岛县',',1355,1400,',1400),
	(1406,'2017-06-16 00:27:14','2017-06-16 00:27:14',0,6,'山东省烟台市龙口市',2,'龙口市',',1355,1400,',1400),
	(1407,'2017-06-16 00:27:15','2017-06-16 00:27:15',0,7,'山东省烟台市莱阳市',2,'莱阳市',',1355,1400,',1400),
	(1408,'2017-06-16 00:27:16','2017-06-16 00:27:16',0,8,'山东省烟台市莱州市',2,'莱州市',',1355,1400,',1400),
	(1409,'2017-06-16 00:27:17','2017-06-16 00:27:17',0,9,'山东省烟台市蓬莱市',2,'蓬莱市',',1355,1400,',1400),
	(1410,'2017-06-16 00:27:18','2017-06-16 00:27:18',0,10,'山东省烟台市招远市',2,'招远市',',1355,1400,',1400),
	(1411,'2017-06-16 00:27:19','2017-06-16 00:27:19',0,11,'山东省烟台市栖霞市',2,'栖霞市',',1355,1400,',1400),
	(1412,'2017-06-16 00:27:20','2017-06-16 00:27:20',0,12,'山东省烟台市海阳市',2,'海阳市',',1355,1400,',1400),
	(1413,'2017-06-16 00:27:21','2017-06-16 00:27:21',0,7,'山东省潍坊市',1,'潍坊市',',1355,',1355),
	(1414,'2017-06-16 00:27:22','2017-06-16 00:27:22',0,1,'山东省潍坊市潍城区',2,'潍城区',',1355,1413,',1413),
	(1415,'2017-06-16 00:27:23','2017-06-16 00:27:23',0,2,'山东省潍坊市寒亭区',2,'寒亭区',',1355,1413,',1413),
	(1416,'2017-06-16 00:27:24','2017-06-16 00:27:24',0,3,'山东省潍坊市坊子区',2,'坊子区',',1355,1413,',1413),
	(1417,'2017-06-16 00:27:25','2017-06-16 00:27:25',0,4,'山东省潍坊市奎文区',2,'奎文区',',1355,1413,',1413),
	(1418,'2017-06-16 00:27:26','2017-06-16 00:27:26',0,5,'山东省潍坊市临朐县',2,'临朐县',',1355,1413,',1413),
	(1419,'2017-06-16 00:27:27','2017-06-16 00:27:27',0,6,'山东省潍坊市昌乐县',2,'昌乐县',',1355,1413,',1413),
	(1420,'2017-06-16 00:27:28','2017-06-16 00:27:28',0,7,'山东省潍坊市青州市',2,'青州市',',1355,1413,',1413),
	(1421,'2017-06-16 00:27:29','2017-06-16 00:27:29',0,8,'山东省潍坊市诸城市',2,'诸城市',',1355,1413,',1413),
	(1422,'2017-06-16 00:27:30','2017-06-16 00:27:30',0,9,'山东省潍坊市寿光市',2,'寿光市',',1355,1413,',1413),
	(1423,'2017-06-16 00:27:31','2017-06-16 00:27:31',0,10,'山东省潍坊市安丘市',2,'安丘市',',1355,1413,',1413),
	(1424,'2017-06-16 00:27:32','2017-06-16 00:27:32',0,11,'山东省潍坊市高密市',2,'高密市',',1355,1413,',1413),
	(1425,'2017-06-16 00:27:33','2017-06-16 00:27:33',0,12,'山东省潍坊市昌邑市',2,'昌邑市',',1355,1413,',1413),
	(1426,'2017-06-16 00:27:34','2017-06-16 00:27:34',0,8,'山东省济宁市',1,'济宁市',',1355,',1355),
	(1427,'2017-06-16 00:27:35','2017-06-16 00:27:35',0,1,'山东省济宁市市中区',2,'市中区',',1355,1426,',1426),
	(1428,'2017-06-16 00:27:36','2017-06-16 00:27:36',0,2,'山东省济宁市任城区',2,'任城区',',1355,1426,',1426),
	(1429,'2017-06-16 00:27:37','2017-06-16 00:27:37',0,3,'山东省济宁市微山县',2,'微山县',',1355,1426,',1426),
	(1430,'2017-06-16 00:27:38','2017-06-16 00:27:38',0,4,'山东省济宁市鱼台县',2,'鱼台县',',1355,1426,',1426),
	(1431,'2017-06-16 00:27:39','2017-06-16 00:27:39',0,5,'山东省济宁市金乡县',2,'金乡县',',1355,1426,',1426),
	(1432,'2017-06-16 00:27:40','2017-06-16 00:27:40',0,6,'山东省济宁市嘉祥县',2,'嘉祥县',',1355,1426,',1426),
	(1433,'2017-06-16 00:27:41','2017-06-16 00:27:41',0,7,'山东省济宁市汶上县',2,'汶上县',',1355,1426,',1426),
	(1434,'2017-06-16 00:27:42','2017-06-16 00:27:42',0,8,'山东省济宁市泗水县',2,'泗水县',',1355,1426,',1426),
	(1435,'2017-06-16 00:27:43','2017-06-16 00:27:43',0,9,'山东省济宁市梁山县',2,'梁山县',',1355,1426,',1426),
	(1436,'2017-06-16 00:27:44','2017-06-16 00:27:44',0,10,'山东省济宁市曲阜市',2,'曲阜市',',1355,1426,',1426),
	(1437,'2017-06-16 00:27:45','2017-06-16 00:27:45',0,11,'山东省济宁市兖州市',2,'兖州市',',1355,1426,',1426),
	(1438,'2017-06-16 00:27:46','2017-06-16 00:27:46',0,12,'山东省济宁市邹城市',2,'邹城市',',1355,1426,',1426),
	(1439,'2017-06-16 00:27:47','2017-06-16 00:27:47',0,9,'山东省泰安市',1,'泰安市',',1355,',1355),
	(1440,'2017-06-16 00:27:48','2017-06-16 00:27:48',0,1,'山东省泰安市泰山区',2,'泰山区',',1355,1439,',1439),
	(1441,'2017-06-16 00:27:49','2017-06-16 00:27:49',0,2,'山东省泰安市岱岳区',2,'岱岳区',',1355,1439,',1439),
	(1442,'2017-06-16 00:27:50','2017-06-16 00:27:50',0,3,'山东省泰安市宁阳县',2,'宁阳县',',1355,1439,',1439),
	(1443,'2017-06-16 00:27:51','2017-06-16 00:27:51',0,4,'山东省泰安市东平县',2,'东平县',',1355,1439,',1439),
	(1444,'2017-06-16 00:27:52','2017-06-16 00:27:52',0,5,'山东省泰安市新泰市',2,'新泰市',',1355,1439,',1439),
	(1445,'2017-06-16 00:27:53','2017-06-16 00:27:53',0,6,'山东省泰安市肥城市',2,'肥城市',',1355,1439,',1439),
	(1446,'2017-06-16 00:27:54','2017-06-16 00:27:54',0,10,'山东省威海市',1,'威海市',',1355,',1355),
	(1447,'2017-06-16 00:27:55','2017-06-16 00:27:55',0,1,'山东省威海市环翠区',2,'环翠区',',1355,1446,',1446),
	(1448,'2017-06-16 00:27:56','2017-06-16 00:27:56',0,2,'山东省威海市文登市',2,'文登市',',1355,1446,',1446),
	(1449,'2017-06-16 00:27:57','2017-06-16 00:27:57',0,3,'山东省威海市荣成市',2,'荣成市',',1355,1446,',1446),
	(1450,'2017-06-16 00:27:58','2017-06-16 00:27:58',0,4,'山东省威海市乳山市',2,'乳山市',',1355,1446,',1446),
	(1451,'2017-06-16 00:27:59','2017-06-16 00:27:59',0,11,'山东省日照市',1,'日照市',',1355,',1355),
	(1452,'2017-06-16 00:28:00','2017-06-16 00:28:00',0,1,'山东省日照市东港区',2,'东港区',',1355,1451,',1451),
	(1453,'2017-06-16 00:28:01','2017-06-16 00:28:01',0,2,'山东省日照市岚山区',2,'岚山区',',1355,1451,',1451),
	(1454,'2017-06-16 00:28:02','2017-06-16 00:28:02',0,3,'山东省日照市五莲县',2,'五莲县',',1355,1451,',1451),
	(1455,'2017-06-16 00:28:03','2017-06-16 00:28:03',0,4,'山东省日照市莒县',2,'莒县',',1355,1451,',1451),
	(1456,'2017-06-16 00:28:04','2017-06-16 00:28:04',0,12,'山东省莱芜市',1,'莱芜市',',1355,',1355),
	(1457,'2017-06-16 00:28:05','2017-06-16 00:28:05',0,1,'山东省莱芜市莱城区',2,'莱城区',',1355,1456,',1456),
	(1458,'2017-06-16 00:28:06','2017-06-16 00:28:06',0,2,'山东省莱芜市钢城区',2,'钢城区',',1355,1456,',1456),
	(1459,'2017-06-16 00:28:07','2017-06-16 00:28:07',0,13,'山东省临沂市',1,'临沂市',',1355,',1355),
	(1460,'2017-06-16 00:28:08','2017-06-16 00:28:08',0,1,'山东省临沂市兰山区',2,'兰山区',',1355,1459,',1459),
	(1461,'2017-06-16 00:28:09','2017-06-16 00:28:09',0,2,'山东省临沂市罗庄区',2,'罗庄区',',1355,1459,',1459),
	(1462,'2017-06-16 00:28:10','2017-06-16 00:28:10',0,3,'山东省临沂市河东区',2,'河东区',',1355,1459,',1459),
	(1463,'2017-06-16 00:28:11','2017-06-16 00:28:11',0,4,'山东省临沂市沂南县',2,'沂南县',',1355,1459,',1459),
	(1464,'2017-06-16 00:28:12','2017-06-16 00:28:12',0,5,'山东省临沂市郯城县',2,'郯城县',',1355,1459,',1459),
	(1465,'2017-06-16 00:28:13','2017-06-16 00:28:13',0,6,'山东省临沂市沂水县',2,'沂水县',',1355,1459,',1459),
	(1466,'2017-06-16 00:28:14','2017-06-16 00:28:14',0,7,'山东省临沂市苍山县',2,'苍山县',',1355,1459,',1459),
	(1467,'2017-06-16 00:28:15','2017-06-16 00:28:15',0,8,'山东省临沂市费县',2,'费县',',1355,1459,',1459),
	(1468,'2017-06-16 00:28:16','2017-06-16 00:28:16',0,9,'山东省临沂市平邑县',2,'平邑县',',1355,1459,',1459),
	(1469,'2017-06-16 00:28:17','2017-06-16 00:28:17',0,10,'山东省临沂市莒南县',2,'莒南县',',1355,1459,',1459),
	(1470,'2017-06-16 00:28:18','2017-06-16 00:28:18',0,11,'山东省临沂市蒙阴县',2,'蒙阴县',',1355,1459,',1459),
	(1471,'2017-06-16 00:28:19','2017-06-16 00:28:19',0,12,'山东省临沂市临沭县',2,'临沭县',',1355,1459,',1459),
	(1472,'2017-06-16 00:28:20','2017-06-16 00:28:20',0,14,'山东省德州市',1,'德州市',',1355,',1355),
	(1473,'2017-06-16 00:28:21','2017-06-16 00:28:21',0,1,'山东省德州市德城区',2,'德城区',',1355,1472,',1472),
	(1474,'2017-06-16 00:28:22','2017-06-16 00:28:22',0,2,'山东省德州市陵县',2,'陵县',',1355,1472,',1472),
	(1475,'2017-06-16 00:28:23','2017-06-16 00:28:23',0,3,'山东省德州市宁津县',2,'宁津县',',1355,1472,',1472),
	(1476,'2017-06-16 00:28:24','2017-06-16 00:28:24',0,4,'山东省德州市庆云县',2,'庆云县',',1355,1472,',1472),
	(1477,'2017-06-16 00:28:25','2017-06-16 00:28:25',0,5,'山东省德州市临邑县',2,'临邑县',',1355,1472,',1472),
	(1478,'2017-06-16 00:28:26','2017-06-16 00:28:26',0,6,'山东省德州市齐河县',2,'齐河县',',1355,1472,',1472),
	(1479,'2017-06-16 00:28:27','2017-06-16 00:28:27',0,7,'山东省德州市平原县',2,'平原县',',1355,1472,',1472),
	(1480,'2017-06-16 00:28:28','2017-06-16 00:28:28',0,8,'山东省德州市夏津县',2,'夏津县',',1355,1472,',1472),
	(1481,'2017-06-16 00:28:29','2017-06-16 00:28:29',0,9,'山东省德州市武城县',2,'武城县',',1355,1472,',1472),
	(1482,'2017-06-16 00:28:30','2017-06-16 00:28:30',0,10,'山东省德州市乐陵市',2,'乐陵市',',1355,1472,',1472),
	(1483,'2017-06-16 00:28:31','2017-06-16 00:28:31',0,11,'山东省德州市禹城市',2,'禹城市',',1355,1472,',1472),
	(1484,'2017-06-16 00:28:32','2017-06-16 00:28:32',0,15,'山东省聊城市',1,'聊城市',',1355,',1355),
	(1485,'2017-06-16 00:28:33','2017-06-16 00:28:33',0,1,'山东省聊城市东昌府区',2,'东昌府区',',1355,1484,',1484),
	(1486,'2017-06-16 00:28:34','2017-06-16 00:28:34',0,2,'山东省聊城市阳谷县',2,'阳谷县',',1355,1484,',1484),
	(1487,'2017-06-16 00:28:35','2017-06-16 00:28:35',0,3,'山东省聊城市莘县',2,'莘县',',1355,1484,',1484),
	(1488,'2017-06-16 00:28:36','2017-06-16 00:28:36',0,4,'山东省聊城市茌平县',2,'茌平县',',1355,1484,',1484),
	(1489,'2017-06-16 00:28:37','2017-06-16 00:28:37',0,5,'山东省聊城市东阿县',2,'东阿县',',1355,1484,',1484),
	(1490,'2017-06-16 00:28:38','2017-06-16 00:28:38',0,6,'山东省聊城市冠县',2,'冠县',',1355,1484,',1484),
	(1491,'2017-06-16 00:28:39','2017-06-16 00:28:39',0,7,'山东省聊城市高唐县',2,'高唐县',',1355,1484,',1484),
	(1492,'2017-06-16 00:28:40','2017-06-16 00:28:40',0,8,'山东省聊城市临清市',2,'临清市',',1355,1484,',1484),
	(1493,'2017-06-16 00:28:41','2017-06-16 00:28:41',0,16,'山东省滨州市',1,'滨州市',',1355,',1355),
	(1494,'2017-06-16 00:28:42','2017-06-16 00:28:42',0,1,'山东省滨州市滨城区',2,'滨城区',',1355,1493,',1493),
	(1495,'2017-06-16 00:28:43','2017-06-16 00:28:43',0,2,'山东省滨州市惠民县',2,'惠民县',',1355,1493,',1493),
	(1496,'2017-06-16 00:28:44','2017-06-16 00:28:44',0,3,'山东省滨州市阳信县',2,'阳信县',',1355,1493,',1493),
	(1497,'2017-06-16 00:28:45','2017-06-16 00:28:45',0,4,'山东省滨州市无棣县',2,'无棣县',',1355,1493,',1493),
	(1498,'2017-06-16 00:28:46','2017-06-16 00:28:46',0,5,'山东省滨州市沾化县',2,'沾化县',',1355,1493,',1493),
	(1499,'2017-06-16 00:28:47','2017-06-16 00:28:47',0,6,'山东省滨州市博兴县',2,'博兴县',',1355,1493,',1493),
	(1500,'2017-06-16 00:28:48','2017-06-16 00:28:48',0,7,'山东省滨州市邹平县',2,'邹平县',',1355,1493,',1493),
	(1501,'2017-06-16 00:28:49','2017-06-16 00:28:49',0,17,'山东省菏泽市',1,'菏泽市',',1355,',1355),
	(1502,'2017-06-16 00:28:50','2017-06-16 00:28:50',0,1,'山东省菏泽市牡丹区',2,'牡丹区',',1355,1501,',1501),
	(1503,'2017-06-16 00:28:51','2017-06-16 00:28:51',0,2,'山东省菏泽市曹县',2,'曹县',',1355,1501,',1501),
	(1504,'2017-06-16 00:28:52','2017-06-16 00:28:52',0,3,'山东省菏泽市单县',2,'单县',',1355,1501,',1501),
	(1505,'2017-06-16 00:28:53','2017-06-16 00:28:53',0,4,'山东省菏泽市成武县',2,'成武县',',1355,1501,',1501),
	(1506,'2017-06-16 00:28:54','2017-06-16 00:28:54',0,5,'山东省菏泽市巨野县',2,'巨野县',',1355,1501,',1501),
	(1507,'2017-06-16 00:28:55','2017-06-16 00:28:55',0,6,'山东省菏泽市郓城县',2,'郓城县',',1355,1501,',1501),
	(1508,'2017-06-16 00:28:56','2017-06-16 00:28:56',0,7,'山东省菏泽市鄄城县',2,'鄄城县',',1355,1501,',1501),
	(1509,'2017-06-16 00:28:57','2017-06-16 00:28:57',0,8,'山东省菏泽市定陶县',2,'定陶县',',1355,1501,',1501),
	(1510,'2017-06-16 00:28:58','2017-06-16 00:28:58',0,9,'山东省菏泽市东明县',2,'东明县',',1355,1501,',1501),
	(1511,'2017-06-16 00:28:59','2017-06-16 00:28:59',0,16,'河南省',0,'河南省',',',NULL),
	(1512,'2017-06-16 00:29:00','2017-06-16 00:29:00',0,1,'河南省郑州市',1,'郑州市',',1511,',1511),
	(1513,'2017-06-16 00:29:01','2017-06-16 00:29:01',0,1,'河南省郑州市中原区',2,'中原区',',1511,1512,',1512),
	(1514,'2017-06-16 00:29:02','2017-06-16 00:29:02',0,2,'河南省郑州市二七区',2,'二七区',',1511,1512,',1512),
	(1515,'2017-06-16 00:29:03','2017-06-16 00:29:03',0,3,'河南省郑州市管城回族区',2,'管城回族区',',1511,1512,',1512),
	(1516,'2017-06-16 00:29:04','2017-06-16 00:29:04',0,4,'河南省郑州市金水区',2,'金水区',',1511,1512,',1512),
	(1517,'2017-06-16 00:29:05','2017-06-16 00:29:05',0,5,'河南省郑州市上街区',2,'上街区',',1511,1512,',1512),
	(1518,'2017-06-16 00:29:06','2017-06-16 00:29:06',0,6,'河南省郑州市惠济区',2,'惠济区',',1511,1512,',1512),
	(1519,'2017-06-16 00:29:07','2017-06-16 00:29:07',0,7,'河南省郑州市中牟县',2,'中牟县',',1511,1512,',1512),
	(1520,'2017-06-16 00:29:08','2017-06-16 00:29:08',0,8,'河南省郑州市巩义市',2,'巩义市',',1511,1512,',1512),
	(1521,'2017-06-16 00:29:09','2017-06-16 00:29:09',0,9,'河南省郑州市荥阳市',2,'荥阳市',',1511,1512,',1512),
	(1522,'2017-06-16 00:29:10','2017-06-16 00:29:10',0,10,'河南省郑州市新密市',2,'新密市',',1511,1512,',1512),
	(1523,'2017-06-16 00:29:11','2017-06-16 00:29:11',0,11,'河南省郑州市新郑市',2,'新郑市',',1511,1512,',1512),
	(1524,'2017-06-16 00:29:12','2017-06-16 00:29:12',0,12,'河南省郑州市登封市',2,'登封市',',1511,1512,',1512),
	(1525,'2017-06-16 00:29:13','2017-06-16 00:29:13',0,2,'河南省开封市',1,'开封市',',1511,',1511),
	(1526,'2017-06-16 00:29:14','2017-06-16 00:29:14',0,1,'河南省开封市龙亭区',2,'龙亭区',',1511,1525,',1525),
	(1527,'2017-06-16 00:29:15','2017-06-16 00:29:15',0,2,'河南省开封市顺河回族区',2,'顺河回族区',',1511,1525,',1525),
	(1528,'2017-06-16 00:29:16','2017-06-16 00:29:16',0,3,'河南省开封市鼓楼区',2,'鼓楼区',',1511,1525,',1525),
	(1529,'2017-06-16 00:29:17','2017-06-16 00:29:17',0,4,'河南省开封市禹王台区',2,'禹王台区',',1511,1525,',1525),
	(1530,'2017-06-16 00:29:18','2017-06-16 00:29:18',0,5,'河南省开封市金明区',2,'金明区',',1511,1525,',1525),
	(1531,'2017-06-16 00:29:19','2017-06-16 00:29:19',0,6,'河南省开封市杞县',2,'杞县',',1511,1525,',1525),
	(1532,'2017-06-16 00:29:20','2017-06-16 00:29:20',0,7,'河南省开封市通许县',2,'通许县',',1511,1525,',1525),
	(1533,'2017-06-16 00:29:21','2017-06-16 00:29:21',0,8,'河南省开封市尉氏县',2,'尉氏县',',1511,1525,',1525),
	(1534,'2017-06-16 00:29:22','2017-06-16 00:29:22',0,9,'河南省开封市开封县',2,'开封县',',1511,1525,',1525),
	(1535,'2017-06-16 00:29:23','2017-06-16 00:29:23',0,10,'河南省开封市兰考县',2,'兰考县',',1511,1525,',1525),
	(1536,'2017-06-16 00:29:24','2017-06-16 00:29:24',0,3,'河南省洛阳市',1,'洛阳市',',1511,',1511),
	(1537,'2017-06-16 00:29:25','2017-06-16 00:29:25',0,1,'河南省洛阳市老城区',2,'老城区',',1511,1536,',1536),
	(1538,'2017-06-16 00:29:26','2017-06-16 00:29:26',0,2,'河南省洛阳市西工区',2,'西工区',',1511,1536,',1536),
	(1539,'2017-06-16 00:29:27','2017-06-16 00:29:27',0,3,'河南省洛阳市瀍河回族区',2,'瀍河回族区',',1511,1536,',1536),
	(1540,'2017-06-16 00:29:28','2017-06-16 00:29:28',0,4,'河南省洛阳市涧西区',2,'涧西区',',1511,1536,',1536),
	(1541,'2017-06-16 00:29:29','2017-06-16 00:29:29',0,5,'河南省洛阳市吉利区',2,'吉利区',',1511,1536,',1536),
	(1542,'2017-06-16 00:29:30','2017-06-16 00:29:30',0,6,'河南省洛阳市洛龙区',2,'洛龙区',',1511,1536,',1536),
	(1543,'2017-06-16 00:29:31','2017-06-16 00:29:31',0,7,'河南省洛阳市孟津县',2,'孟津县',',1511,1536,',1536),
	(1544,'2017-06-16 00:29:32','2017-06-16 00:29:32',0,8,'河南省洛阳市新安县',2,'新安县',',1511,1536,',1536),
	(1545,'2017-06-16 00:29:33','2017-06-16 00:29:33',0,9,'河南省洛阳市栾川县',2,'栾川县',',1511,1536,',1536),
	(1546,'2017-06-16 00:29:34','2017-06-16 00:29:34',0,10,'河南省洛阳市嵩县',2,'嵩县',',1511,1536,',1536),
	(1547,'2017-06-16 00:29:35','2017-06-16 00:29:35',0,11,'河南省洛阳市汝阳县',2,'汝阳县',',1511,1536,',1536),
	(1548,'2017-06-16 00:29:36','2017-06-16 00:29:36',0,12,'河南省洛阳市宜阳县',2,'宜阳县',',1511,1536,',1536),
	(1549,'2017-06-16 00:29:37','2017-06-16 00:29:37',0,13,'河南省洛阳市洛宁县',2,'洛宁县',',1511,1536,',1536),
	(1550,'2017-06-16 00:29:38','2017-06-16 00:29:38',0,14,'河南省洛阳市伊川县',2,'伊川县',',1511,1536,',1536),
	(1551,'2017-06-16 00:29:39','2017-06-16 00:29:39',0,15,'河南省洛阳市偃师市',2,'偃师市',',1511,1536,',1536),
	(1552,'2017-06-16 00:29:40','2017-06-16 00:29:40',0,4,'河南省平顶山市',1,'平顶山市',',1511,',1511),
	(1553,'2017-06-16 00:29:41','2017-06-16 00:29:41',0,1,'河南省平顶山市新华区',2,'新华区',',1511,1552,',1552),
	(1554,'2017-06-16 00:29:42','2017-06-16 00:29:42',0,2,'河南省平顶山市卫东区',2,'卫东区',',1511,1552,',1552),
	(1555,'2017-06-16 00:29:43','2017-06-16 00:29:43',0,3,'河南省平顶山市石龙区',2,'石龙区',',1511,1552,',1552),
	(1556,'2017-06-16 00:29:44','2017-06-16 00:29:44',0,4,'河南省平顶山市湛河区',2,'湛河区',',1511,1552,',1552),
	(1557,'2017-06-16 00:29:45','2017-06-16 00:29:45',0,5,'河南省平顶山市宝丰县',2,'宝丰县',',1511,1552,',1552),
	(1558,'2017-06-16 00:29:46','2017-06-16 00:29:46',0,6,'河南省平顶山市叶县',2,'叶县',',1511,1552,',1552),
	(1559,'2017-06-16 00:29:47','2017-06-16 00:29:47',0,7,'河南省平顶山市鲁山县',2,'鲁山县',',1511,1552,',1552),
	(1560,'2017-06-16 00:29:48','2017-06-16 00:29:48',0,8,'河南省平顶山市郏县',2,'郏县',',1511,1552,',1552),
	(1561,'2017-06-16 00:29:49','2017-06-16 00:29:49',0,9,'河南省平顶山市舞钢市',2,'舞钢市',',1511,1552,',1552),
	(1562,'2017-06-16 00:29:50','2017-06-16 00:29:50',0,10,'河南省平顶山市汝州市',2,'汝州市',',1511,1552,',1552),
	(1563,'2017-06-16 00:29:51','2017-06-16 00:29:51',0,5,'河南省安阳市',1,'安阳市',',1511,',1511),
	(1564,'2017-06-16 00:29:52','2017-06-16 00:29:52',0,1,'河南省安阳市文峰区',2,'文峰区',',1511,1563,',1563),
	(1565,'2017-06-16 00:29:53','2017-06-16 00:29:53',0,2,'河南省安阳市北关区',2,'北关区',',1511,1563,',1563),
	(1566,'2017-06-16 00:29:54','2017-06-16 00:29:54',0,3,'河南省安阳市殷都区',2,'殷都区',',1511,1563,',1563),
	(1567,'2017-06-16 00:29:55','2017-06-16 00:29:55',0,4,'河南省安阳市龙安区',2,'龙安区',',1511,1563,',1563),
	(1568,'2017-06-16 00:29:56','2017-06-16 00:29:56',0,5,'河南省安阳市安阳县',2,'安阳县',',1511,1563,',1563),
	(1569,'2017-06-16 00:29:57','2017-06-16 00:29:57',0,6,'河南省安阳市汤阴县',2,'汤阴县',',1511,1563,',1563),
	(1570,'2017-06-16 00:29:58','2017-06-16 00:29:58',0,7,'河南省安阳市滑县',2,'滑县',',1511,1563,',1563),
	(1571,'2017-06-16 00:29:59','2017-06-16 00:29:59',0,8,'河南省安阳市内黄县',2,'内黄县',',1511,1563,',1563),
	(1572,'2017-06-16 00:30:00','2017-06-16 00:30:00',0,9,'河南省安阳市林州市',2,'林州市',',1511,1563,',1563),
	(1573,'2017-06-16 00:30:01','2017-06-16 00:30:01',0,6,'河南省鹤壁市',1,'鹤壁市',',1511,',1511),
	(1574,'2017-06-16 00:30:02','2017-06-16 00:30:02',0,1,'河南省鹤壁市鹤山区',2,'鹤山区',',1511,1573,',1573),
	(1575,'2017-06-16 00:30:03','2017-06-16 00:30:03',0,2,'河南省鹤壁市山城区',2,'山城区',',1511,1573,',1573),
	(1576,'2017-06-16 00:30:04','2017-06-16 00:30:04',0,3,'河南省鹤壁市淇滨区',2,'淇滨区',',1511,1573,',1573),
	(1577,'2017-06-16 00:30:05','2017-06-16 00:30:05',0,4,'河南省鹤壁市浚县',2,'浚县',',1511,1573,',1573),
	(1578,'2017-06-16 00:30:06','2017-06-16 00:30:06',0,5,'河南省鹤壁市淇县',2,'淇县',',1511,1573,',1573),
	(1579,'2017-06-16 00:30:07','2017-06-16 00:30:07',0,7,'河南省新乡市',1,'新乡市',',1511,',1511),
	(1580,'2017-06-16 00:30:08','2017-06-16 00:30:08',0,1,'河南省新乡市红旗区',2,'红旗区',',1511,1579,',1579),
	(1581,'2017-06-16 00:30:09','2017-06-16 00:30:09',0,2,'河南省新乡市卫滨区',2,'卫滨区',',1511,1579,',1579),
	(1582,'2017-06-16 00:30:10','2017-06-16 00:30:10',0,3,'河南省新乡市凤泉区',2,'凤泉区',',1511,1579,',1579),
	(1583,'2017-06-16 00:30:11','2017-06-16 00:30:11',0,4,'河南省新乡市牧野区',2,'牧野区',',1511,1579,',1579),
	(1584,'2017-06-16 00:30:12','2017-06-16 00:30:12',0,5,'河南省新乡市新乡县',2,'新乡县',',1511,1579,',1579),
	(1585,'2017-06-16 00:30:13','2017-06-16 00:30:13',0,6,'河南省新乡市获嘉县',2,'获嘉县',',1511,1579,',1579),
	(1586,'2017-06-16 00:30:14','2017-06-16 00:30:14',0,7,'河南省新乡市原阳县',2,'原阳县',',1511,1579,',1579),
	(1587,'2017-06-16 00:30:15','2017-06-16 00:30:15',0,8,'河南省新乡市延津县',2,'延津县',',1511,1579,',1579),
	(1588,'2017-06-16 00:30:16','2017-06-16 00:30:16',0,9,'河南省新乡市封丘县',2,'封丘县',',1511,1579,',1579),
	(1589,'2017-06-16 00:30:17','2017-06-16 00:30:17',0,10,'河南省新乡市长垣县',2,'长垣县',',1511,1579,',1579),
	(1590,'2017-06-16 00:30:18','2017-06-16 00:30:18',0,11,'河南省新乡市卫辉市',2,'卫辉市',',1511,1579,',1579),
	(1591,'2017-06-16 00:30:19','2017-06-16 00:30:19',0,12,'河南省新乡市辉县市',2,'辉县市',',1511,1579,',1579),
	(1592,'2017-06-16 00:30:20','2017-06-16 00:30:20',0,8,'河南省焦作市',1,'焦作市',',1511,',1511),
	(1593,'2017-06-16 00:30:21','2017-06-16 00:30:21',0,1,'河南省焦作市解放区',2,'解放区',',1511,1592,',1592),
	(1594,'2017-06-16 00:30:22','2017-06-16 00:30:22',0,2,'河南省焦作市中站区',2,'中站区',',1511,1592,',1592),
	(1595,'2017-06-16 00:30:23','2017-06-16 00:30:23',0,3,'河南省焦作市马村区',2,'马村区',',1511,1592,',1592),
	(1596,'2017-06-16 00:30:24','2017-06-16 00:30:24',0,4,'河南省焦作市山阳区',2,'山阳区',',1511,1592,',1592),
	(1597,'2017-06-16 00:30:25','2017-06-16 00:30:25',0,5,'河南省焦作市修武县',2,'修武县',',1511,1592,',1592),
	(1598,'2017-06-16 00:30:26','2017-06-16 00:30:26',0,6,'河南省焦作市博爱县',2,'博爱县',',1511,1592,',1592),
	(1599,'2017-06-16 00:30:27','2017-06-16 00:30:27',0,7,'河南省焦作市武陟县',2,'武陟县',',1511,1592,',1592),
	(1600,'2017-06-16 00:30:28','2017-06-16 00:30:28',0,8,'河南省焦作市温县',2,'温县',',1511,1592,',1592),
	(1601,'2017-06-16 00:30:29','2017-06-16 00:30:29',0,9,'河南省焦作市沁阳市',2,'沁阳市',',1511,1592,',1592),
	(1602,'2017-06-16 00:30:30','2017-06-16 00:30:30',0,10,'河南省焦作市孟州市',2,'孟州市',',1511,1592,',1592),
	(1603,'2017-06-16 00:30:31','2017-06-16 00:30:31',0,9,'河南省濮阳市',1,'濮阳市',',1511,',1511),
	(1604,'2017-06-16 00:30:32','2017-06-16 00:30:32',0,1,'河南省濮阳市华龙区',2,'华龙区',',1511,1603,',1603),
	(1605,'2017-06-16 00:30:33','2017-06-16 00:30:33',0,2,'河南省濮阳市清丰县',2,'清丰县',',1511,1603,',1603),
	(1606,'2017-06-16 00:30:34','2017-06-16 00:30:34',0,3,'河南省濮阳市南乐县',2,'南乐县',',1511,1603,',1603),
	(1607,'2017-06-16 00:30:35','2017-06-16 00:30:35',0,4,'河南省濮阳市范县',2,'范县',',1511,1603,',1603),
	(1608,'2017-06-16 00:30:36','2017-06-16 00:30:36',0,5,'河南省濮阳市台前县',2,'台前县',',1511,1603,',1603),
	(1609,'2017-06-16 00:30:37','2017-06-16 00:30:37',0,6,'河南省濮阳市濮阳县',2,'濮阳县',',1511,1603,',1603),
	(1610,'2017-06-16 00:30:38','2017-06-16 00:30:38',0,10,'河南省许昌市',1,'许昌市',',1511,',1511),
	(1611,'2017-06-16 00:30:39','2017-06-16 00:30:39',0,1,'河南省许昌市魏都区',2,'魏都区',',1511,1610,',1610),
	(1612,'2017-06-16 00:30:40','2017-06-16 00:30:40',0,2,'河南省许昌市许昌县',2,'许昌县',',1511,1610,',1610),
	(1613,'2017-06-16 00:30:41','2017-06-16 00:30:41',0,3,'河南省许昌市鄢陵县',2,'鄢陵县',',1511,1610,',1610),
	(1614,'2017-06-16 00:30:42','2017-06-16 00:30:42',0,4,'河南省许昌市襄城县',2,'襄城县',',1511,1610,',1610),
	(1615,'2017-06-16 00:30:43','2017-06-16 00:30:43',0,5,'河南省许昌市禹州市',2,'禹州市',',1511,1610,',1610),
	(1616,'2017-06-16 00:30:44','2017-06-16 00:30:44',0,6,'河南省许昌市长葛市',2,'长葛市',',1511,1610,',1610),
	(1617,'2017-06-16 00:30:45','2017-06-16 00:30:45',0,11,'河南省漯河市',1,'漯河市',',1511,',1511),
	(1618,'2017-06-16 00:30:46','2017-06-16 00:30:46',0,1,'河南省漯河市源汇区',2,'源汇区',',1511,1617,',1617),
	(1619,'2017-06-16 00:30:47','2017-06-16 00:30:47',0,2,'河南省漯河市郾城区',2,'郾城区',',1511,1617,',1617),
	(1620,'2017-06-16 00:30:48','2017-06-16 00:30:48',0,3,'河南省漯河市召陵区',2,'召陵区',',1511,1617,',1617),
	(1621,'2017-06-16 00:30:49','2017-06-16 00:30:49',0,4,'河南省漯河市舞阳县',2,'舞阳县',',1511,1617,',1617),
	(1622,'2017-06-16 00:30:50','2017-06-16 00:30:50',0,5,'河南省漯河市临颍县',2,'临颍县',',1511,1617,',1617),
	(1623,'2017-06-16 00:30:51','2017-06-16 00:30:51',0,12,'河南省三门峡市',1,'三门峡市',',1511,',1511),
	(1624,'2017-06-16 00:30:52','2017-06-16 00:30:52',0,1,'河南省三门峡市湖滨区',2,'湖滨区',',1511,1623,',1623),
	(1625,'2017-06-16 00:30:53','2017-06-16 00:30:53',0,2,'河南省三门峡市渑池县',2,'渑池县',',1511,1623,',1623),
	(1626,'2017-06-16 00:30:54','2017-06-16 00:30:54',0,3,'河南省三门峡市陕县',2,'陕县',',1511,1623,',1623),
	(1627,'2017-06-16 00:30:55','2017-06-16 00:30:55',0,4,'河南省三门峡市卢氏县',2,'卢氏县',',1511,1623,',1623),
	(1628,'2017-06-16 00:30:56','2017-06-16 00:30:56',0,5,'河南省三门峡市义马市',2,'义马市',',1511,1623,',1623),
	(1629,'2017-06-16 00:30:57','2017-06-16 00:30:57',0,6,'河南省三门峡市灵宝市',2,'灵宝市',',1511,1623,',1623),
	(1630,'2017-06-16 00:30:58','2017-06-16 00:30:58',0,13,'河南省南阳市',1,'南阳市',',1511,',1511),
	(1631,'2017-06-16 00:30:59','2017-06-16 00:30:59',0,1,'河南省南阳市宛城区',2,'宛城区',',1511,1630,',1630),
	(1632,'2017-06-16 00:31:00','2017-06-16 00:31:00',0,2,'河南省南阳市卧龙区',2,'卧龙区',',1511,1630,',1630),
	(1633,'2017-06-16 00:31:01','2017-06-16 00:31:01',0,3,'河南省南阳市南召县',2,'南召县',',1511,1630,',1630),
	(1634,'2017-06-16 00:31:02','2017-06-16 00:31:02',0,4,'河南省南阳市方城县',2,'方城县',',1511,1630,',1630),
	(1635,'2017-06-16 00:31:03','2017-06-16 00:31:03',0,5,'河南省南阳市西峡县',2,'西峡县',',1511,1630,',1630),
	(1636,'2017-06-16 00:31:04','2017-06-16 00:31:04',0,6,'河南省南阳市镇平县',2,'镇平县',',1511,1630,',1630),
	(1637,'2017-06-16 00:31:05','2017-06-16 00:31:05',0,7,'河南省南阳市内乡县',2,'内乡县',',1511,1630,',1630),
	(1638,'2017-06-16 00:31:06','2017-06-16 00:31:06',0,8,'河南省南阳市淅川县',2,'淅川县',',1511,1630,',1630),
	(1639,'2017-06-16 00:31:07','2017-06-16 00:31:07',0,9,'河南省南阳市社旗县',2,'社旗县',',1511,1630,',1630),
	(1640,'2017-06-16 00:31:08','2017-06-16 00:31:08',0,10,'河南省南阳市唐河县',2,'唐河县',',1511,1630,',1630),
	(1641,'2017-06-16 00:31:09','2017-06-16 00:31:09',0,11,'河南省南阳市新野县',2,'新野县',',1511,1630,',1630),
	(1642,'2017-06-16 00:31:10','2017-06-16 00:31:10',0,12,'河南省南阳市桐柏县',2,'桐柏县',',1511,1630,',1630),
	(1643,'2017-06-16 00:31:11','2017-06-16 00:31:11',0,13,'河南省南阳市邓州市',2,'邓州市',',1511,1630,',1630),
	(1644,'2017-06-16 00:31:12','2017-06-16 00:31:12',0,14,'河南省商丘市',1,'商丘市',',1511,',1511),
	(1645,'2017-06-16 00:31:13','2017-06-16 00:31:13',0,1,'河南省商丘市梁园区',2,'梁园区',',1511,1644,',1644),
	(1646,'2017-06-16 00:31:14','2017-06-16 00:31:14',0,2,'河南省商丘市睢阳区',2,'睢阳区',',1511,1644,',1644),
	(1647,'2017-06-16 00:31:15','2017-06-16 00:31:15',0,3,'河南省商丘市民权县',2,'民权县',',1511,1644,',1644),
	(1648,'2017-06-16 00:31:16','2017-06-16 00:31:16',0,4,'河南省商丘市睢县',2,'睢县',',1511,1644,',1644),
	(1649,'2017-06-16 00:31:17','2017-06-16 00:31:17',0,5,'河南省商丘市宁陵县',2,'宁陵县',',1511,1644,',1644),
	(1650,'2017-06-16 00:31:18','2017-06-16 00:31:18',0,6,'河南省商丘市柘城县',2,'柘城县',',1511,1644,',1644),
	(1651,'2017-06-16 00:31:19','2017-06-16 00:31:19',0,7,'河南省商丘市虞城县',2,'虞城县',',1511,1644,',1644),
	(1652,'2017-06-16 00:31:20','2017-06-16 00:31:20',0,8,'河南省商丘市夏邑县',2,'夏邑县',',1511,1644,',1644),
	(1653,'2017-06-16 00:31:21','2017-06-16 00:31:21',0,9,'河南省商丘市永城市',2,'永城市',',1511,1644,',1644),
	(1654,'2017-06-16 00:31:22','2017-06-16 00:31:22',0,15,'河南省信阳市',1,'信阳市',',1511,',1511),
	(1655,'2017-06-16 00:31:23','2017-06-16 00:31:23',0,1,'河南省信阳市浉河区',2,'浉河区',',1511,1654,',1654),
	(1656,'2017-06-16 00:31:24','2017-06-16 00:31:24',0,2,'河南省信阳市平桥区',2,'平桥区',',1511,1654,',1654),
	(1657,'2017-06-16 00:31:25','2017-06-16 00:31:25',0,3,'河南省信阳市罗山县',2,'罗山县',',1511,1654,',1654),
	(1658,'2017-06-16 00:31:26','2017-06-16 00:31:26',0,4,'河南省信阳市光山县',2,'光山县',',1511,1654,',1654),
	(1659,'2017-06-16 00:31:27','2017-06-16 00:31:27',0,5,'河南省信阳市新县',2,'新县',',1511,1654,',1654),
	(1660,'2017-06-16 00:31:28','2017-06-16 00:31:28',0,6,'河南省信阳市商城县',2,'商城县',',1511,1654,',1654),
	(1661,'2017-06-16 00:31:29','2017-06-16 00:31:29',0,7,'河南省信阳市固始县',2,'固始县',',1511,1654,',1654),
	(1662,'2017-06-16 00:31:30','2017-06-16 00:31:30',0,8,'河南省信阳市潢川县',2,'潢川县',',1511,1654,',1654),
	(1663,'2017-06-16 00:31:31','2017-06-16 00:31:31',0,9,'河南省信阳市淮滨县',2,'淮滨县',',1511,1654,',1654),
	(1664,'2017-06-16 00:31:32','2017-06-16 00:31:32',0,10,'河南省信阳市息县',2,'息县',',1511,1654,',1654),
	(1665,'2017-06-16 00:31:33','2017-06-16 00:31:33',0,16,'河南省周口市',1,'周口市',',1511,',1511),
	(1666,'2017-06-16 00:31:34','2017-06-16 00:31:34',0,1,'河南省周口市川汇区',2,'川汇区',',1511,1665,',1665),
	(1667,'2017-06-16 00:31:35','2017-06-16 00:31:35',0,2,'河南省周口市扶沟县',2,'扶沟县',',1511,1665,',1665),
	(1668,'2017-06-16 00:31:36','2017-06-16 00:31:36',0,3,'河南省周口市西华县',2,'西华县',',1511,1665,',1665),
	(1669,'2017-06-16 00:31:37','2017-06-16 00:31:37',0,4,'河南省周口市商水县',2,'商水县',',1511,1665,',1665),
	(1670,'2017-06-16 00:31:38','2017-06-16 00:31:38',0,5,'河南省周口市沈丘县',2,'沈丘县',',1511,1665,',1665),
	(1671,'2017-06-16 00:31:39','2017-06-16 00:31:39',0,6,'河南省周口市郸城县',2,'郸城县',',1511,1665,',1665),
	(1672,'2017-06-16 00:31:40','2017-06-16 00:31:40',0,7,'河南省周口市淮阳县',2,'淮阳县',',1511,1665,',1665),
	(1673,'2017-06-16 00:31:41','2017-06-16 00:31:41',0,8,'河南省周口市太康县',2,'太康县',',1511,1665,',1665),
	(1674,'2017-06-16 00:31:42','2017-06-16 00:31:42',0,9,'河南省周口市鹿邑县',2,'鹿邑县',',1511,1665,',1665),
	(1675,'2017-06-16 00:31:43','2017-06-16 00:31:43',0,10,'河南省周口市项城市',2,'项城市',',1511,1665,',1665),
	(1676,'2017-06-16 00:31:44','2017-06-16 00:31:44',0,17,'河南省驻马店市',1,'驻马店市',',1511,',1511),
	(1677,'2017-06-16 00:31:45','2017-06-16 00:31:45',0,1,'河南省驻马店市驿城区',2,'驿城区',',1511,1676,',1676),
	(1678,'2017-06-16 00:31:46','2017-06-16 00:31:46',0,2,'河南省驻马店市西平县',2,'西平县',',1511,1676,',1676),
	(1679,'2017-06-16 00:31:47','2017-06-16 00:31:47',0,3,'河南省驻马店市上蔡县',2,'上蔡县',',1511,1676,',1676),
	(1680,'2017-06-16 00:31:48','2017-06-16 00:31:48',0,4,'河南省驻马店市平舆县',2,'平舆县',',1511,1676,',1676),
	(1681,'2017-06-16 00:31:49','2017-06-16 00:31:49',0,5,'河南省驻马店市正阳县',2,'正阳县',',1511,1676,',1676),
	(1682,'2017-06-16 00:31:50','2017-06-16 00:31:50',0,6,'河南省驻马店市确山县',2,'确山县',',1511,1676,',1676),
	(1683,'2017-06-16 00:31:51','2017-06-16 00:31:51',0,7,'河南省驻马店市泌阳县',2,'泌阳县',',1511,1676,',1676),
	(1684,'2017-06-16 00:31:52','2017-06-16 00:31:52',0,8,'河南省驻马店市汝南县',2,'汝南县',',1511,1676,',1676),
	(1685,'2017-06-16 00:31:53','2017-06-16 00:31:53',0,9,'河南省驻马店市遂平县',2,'遂平县',',1511,1676,',1676),
	(1686,'2017-06-16 00:31:54','2017-06-16 00:31:54',0,10,'河南省驻马店市新蔡县',2,'新蔡县',',1511,1676,',1676),
	(1687,'2017-06-16 00:31:55','2017-06-16 00:31:55',0,18,'河南省济源市',1,'济源市',',1511,',1511),
	(1688,'2017-06-16 00:31:56','2017-06-16 00:31:56',0,17,'湖北省',0,'湖北省',',',NULL),
	(1689,'2017-06-16 00:31:57','2017-06-16 00:31:57',0,1,'湖北省武汉市',1,'武汉市',',1688,',1688),
	(1690,'2017-06-16 00:31:58','2017-06-16 00:31:58',0,1,'湖北省武汉市江岸区',2,'江岸区',',1688,1689,',1689),
	(1691,'2017-06-16 00:31:59','2017-06-16 00:31:59',0,2,'湖北省武汉市江汉区',2,'江汉区',',1688,1689,',1689),
	(1692,'2017-06-16 00:32:00','2017-06-16 00:32:00',0,3,'湖北省武汉市硚口区',2,'硚口区',',1688,1689,',1689),
	(1693,'2017-06-16 00:32:01','2017-06-16 00:32:01',0,4,'湖北省武汉市汉阳区',2,'汉阳区',',1688,1689,',1689),
	(1694,'2017-06-16 00:32:02','2017-06-16 00:32:02',0,5,'湖北省武汉市武昌区',2,'武昌区',',1688,1689,',1689),
	(1695,'2017-06-16 00:32:03','2017-06-16 00:32:03',0,6,'湖北省武汉市青山区',2,'青山区',',1688,1689,',1689),
	(1696,'2017-06-16 00:32:04','2017-06-16 00:32:04',0,7,'湖北省武汉市洪山区',2,'洪山区',',1688,1689,',1689),
	(1697,'2017-06-16 00:32:05','2017-06-16 00:32:05',0,8,'湖北省武汉市东西湖区',2,'东西湖区',',1688,1689,',1689),
	(1698,'2017-06-16 00:32:06','2017-06-16 00:32:06',0,9,'湖北省武汉市汉南区',2,'汉南区',',1688,1689,',1689),
	(1699,'2017-06-16 00:32:07','2017-06-16 00:32:07',0,10,'湖北省武汉市蔡甸区',2,'蔡甸区',',1688,1689,',1689),
	(1700,'2017-06-16 00:32:08','2017-06-16 00:32:08',0,11,'湖北省武汉市江夏区',2,'江夏区',',1688,1689,',1689),
	(1701,'2017-06-16 00:32:09','2017-06-16 00:32:09',0,12,'湖北省武汉市黄陂区',2,'黄陂区',',1688,1689,',1689),
	(1702,'2017-06-16 00:32:10','2017-06-16 00:32:10',0,13,'湖北省武汉市新洲区',2,'新洲区',',1688,1689,',1689),
	(1703,'2017-06-16 00:32:11','2017-06-16 00:32:11',0,2,'湖北省黄石市',1,'黄石市',',1688,',1688),
	(1704,'2017-06-16 00:32:12','2017-06-16 00:32:12',0,1,'湖北省黄石市黄石港区',2,'黄石港区',',1688,1703,',1703),
	(1705,'2017-06-16 00:32:13','2017-06-16 00:32:13',0,2,'湖北省黄石市西塞山区',2,'西塞山区',',1688,1703,',1703),
	(1706,'2017-06-16 00:32:14','2017-06-16 00:32:14',0,3,'湖北省黄石市下陆区',2,'下陆区',',1688,1703,',1703),
	(1707,'2017-06-16 00:32:15','2017-06-16 00:32:15',0,4,'湖北省黄石市铁山区',2,'铁山区',',1688,1703,',1703),
	(1708,'2017-06-16 00:32:16','2017-06-16 00:32:16',0,5,'湖北省黄石市阳新县',2,'阳新县',',1688,1703,',1703),
	(1709,'2017-06-16 00:32:17','2017-06-16 00:32:17',0,6,'湖北省黄石市大冶市',2,'大冶市',',1688,1703,',1703),
	(1710,'2017-06-16 00:32:18','2017-06-16 00:32:18',0,3,'湖北省十堰市',1,'十堰市',',1688,',1688),
	(1711,'2017-06-16 00:32:19','2017-06-16 00:32:19',0,1,'湖北省十堰市茅箭区',2,'茅箭区',',1688,1710,',1710),
	(1712,'2017-06-16 00:32:20','2017-06-16 00:32:20',0,2,'湖北省十堰市张湾区',2,'张湾区',',1688,1710,',1710),
	(1713,'2017-06-16 00:32:21','2017-06-16 00:32:21',0,3,'湖北省十堰市郧县',2,'郧县',',1688,1710,',1710),
	(1714,'2017-06-16 00:32:22','2017-06-16 00:32:22',0,4,'湖北省十堰市郧西县',2,'郧西县',',1688,1710,',1710),
	(1715,'2017-06-16 00:32:23','2017-06-16 00:32:23',0,5,'湖北省十堰市竹山县',2,'竹山县',',1688,1710,',1710),
	(1716,'2017-06-16 00:32:24','2017-06-16 00:32:24',0,6,'湖北省十堰市竹溪县',2,'竹溪县',',1688,1710,',1710),
	(1717,'2017-06-16 00:32:25','2017-06-16 00:32:25',0,7,'湖北省十堰市房县',2,'房县',',1688,1710,',1710),
	(1718,'2017-06-16 00:32:26','2017-06-16 00:32:26',0,8,'湖北省十堰市丹江口市',2,'丹江口市',',1688,1710,',1710),
	(1719,'2017-06-16 00:32:27','2017-06-16 00:32:27',0,4,'湖北省宜昌市',1,'宜昌市',',1688,',1688),
	(1720,'2017-06-16 00:32:28','2017-06-16 00:32:28',0,1,'湖北省宜昌市西陵区',2,'西陵区',',1688,1719,',1719),
	(1721,'2017-06-16 00:32:29','2017-06-16 00:32:29',0,2,'湖北省宜昌市伍家岗区',2,'伍家岗区',',1688,1719,',1719),
	(1722,'2017-06-16 00:32:30','2017-06-16 00:32:30',0,3,'湖北省宜昌市点军区',2,'点军区',',1688,1719,',1719),
	(1723,'2017-06-16 00:32:31','2017-06-16 00:32:31',0,4,'湖北省宜昌市猇亭区',2,'猇亭区',',1688,1719,',1719),
	(1724,'2017-06-16 00:32:32','2017-06-16 00:32:32',0,5,'湖北省宜昌市夷陵区',2,'夷陵区',',1688,1719,',1719),
	(1725,'2017-06-16 00:32:33','2017-06-16 00:32:33',0,6,'湖北省宜昌市远安县',2,'远安县',',1688,1719,',1719),
	(1726,'2017-06-16 00:32:34','2017-06-16 00:32:34',0,7,'湖北省宜昌市兴山县',2,'兴山县',',1688,1719,',1719),
	(1727,'2017-06-16 00:32:35','2017-06-16 00:32:35',0,8,'湖北省宜昌市秭归县',2,'秭归县',',1688,1719,',1719),
	(1728,'2017-06-16 00:32:36','2017-06-16 00:32:36',0,9,'湖北省宜昌市长阳土家族自治县',2,'长阳土家族自治县',',1688,1719,',1719),
	(1729,'2017-06-16 00:32:37','2017-06-16 00:32:37',0,10,'湖北省宜昌市五峰土家族自治县',2,'五峰土家族自治县',',1688,1719,',1719),
	(1730,'2017-06-16 00:32:38','2017-06-16 00:32:38',0,11,'湖北省宜昌市宜都市',2,'宜都市',',1688,1719,',1719),
	(1731,'2017-06-16 00:32:39','2017-06-16 00:32:39',0,12,'湖北省宜昌市当阳市',2,'当阳市',',1688,1719,',1719),
	(1732,'2017-06-16 00:32:40','2017-06-16 00:32:40',0,13,'湖北省宜昌市枝江市',2,'枝江市',',1688,1719,',1719),
	(1733,'2017-06-16 00:32:41','2017-06-16 00:32:41',0,5,'湖北省襄阳市',1,'襄阳市',',1688,',1688),
	(1734,'2017-06-16 00:32:42','2017-06-16 00:32:42',0,1,'湖北省襄阳市襄城区',2,'襄城区',',1688,1733,',1733),
	(1735,'2017-06-16 00:32:43','2017-06-16 00:32:43',0,2,'湖北省襄阳市樊城区',2,'樊城区',',1688,1733,',1733),
	(1736,'2017-06-16 00:32:44','2017-06-16 00:32:44',0,3,'湖北省襄阳市襄州区',2,'襄州区',',1688,1733,',1733),
	(1737,'2017-06-16 00:32:45','2017-06-16 00:32:45',0,4,'湖北省襄阳市南漳县',2,'南漳县',',1688,1733,',1733),
	(1738,'2017-06-16 00:32:46','2017-06-16 00:32:46',0,5,'湖北省襄阳市谷城县',2,'谷城县',',1688,1733,',1733),
	(1739,'2017-06-16 00:32:47','2017-06-16 00:32:47',0,6,'湖北省襄阳市保康县',2,'保康县',',1688,1733,',1733),
	(1740,'2017-06-16 00:32:48','2017-06-16 00:32:48',0,7,'湖北省襄阳市老河口市',2,'老河口市',',1688,1733,',1733),
	(1741,'2017-06-16 00:32:49','2017-06-16 00:32:49',0,8,'湖北省襄阳市枣阳市',2,'枣阳市',',1688,1733,',1733),
	(1742,'2017-06-16 00:32:50','2017-06-16 00:32:50',0,9,'湖北省襄阳市宜城市',2,'宜城市',',1688,1733,',1733),
	(1743,'2017-06-16 00:32:51','2017-06-16 00:32:51',0,6,'湖北省鄂州市',1,'鄂州市',',1688,',1688),
	(1744,'2017-06-16 00:32:52','2017-06-16 00:32:52',0,1,'湖北省鄂州市梁子湖区',2,'梁子湖区',',1688,1743,',1743),
	(1745,'2017-06-16 00:32:53','2017-06-16 00:32:53',0,2,'湖北省鄂州市华容区',2,'华容区',',1688,1743,',1743),
	(1746,'2017-06-16 00:32:54','2017-06-16 00:32:54',0,3,'湖北省鄂州市鄂城区',2,'鄂城区',',1688,1743,',1743),
	(1747,'2017-06-16 00:32:55','2017-06-16 00:32:55',0,7,'湖北省荆门市',1,'荆门市',',1688,',1688),
	(1748,'2017-06-16 00:32:56','2017-06-16 00:32:56',0,1,'湖北省荆门市东宝区',2,'东宝区',',1688,1747,',1747),
	(1749,'2017-06-16 00:32:57','2017-06-16 00:32:57',0,2,'湖北省荆门市掇刀区',2,'掇刀区',',1688,1747,',1747),
	(1750,'2017-06-16 00:32:58','2017-06-16 00:32:58',0,3,'湖北省荆门市京山县',2,'京山县',',1688,1747,',1747),
	(1751,'2017-06-16 00:32:59','2017-06-16 00:32:59',0,4,'湖北省荆门市沙洋县',2,'沙洋县',',1688,1747,',1747),
	(1752,'2017-06-16 00:33:00','2017-06-16 00:33:00',0,5,'湖北省荆门市钟祥市',2,'钟祥市',',1688,1747,',1747),
	(1753,'2017-06-16 00:33:01','2017-06-16 00:33:01',0,8,'湖北省孝感市',1,'孝感市',',1688,',1688),
	(1754,'2017-06-16 00:33:02','2017-06-16 00:33:02',0,1,'湖北省孝感市孝南区',2,'孝南区',',1688,1753,',1753),
	(1755,'2017-06-16 00:33:03','2017-06-16 00:33:03',0,2,'湖北省孝感市孝昌县',2,'孝昌县',',1688,1753,',1753),
	(1756,'2017-06-16 00:33:04','2017-06-16 00:33:04',0,3,'湖北省孝感市大悟县',2,'大悟县',',1688,1753,',1753),
	(1757,'2017-06-16 00:33:05','2017-06-16 00:33:05',0,4,'湖北省孝感市云梦县',2,'云梦县',',1688,1753,',1753),
	(1758,'2017-06-16 00:33:06','2017-06-16 00:33:06',0,5,'湖北省孝感市应城市',2,'应城市',',1688,1753,',1753),
	(1759,'2017-06-16 00:33:07','2017-06-16 00:33:07',0,6,'湖北省孝感市安陆市',2,'安陆市',',1688,1753,',1753),
	(1760,'2017-06-16 00:33:08','2017-06-16 00:33:08',0,7,'湖北省孝感市汉川市',2,'汉川市',',1688,1753,',1753),
	(1761,'2017-06-16 00:33:09','2017-06-16 00:33:09',0,9,'湖北省荆州市',1,'荆州市',',1688,',1688),
	(1762,'2017-06-16 00:33:10','2017-06-16 00:33:10',0,1,'湖北省荆州市沙市区',2,'沙市区',',1688,1761,',1761),
	(1763,'2017-06-16 00:33:11','2017-06-16 00:33:11',0,2,'湖北省荆州市荆州区',2,'荆州区',',1688,1761,',1761),
	(1764,'2017-06-16 00:33:12','2017-06-16 00:33:12',0,3,'湖北省荆州市公安县',2,'公安县',',1688,1761,',1761),
	(1765,'2017-06-16 00:33:13','2017-06-16 00:33:13',0,4,'湖北省荆州市监利县',2,'监利县',',1688,1761,',1761),
	(1766,'2017-06-16 00:33:14','2017-06-16 00:33:14',0,5,'湖北省荆州市江陵县',2,'江陵县',',1688,1761,',1761),
	(1767,'2017-06-16 00:33:15','2017-06-16 00:33:15',0,6,'湖北省荆州市石首市',2,'石首市',',1688,1761,',1761),
	(1768,'2017-06-16 00:33:16','2017-06-16 00:33:16',0,7,'湖北省荆州市洪湖市',2,'洪湖市',',1688,1761,',1761),
	(1769,'2017-06-16 00:33:17','2017-06-16 00:33:17',0,8,'湖北省荆州市松滋市',2,'松滋市',',1688,1761,',1761),
	(1770,'2017-06-16 00:33:18','2017-06-16 00:33:18',0,10,'湖北省黄冈市',1,'黄冈市',',1688,',1688),
	(1771,'2017-06-16 00:33:19','2017-06-16 00:33:19',0,1,'湖北省黄冈市黄州区',2,'黄州区',',1688,1770,',1770),
	(1772,'2017-06-16 00:33:20','2017-06-16 00:33:20',0,2,'湖北省黄冈市团风县',2,'团风县',',1688,1770,',1770),
	(1773,'2017-06-16 00:33:21','2017-06-16 00:33:21',0,3,'湖北省黄冈市红安县',2,'红安县',',1688,1770,',1770),
	(1774,'2017-06-16 00:33:22','2017-06-16 00:33:22',0,4,'湖北省黄冈市罗田县',2,'罗田县',',1688,1770,',1770),
	(1775,'2017-06-16 00:33:23','2017-06-16 00:33:23',0,5,'湖北省黄冈市英山县',2,'英山县',',1688,1770,',1770),
	(1776,'2017-06-16 00:33:24','2017-06-16 00:33:24',0,6,'湖北省黄冈市浠水县',2,'浠水县',',1688,1770,',1770),
	(1777,'2017-06-16 00:33:25','2017-06-16 00:33:25',0,7,'湖北省黄冈市蕲春县',2,'蕲春县',',1688,1770,',1770),
	(1778,'2017-06-16 00:33:26','2017-06-16 00:33:26',0,8,'湖北省黄冈市黄梅县',2,'黄梅县',',1688,1770,',1770),
	(1779,'2017-06-16 00:33:27','2017-06-16 00:33:27',0,9,'湖北省黄冈市麻城市',2,'麻城市',',1688,1770,',1770),
	(1780,'2017-06-16 00:33:28','2017-06-16 00:33:28',0,10,'湖北省黄冈市武穴市',2,'武穴市',',1688,1770,',1770),
	(1781,'2017-06-16 00:33:29','2017-06-16 00:33:29',0,11,'湖北省咸宁市',1,'咸宁市',',1688,',1688),
	(1782,'2017-06-16 00:33:30','2017-06-16 00:33:30',0,1,'湖北省咸宁市咸安区',2,'咸安区',',1688,1781,',1781),
	(1783,'2017-06-16 00:33:31','2017-06-16 00:33:31',0,2,'湖北省咸宁市嘉鱼县',2,'嘉鱼县',',1688,1781,',1781),
	(1784,'2017-06-16 00:33:32','2017-06-16 00:33:32',0,3,'湖北省咸宁市通城县',2,'通城县',',1688,1781,',1781),
	(1785,'2017-06-16 00:33:33','2017-06-16 00:33:33',0,4,'湖北省咸宁市崇阳县',2,'崇阳县',',1688,1781,',1781),
	(1786,'2017-06-16 00:33:34','2017-06-16 00:33:34',0,5,'湖北省咸宁市通山县',2,'通山县',',1688,1781,',1781),
	(1787,'2017-06-16 00:33:35','2017-06-16 00:33:35',0,6,'湖北省咸宁市赤壁市',2,'赤壁市',',1688,1781,',1781),
	(1788,'2017-06-16 00:33:36','2017-06-16 00:33:36',0,12,'湖北省随州市',1,'随州市',',1688,',1688),
	(1789,'2017-06-16 00:33:37','2017-06-16 00:33:37',0,1,'湖北省随州市曾都区',2,'曾都区',',1688,1788,',1788),
	(1790,'2017-06-16 00:33:38','2017-06-16 00:33:38',0,2,'湖北省随州市随县',2,'随县',',1688,1788,',1788),
	(1791,'2017-06-16 00:33:39','2017-06-16 00:33:39',0,3,'湖北省随州市广水市',2,'广水市',',1688,1788,',1788),
	(1792,'2017-06-16 00:33:40','2017-06-16 00:33:40',0,13,'湖北省恩施土家族苗族自治州',1,'恩施土家族苗族自治州',',1688,',1688),
	(1793,'2017-06-16 00:33:41','2017-06-16 00:33:41',0,1,'湖北省恩施土家族苗族自治州恩施市',2,'恩施市',',1688,1792,',1792),
	(1794,'2017-06-16 00:33:42','2017-06-16 00:33:42',0,2,'湖北省恩施土家族苗族自治州利川市',2,'利川市',',1688,1792,',1792),
	(1795,'2017-06-16 00:33:43','2017-06-16 00:33:43',0,3,'湖北省恩施土家族苗族自治州建始县',2,'建始县',',1688,1792,',1792),
	(1796,'2017-06-16 00:33:44','2017-06-16 00:33:44',0,4,'湖北省恩施土家族苗族自治州巴东县',2,'巴东县',',1688,1792,',1792),
	(1797,'2017-06-16 00:33:45','2017-06-16 00:33:45',0,5,'湖北省恩施土家族苗族自治州宣恩县',2,'宣恩县',',1688,1792,',1792),
	(1798,'2017-06-16 00:33:46','2017-06-16 00:33:46',0,6,'湖北省恩施土家族苗族自治州咸丰县',2,'咸丰县',',1688,1792,',1792),
	(1799,'2017-06-16 00:33:47','2017-06-16 00:33:47',0,7,'湖北省恩施土家族苗族自治州来凤县',2,'来凤县',',1688,1792,',1792),
	(1800,'2017-06-16 00:33:48','2017-06-16 00:33:48',0,8,'湖北省恩施土家族苗族自治州鹤峰县',2,'鹤峰县',',1688,1792,',1792),
	(1801,'2017-06-16 00:33:49','2017-06-16 00:33:49',0,14,'湖北省仙桃市',1,'仙桃市',',1688,',1688),
	(1802,'2017-06-16 00:33:50','2017-06-16 00:33:50',0,15,'湖北省潜江市',1,'潜江市',',1688,',1688),
	(1803,'2017-06-16 00:33:51','2017-06-16 00:33:51',0,16,'湖北省天门市',1,'天门市',',1688,',1688),
	(1804,'2017-06-16 00:33:52','2017-06-16 00:33:52',0,17,'湖北省神农架林区',1,'神农架林区',',1688,',1688),
	(1805,'2017-06-16 00:33:53','2017-06-16 00:33:53',0,18,'湖南省',0,'湖南省',',',NULL),
	(1806,'2017-06-16 00:33:54','2017-06-16 00:33:54',0,1,'湖南省长沙市',1,'长沙市',',1805,',1805),
	(1807,'2017-06-16 00:33:55','2017-06-16 00:33:55',0,1,'湖南省长沙市芙蓉区',2,'芙蓉区',',1805,1806,',1806),
	(1808,'2017-06-16 00:33:56','2017-06-16 00:33:56',0,2,'湖南省长沙市天心区',2,'天心区',',1805,1806,',1806),
	(1809,'2017-06-16 00:33:57','2017-06-16 00:33:57',0,3,'湖南省长沙市岳麓区',2,'岳麓区',',1805,1806,',1806),
	(1810,'2017-06-16 00:33:58','2017-06-16 00:33:58',0,4,'湖南省长沙市开福区',2,'开福区',',1805,1806,',1806),
	(1811,'2017-06-16 00:33:59','2017-06-16 00:33:59',0,5,'湖南省长沙市雨花区',2,'雨花区',',1805,1806,',1806),
	(1812,'2017-06-16 00:34:00','2017-06-16 00:34:00',0,6,'湖南省长沙市望城区',2,'望城区',',1805,1806,',1806),
	(1813,'2017-06-16 00:34:01','2017-06-16 00:34:01',0,7,'湖南省长沙市长沙县',2,'长沙县',',1805,1806,',1806),
	(1814,'2017-06-16 00:34:02','2017-06-16 00:34:02',0,8,'湖南省长沙市宁乡县',2,'宁乡县',',1805,1806,',1806),
	(1815,'2017-06-16 00:34:03','2017-06-16 00:34:03',0,9,'湖南省长沙市浏阳市',2,'浏阳市',',1805,1806,',1806),
	(1816,'2017-06-16 00:34:04','2017-06-16 00:34:04',0,2,'湖南省株洲市',1,'株洲市',',1805,',1805),
	(1817,'2017-06-16 00:34:05','2017-06-16 00:34:05',0,1,'湖南省株洲市荷塘区',2,'荷塘区',',1805,1816,',1816),
	(1818,'2017-06-16 00:34:06','2017-06-16 00:34:06',0,2,'湖南省株洲市芦淞区',2,'芦淞区',',1805,1816,',1816),
	(1819,'2017-06-16 00:34:07','2017-06-16 00:34:07',0,3,'湖南省株洲市石峰区',2,'石峰区',',1805,1816,',1816),
	(1820,'2017-06-16 00:34:08','2017-06-16 00:34:08',0,4,'湖南省株洲市天元区',2,'天元区',',1805,1816,',1816),
	(1821,'2017-06-16 00:34:09','2017-06-16 00:34:09',0,5,'湖南省株洲市株洲县',2,'株洲县',',1805,1816,',1816),
	(1822,'2017-06-16 00:34:10','2017-06-16 00:34:10',0,6,'湖南省株洲市攸县',2,'攸县',',1805,1816,',1816),
	(1823,'2017-06-16 00:34:11','2017-06-16 00:34:11',0,7,'湖南省株洲市茶陵县',2,'茶陵县',',1805,1816,',1816),
	(1824,'2017-06-16 00:34:12','2017-06-16 00:34:12',0,8,'湖南省株洲市炎陵县',2,'炎陵县',',1805,1816,',1816),
	(1825,'2017-06-16 00:34:13','2017-06-16 00:34:13',0,9,'湖南省株洲市醴陵市',2,'醴陵市',',1805,1816,',1816),
	(1826,'2017-06-16 00:34:14','2017-06-16 00:34:14',0,3,'湖南省湘潭市',1,'湘潭市',',1805,',1805),
	(1827,'2017-06-16 00:34:15','2017-06-16 00:34:15',0,1,'湖南省湘潭市雨湖区',2,'雨湖区',',1805,1826,',1826),
	(1828,'2017-06-16 00:34:16','2017-06-16 00:34:16',0,2,'湖南省湘潭市岳塘区',2,'岳塘区',',1805,1826,',1826),
	(1829,'2017-06-16 00:34:17','2017-06-16 00:34:17',0,3,'湖南省湘潭市湘潭县',2,'湘潭县',',1805,1826,',1826),
	(1830,'2017-06-16 00:34:18','2017-06-16 00:34:18',0,4,'湖南省湘潭市湘乡市',2,'湘乡市',',1805,1826,',1826),
	(1831,'2017-06-16 00:34:19','2017-06-16 00:34:19',0,5,'湖南省湘潭市韶山市',2,'韶山市',',1805,1826,',1826),
	(1832,'2017-06-16 00:34:20','2017-06-16 00:34:20',0,4,'湖南省衡阳市',1,'衡阳市',',1805,',1805),
	(1833,'2017-06-16 00:34:21','2017-06-16 00:34:21',0,1,'湖南省衡阳市珠晖区',2,'珠晖区',',1805,1832,',1832),
	(1834,'2017-06-16 00:34:22','2017-06-16 00:34:22',0,2,'湖南省衡阳市雁峰区',2,'雁峰区',',1805,1832,',1832),
	(1835,'2017-06-16 00:34:23','2017-06-16 00:34:23',0,3,'湖南省衡阳市石鼓区',2,'石鼓区',',1805,1832,',1832),
	(1836,'2017-06-16 00:34:24','2017-06-16 00:34:24',0,4,'湖南省衡阳市蒸湘区',2,'蒸湘区',',1805,1832,',1832),
	(1837,'2017-06-16 00:34:25','2017-06-16 00:34:25',0,5,'湖南省衡阳市南岳区',2,'南岳区',',1805,1832,',1832),
	(1838,'2017-06-16 00:34:26','2017-06-16 00:34:26',0,6,'湖南省衡阳市衡阳县',2,'衡阳县',',1805,1832,',1832),
	(1839,'2017-06-16 00:34:27','2017-06-16 00:34:27',0,7,'湖南省衡阳市衡南县',2,'衡南县',',1805,1832,',1832),
	(1840,'2017-06-16 00:34:28','2017-06-16 00:34:28',0,8,'湖南省衡阳市衡山县',2,'衡山县',',1805,1832,',1832),
	(1841,'2017-06-16 00:34:29','2017-06-16 00:34:29',0,9,'湖南省衡阳市衡东县',2,'衡东县',',1805,1832,',1832),
	(1842,'2017-06-16 00:34:30','2017-06-16 00:34:30',0,10,'湖南省衡阳市祁东县',2,'祁东县',',1805,1832,',1832),
	(1843,'2017-06-16 00:34:31','2017-06-16 00:34:31',0,11,'湖南省衡阳市耒阳市',2,'耒阳市',',1805,1832,',1832),
	(1844,'2017-06-16 00:34:32','2017-06-16 00:34:32',0,12,'湖南省衡阳市常宁市',2,'常宁市',',1805,1832,',1832),
	(1845,'2017-06-16 00:34:33','2017-06-16 00:34:33',0,5,'湖南省邵阳市',1,'邵阳市',',1805,',1805),
	(1846,'2017-06-16 00:34:34','2017-06-16 00:34:34',0,1,'湖南省邵阳市双清区',2,'双清区',',1805,1845,',1845),
	(1847,'2017-06-16 00:34:35','2017-06-16 00:34:35',0,2,'湖南省邵阳市大祥区',2,'大祥区',',1805,1845,',1845),
	(1848,'2017-06-16 00:34:36','2017-06-16 00:34:36',0,3,'湖南省邵阳市北塔区',2,'北塔区',',1805,1845,',1845),
	(1849,'2017-06-16 00:34:37','2017-06-16 00:34:37',0,4,'湖南省邵阳市邵东县',2,'邵东县',',1805,1845,',1845),
	(1850,'2017-06-16 00:34:38','2017-06-16 00:34:38',0,5,'湖南省邵阳市新邵县',2,'新邵县',',1805,1845,',1845),
	(1851,'2017-06-16 00:34:39','2017-06-16 00:34:39',0,6,'湖南省邵阳市邵阳县',2,'邵阳县',',1805,1845,',1845),
	(1852,'2017-06-16 00:34:40','2017-06-16 00:34:40',0,7,'湖南省邵阳市隆回县',2,'隆回县',',1805,1845,',1845),
	(1853,'2017-06-16 00:34:41','2017-06-16 00:34:41',0,8,'湖南省邵阳市洞口县',2,'洞口县',',1805,1845,',1845),
	(1854,'2017-06-16 00:34:42','2017-06-16 00:34:42',0,9,'湖南省邵阳市绥宁县',2,'绥宁县',',1805,1845,',1845),
	(1855,'2017-06-16 00:34:43','2017-06-16 00:34:43',0,10,'湖南省邵阳市新宁县',2,'新宁县',',1805,1845,',1845),
	(1856,'2017-06-16 00:34:44','2017-06-16 00:34:44',0,11,'湖南省邵阳市城步苗族自治县',2,'城步苗族自治县',',1805,1845,',1845),
	(1857,'2017-06-16 00:34:45','2017-06-16 00:34:45',0,12,'湖南省邵阳市武冈市',2,'武冈市',',1805,1845,',1845),
	(1858,'2017-06-16 00:34:46','2017-06-16 00:34:46',0,6,'湖南省岳阳市',1,'岳阳市',',1805,',1805),
	(1859,'2017-06-16 00:34:47','2017-06-16 00:34:47',0,1,'湖南省岳阳市岳阳楼区',2,'岳阳楼区',',1805,1858,',1858),
	(1860,'2017-06-16 00:34:48','2017-06-16 00:34:48',0,2,'湖南省岳阳市云溪区',2,'云溪区',',1805,1858,',1858),
	(1861,'2017-06-16 00:34:49','2017-06-16 00:34:49',0,3,'湖南省岳阳市君山区',2,'君山区',',1805,1858,',1858),
	(1862,'2017-06-16 00:34:50','2017-06-16 00:34:50',0,4,'湖南省岳阳市岳阳县',2,'岳阳县',',1805,1858,',1858),
	(1863,'2017-06-16 00:34:51','2017-06-16 00:34:51',0,5,'湖南省岳阳市华容县',2,'华容县',',1805,1858,',1858),
	(1864,'2017-06-16 00:34:52','2017-06-16 00:34:52',0,6,'湖南省岳阳市湘阴县',2,'湘阴县',',1805,1858,',1858),
	(1865,'2017-06-16 00:34:53','2017-06-16 00:34:53',0,7,'湖南省岳阳市平江县',2,'平江县',',1805,1858,',1858),
	(1866,'2017-06-16 00:34:54','2017-06-16 00:34:54',0,8,'湖南省岳阳市汨罗市',2,'汨罗市',',1805,1858,',1858),
	(1867,'2017-06-16 00:34:55','2017-06-16 00:34:55',0,9,'湖南省岳阳市临湘市',2,'临湘市',',1805,1858,',1858),
	(1868,'2017-06-16 00:34:56','2017-06-16 00:34:56',0,7,'湖南省常德市',1,'常德市',',1805,',1805),
	(1869,'2017-06-16 00:34:57','2017-06-16 00:34:57',0,1,'湖南省常德市武陵区',2,'武陵区',',1805,1868,',1868),
	(1870,'2017-06-16 00:34:58','2017-06-16 00:34:58',0,2,'湖南省常德市鼎城区',2,'鼎城区',',1805,1868,',1868),
	(1871,'2017-06-16 00:34:59','2017-06-16 00:34:59',0,3,'湖南省常德市安乡县',2,'安乡县',',1805,1868,',1868),
	(1872,'2017-06-16 00:35:00','2017-06-16 00:35:00',0,4,'湖南省常德市汉寿县',2,'汉寿县',',1805,1868,',1868),
	(1873,'2017-06-16 00:35:01','2017-06-16 00:35:01',0,5,'湖南省常德市澧县',2,'澧县',',1805,1868,',1868),
	(1874,'2017-06-16 00:35:02','2017-06-16 00:35:02',0,6,'湖南省常德市临澧县',2,'临澧县',',1805,1868,',1868),
	(1875,'2017-06-16 00:35:03','2017-06-16 00:35:03',0,7,'湖南省常德市桃源县',2,'桃源县',',1805,1868,',1868),
	(1876,'2017-06-16 00:35:04','2017-06-16 00:35:04',0,8,'湖南省常德市石门县',2,'石门县',',1805,1868,',1868),
	(1877,'2017-06-16 00:35:05','2017-06-16 00:35:05',0,9,'湖南省常德市津市市',2,'津市市',',1805,1868,',1868),
	(1878,'2017-06-16 00:35:06','2017-06-16 00:35:06',0,8,'湖南省张家界市',1,'张家界市',',1805,',1805),
	(1879,'2017-06-16 00:35:07','2017-06-16 00:35:07',0,1,'湖南省张家界市永定区',2,'永定区',',1805,1878,',1878),
	(1880,'2017-06-16 00:35:08','2017-06-16 00:35:08',0,2,'湖南省张家界市武陵源区',2,'武陵源区',',1805,1878,',1878),
	(1881,'2017-06-16 00:35:09','2017-06-16 00:35:09',0,3,'湖南省张家界市慈利县',2,'慈利县',',1805,1878,',1878),
	(1882,'2017-06-16 00:35:10','2017-06-16 00:35:10',0,4,'湖南省张家界市桑植县',2,'桑植县',',1805,1878,',1878),
	(1883,'2017-06-16 00:35:11','2017-06-16 00:35:11',0,9,'湖南省益阳市',1,'益阳市',',1805,',1805),
	(1884,'2017-06-16 00:35:12','2017-06-16 00:35:12',0,1,'湖南省益阳市资阳区',2,'资阳区',',1805,1883,',1883),
	(1885,'2017-06-16 00:35:13','2017-06-16 00:35:13',0,2,'湖南省益阳市赫山区',2,'赫山区',',1805,1883,',1883),
	(1886,'2017-06-16 00:35:14','2017-06-16 00:35:14',0,3,'湖南省益阳市南县',2,'南县',',1805,1883,',1883),
	(1887,'2017-06-16 00:35:15','2017-06-16 00:35:15',0,4,'湖南省益阳市桃江县',2,'桃江县',',1805,1883,',1883),
	(1888,'2017-06-16 00:35:16','2017-06-16 00:35:16',0,5,'湖南省益阳市安化县',2,'安化县',',1805,1883,',1883),
	(1889,'2017-06-16 00:35:17','2017-06-16 00:35:17',0,6,'湖南省益阳市沅江市',2,'沅江市',',1805,1883,',1883),
	(1890,'2017-06-16 00:35:18','2017-06-16 00:35:18',0,10,'湖南省郴州市',1,'郴州市',',1805,',1805),
	(1891,'2017-06-16 00:35:19','2017-06-16 00:35:19',0,1,'湖南省郴州市北湖区',2,'北湖区',',1805,1890,',1890),
	(1892,'2017-06-16 00:35:20','2017-06-16 00:35:20',0,2,'湖南省郴州市苏仙区',2,'苏仙区',',1805,1890,',1890),
	(1893,'2017-06-16 00:35:21','2017-06-16 00:35:21',0,3,'湖南省郴州市桂阳县',2,'桂阳县',',1805,1890,',1890),
	(1894,'2017-06-16 00:35:22','2017-06-16 00:35:22',0,4,'湖南省郴州市宜章县',2,'宜章县',',1805,1890,',1890),
	(1895,'2017-06-16 00:35:23','2017-06-16 00:35:23',0,5,'湖南省郴州市永兴县',2,'永兴县',',1805,1890,',1890),
	(1896,'2017-06-16 00:35:24','2017-06-16 00:35:24',0,6,'湖南省郴州市嘉禾县',2,'嘉禾县',',1805,1890,',1890),
	(1897,'2017-06-16 00:35:25','2017-06-16 00:35:25',0,7,'湖南省郴州市临武县',2,'临武县',',1805,1890,',1890),
	(1898,'2017-06-16 00:35:26','2017-06-16 00:35:26',0,8,'湖南省郴州市汝城县',2,'汝城县',',1805,1890,',1890),
	(1899,'2017-06-16 00:35:27','2017-06-16 00:35:27',0,9,'湖南省郴州市桂东县',2,'桂东县',',1805,1890,',1890),
	(1900,'2017-06-16 00:35:28','2017-06-16 00:35:28',0,10,'湖南省郴州市安仁县',2,'安仁县',',1805,1890,',1890),
	(1901,'2017-06-16 00:35:29','2017-06-16 00:35:29',0,11,'湖南省郴州市资兴市',2,'资兴市',',1805,1890,',1890),
	(1902,'2017-06-16 00:35:30','2017-06-16 00:35:30',0,11,'湖南省永州市',1,'永州市',',1805,',1805),
	(1903,'2017-06-16 00:35:31','2017-06-16 00:35:31',0,1,'湖南省永州市零陵区',2,'零陵区',',1805,1902,',1902),
	(1904,'2017-06-16 00:35:32','2017-06-16 00:35:32',0,2,'湖南省永州市冷水滩区',2,'冷水滩区',',1805,1902,',1902),
	(1905,'2017-06-16 00:35:33','2017-06-16 00:35:33',0,3,'湖南省永州市祁阳县',2,'祁阳县',',1805,1902,',1902),
	(1906,'2017-06-16 00:35:34','2017-06-16 00:35:34',0,4,'湖南省永州市东安县',2,'东安县',',1805,1902,',1902),
	(1907,'2017-06-16 00:35:35','2017-06-16 00:35:35',0,5,'湖南省永州市双牌县',2,'双牌县',',1805,1902,',1902),
	(1908,'2017-06-16 00:35:36','2017-06-16 00:35:36',0,6,'湖南省永州市道县',2,'道县',',1805,1902,',1902),
	(1909,'2017-06-16 00:35:37','2017-06-16 00:35:37',0,7,'湖南省永州市江永县',2,'江永县',',1805,1902,',1902),
	(1910,'2017-06-16 00:35:38','2017-06-16 00:35:38',0,8,'湖南省永州市宁远县',2,'宁远县',',1805,1902,',1902),
	(1911,'2017-06-16 00:35:39','2017-06-16 00:35:39',0,9,'湖南省永州市蓝山县',2,'蓝山县',',1805,1902,',1902),
	(1912,'2017-06-16 00:35:40','2017-06-16 00:35:40',0,10,'湖南省永州市新田县',2,'新田县',',1805,1902,',1902),
	(1913,'2017-06-16 00:35:41','2017-06-16 00:35:41',0,11,'湖南省永州市江华瑶族自治县',2,'江华瑶族自治县',',1805,1902,',1902),
	(1914,'2017-06-16 00:35:42','2017-06-16 00:35:42',0,12,'湖南省怀化市',1,'怀化市',',1805,',1805),
	(1915,'2017-06-16 00:35:43','2017-06-16 00:35:43',0,1,'湖南省怀化市鹤城区',2,'鹤城区',',1805,1914,',1914),
	(1916,'2017-06-16 00:35:44','2017-06-16 00:35:44',0,2,'湖南省怀化市中方县',2,'中方县',',1805,1914,',1914),
	(1917,'2017-06-16 00:35:45','2017-06-16 00:35:45',0,3,'湖南省怀化市沅陵县',2,'沅陵县',',1805,1914,',1914),
	(1918,'2017-06-16 00:35:46','2017-06-16 00:35:46',0,4,'湖南省怀化市辰溪县',2,'辰溪县',',1805,1914,',1914),
	(1919,'2017-06-16 00:35:47','2017-06-16 00:35:47',0,5,'湖南省怀化市溆浦县',2,'溆浦县',',1805,1914,',1914),
	(1920,'2017-06-16 00:35:48','2017-06-16 00:35:48',0,6,'湖南省怀化市会同县',2,'会同县',',1805,1914,',1914),
	(1921,'2017-06-16 00:35:49','2017-06-16 00:35:49',0,7,'湖南省怀化市麻阳苗族自治县',2,'麻阳苗族自治县',',1805,1914,',1914),
	(1922,'2017-06-16 00:35:50','2017-06-16 00:35:50',0,8,'湖南省怀化市新晃侗族自治县',2,'新晃侗族自治县',',1805,1914,',1914),
	(1923,'2017-06-16 00:35:51','2017-06-16 00:35:51',0,9,'湖南省怀化市芷江侗族自治县',2,'芷江侗族自治县',',1805,1914,',1914),
	(1924,'2017-06-16 00:35:52','2017-06-16 00:35:52',0,10,'湖南省怀化市靖州苗族侗族自治县',2,'靖州苗族侗族自治县',',1805,1914,',1914),
	(1925,'2017-06-16 00:35:53','2017-06-16 00:35:53',0,11,'湖南省怀化市通道侗族自治县',2,'通道侗族自治县',',1805,1914,',1914),
	(1926,'2017-06-16 00:35:54','2017-06-16 00:35:54',0,12,'湖南省怀化市洪江市',2,'洪江市',',1805,1914,',1914),
	(1927,'2017-06-16 00:35:55','2017-06-16 00:35:55',0,13,'湖南省娄底市',1,'娄底市',',1805,',1805),
	(1928,'2017-06-16 00:35:56','2017-06-16 00:35:56',0,1,'湖南省娄底市娄星区',2,'娄星区',',1805,1927,',1927),
	(1929,'2017-06-16 00:35:57','2017-06-16 00:35:57',0,2,'湖南省娄底市双峰县',2,'双峰县',',1805,1927,',1927),
	(1930,'2017-06-16 00:35:58','2017-06-16 00:35:58',0,3,'湖南省娄底市新化县',2,'新化县',',1805,1927,',1927),
	(1931,'2017-06-16 00:35:59','2017-06-16 00:35:59',0,4,'湖南省娄底市冷水江市',2,'冷水江市',',1805,1927,',1927),
	(1932,'2017-06-16 00:36:00','2017-06-16 00:36:00',0,5,'湖南省娄底市涟源市',2,'涟源市',',1805,1927,',1927),
	(1933,'2017-06-16 00:36:01','2017-06-16 00:36:01',0,14,'湖南省湘西土家族苗族自治州',1,'湘西土家族苗族自治州',',1805,',1805),
	(1934,'2017-06-16 00:36:02','2017-06-16 00:36:02',0,1,'湖南省湘西土家族苗族自治州吉首市',2,'吉首市',',1805,1933,',1933),
	(1935,'2017-06-16 00:36:03','2017-06-16 00:36:03',0,2,'湖南省湘西土家族苗族自治州泸溪县',2,'泸溪县',',1805,1933,',1933),
	(1936,'2017-06-16 00:36:04','2017-06-16 00:36:04',0,3,'湖南省湘西土家族苗族自治州凤凰县',2,'凤凰县',',1805,1933,',1933),
	(1937,'2017-06-16 00:36:05','2017-06-16 00:36:05',0,4,'湖南省湘西土家族苗族自治州花垣县',2,'花垣县',',1805,1933,',1933),
	(1938,'2017-06-16 00:36:06','2017-06-16 00:36:06',0,5,'湖南省湘西土家族苗族自治州保靖县',2,'保靖县',',1805,1933,',1933),
	(1939,'2017-06-16 00:36:07','2017-06-16 00:36:07',0,6,'湖南省湘西土家族苗族自治州古丈县',2,'古丈县',',1805,1933,',1933),
	(1940,'2017-06-16 00:36:08','2017-06-16 00:36:08',0,7,'湖南省湘西土家族苗族自治州永顺县',2,'永顺县',',1805,1933,',1933),
	(1941,'2017-06-16 00:36:09','2017-06-16 00:36:09',0,8,'湖南省湘西土家族苗族自治州龙山县',2,'龙山县',',1805,1933,',1933),
	(1942,'2017-06-16 00:36:10','2017-06-16 00:36:10',0,19,'广东省',0,'广东省',',',NULL),
	(1943,'2017-06-16 00:36:11','2017-06-16 00:36:11',0,1,'广东省广州市',1,'广州市',',1942,',1942),
	(1944,'2017-06-16 00:36:12','2017-06-16 00:36:12',0,1,'广东省广州市荔湾区',2,'荔湾区',',1942,1943,',1943),
	(1945,'2017-06-16 00:36:13','2017-06-16 00:36:13',0,2,'广东省广州市越秀区',2,'越秀区',',1942,1943,',1943),
	(1946,'2017-06-16 00:36:14','2017-06-16 00:36:14',0,3,'广东省广州市海珠区',2,'海珠区',',1942,1943,',1943),
	(1947,'2017-06-16 00:36:15','2017-06-16 00:36:15',0,4,'广东省广州市天河区',2,'天河区',',1942,1943,',1943),
	(1948,'2017-06-16 00:36:16','2017-06-16 00:36:16',0,5,'广东省广州市白云区',2,'白云区',',1942,1943,',1943),
	(1949,'2017-06-16 00:36:17','2017-06-16 00:36:17',0,6,'广东省广州市黄埔区',2,'黄埔区',',1942,1943,',1943),
	(1950,'2017-06-16 00:36:18','2017-06-16 00:36:18',0,7,'广东省广州市番禺区',2,'番禺区',',1942,1943,',1943),
	(1951,'2017-06-16 00:36:19','2017-06-16 00:36:19',0,8,'广东省广州市花都区',2,'花都区',',1942,1943,',1943),
	(1952,'2017-06-16 00:36:20','2017-06-16 00:36:20',0,9,'广东省广州市南沙区',2,'南沙区',',1942,1943,',1943),
	(1953,'2017-06-16 00:36:21','2017-06-16 00:36:21',0,10,'广东省广州市萝岗区',2,'萝岗区',',1942,1943,',1943),
	(1954,'2017-06-16 00:36:22','2017-06-16 00:36:22',0,11,'广东省广州市增城市',2,'增城市',',1942,1943,',1943),
	(1955,'2017-06-16 00:36:23','2017-06-16 00:36:23',0,12,'广东省广州市从化市',2,'从化市',',1942,1943,',1943),
	(1956,'2017-06-16 00:36:24','2017-06-16 00:36:24',0,2,'广东省韶关市',1,'韶关市',',1942,',1942),
	(1957,'2017-06-16 00:36:25','2017-06-16 00:36:25',0,1,'广东省韶关市武江区',2,'武江区',',1942,1956,',1956),
	(1958,'2017-06-16 00:36:26','2017-06-16 00:36:26',0,2,'广东省韶关市浈江区',2,'浈江区',',1942,1956,',1956),
	(1959,'2017-06-16 00:36:27','2017-06-16 00:36:27',0,3,'广东省韶关市曲江区',2,'曲江区',',1942,1956,',1956),
	(1960,'2017-06-16 00:36:28','2017-06-16 00:36:28',0,4,'广东省韶关市始兴县',2,'始兴县',',1942,1956,',1956),
	(1961,'2017-06-16 00:36:29','2017-06-16 00:36:29',0,5,'广东省韶关市仁化县',2,'仁化县',',1942,1956,',1956),
	(1962,'2017-06-16 00:36:30','2017-06-16 00:36:30',0,6,'广东省韶关市翁源县',2,'翁源县',',1942,1956,',1956),
	(1963,'2017-06-16 00:36:31','2017-06-16 00:36:31',0,7,'广东省韶关市乳源瑶族自治县',2,'乳源瑶族自治县',',1942,1956,',1956),
	(1964,'2017-06-16 00:36:32','2017-06-16 00:36:32',0,8,'广东省韶关市新丰县',2,'新丰县',',1942,1956,',1956),
	(1965,'2017-06-16 00:36:33','2017-06-16 00:36:33',0,9,'广东省韶关市乐昌市',2,'乐昌市',',1942,1956,',1956),
	(1966,'2017-06-16 00:36:34','2017-06-16 00:36:34',0,10,'广东省韶关市南雄市',2,'南雄市',',1942,1956,',1956),
	(1967,'2017-06-16 00:36:35','2017-06-16 00:36:35',0,3,'广东省深圳市',1,'深圳市',',1942,',1942),
	(1968,'2017-06-16 00:36:36','2017-06-16 00:36:36',0,1,'广东省深圳市罗湖区',2,'罗湖区',',1942,1967,',1967),
	(1969,'2017-06-16 00:36:37','2017-06-16 00:36:37',0,2,'广东省深圳市福田区',2,'福田区',',1942,1967,',1967),
	(1970,'2017-06-16 00:36:38','2017-06-16 00:36:38',0,3,'广东省深圳市南山区',2,'南山区',',1942,1967,',1967),
	(1971,'2017-06-16 00:36:39','2017-06-16 00:36:39',0,4,'广东省深圳市宝安区',2,'宝安区',',1942,1967,',1967),
	(1972,'2017-06-16 00:36:40','2017-06-16 00:36:40',0,5,'广东省深圳市龙岗区',2,'龙岗区',',1942,1967,',1967),
	(1973,'2017-06-16 00:36:41','2017-06-16 00:36:41',0,6,'广东省深圳市盐田区',2,'盐田区',',1942,1967,',1967),
	(1974,'2017-06-16 00:36:42','2017-06-16 00:36:42',0,4,'广东省珠海市',1,'珠海市',',1942,',1942),
	(1975,'2017-06-16 00:36:43','2017-06-16 00:36:43',0,1,'广东省珠海市香洲区',2,'香洲区',',1942,1974,',1974),
	(1976,'2017-06-16 00:36:44','2017-06-16 00:36:44',0,2,'广东省珠海市斗门区',2,'斗门区',',1942,1974,',1974),
	(1977,'2017-06-16 00:36:45','2017-06-16 00:36:45',0,3,'广东省珠海市金湾区',2,'金湾区',',1942,1974,',1974),
	(1978,'2017-06-16 00:36:46','2017-06-16 00:36:46',0,5,'广东省汕头市',1,'汕头市',',1942,',1942),
	(1979,'2017-06-16 00:36:47','2017-06-16 00:36:47',0,1,'广东省汕头市龙湖区',2,'龙湖区',',1942,1978,',1978),
	(1980,'2017-06-16 00:36:48','2017-06-16 00:36:48',0,2,'广东省汕头市金平区',2,'金平区',',1942,1978,',1978),
	(1981,'2017-06-16 00:36:49','2017-06-16 00:36:49',0,3,'广东省汕头市濠江区',2,'濠江区',',1942,1978,',1978),
	(1982,'2017-06-16 00:36:50','2017-06-16 00:36:50',0,4,'广东省汕头市潮阳区',2,'潮阳区',',1942,1978,',1978),
	(1983,'2017-06-16 00:36:51','2017-06-16 00:36:51',0,5,'广东省汕头市潮南区',2,'潮南区',',1942,1978,',1978),
	(1984,'2017-06-16 00:36:52','2017-06-16 00:36:52',0,6,'广东省汕头市澄海区',2,'澄海区',',1942,1978,',1978),
	(1985,'2017-06-16 00:36:53','2017-06-16 00:36:53',0,7,'广东省汕头市南澳县',2,'南澳县',',1942,1978,',1978),
	(1986,'2017-06-16 00:36:54','2017-06-16 00:36:54',0,6,'广东省佛山市',1,'佛山市',',1942,',1942),
	(1987,'2017-06-16 00:36:55','2017-06-16 00:36:55',0,1,'广东省佛山市禅城区',2,'禅城区',',1942,1986,',1986),
	(1988,'2017-06-16 00:36:56','2017-06-16 00:36:56',0,2,'广东省佛山市南海区',2,'南海区',',1942,1986,',1986),
	(1989,'2017-06-16 00:36:57','2017-06-16 00:36:57',0,3,'广东省佛山市顺德区',2,'顺德区',',1942,1986,',1986),
	(1990,'2017-06-16 00:36:58','2017-06-16 00:36:58',0,4,'广东省佛山市三水区',2,'三水区',',1942,1986,',1986),
	(1991,'2017-06-16 00:36:59','2017-06-16 00:36:59',0,5,'广东省佛山市高明区',2,'高明区',',1942,1986,',1986),
	(1992,'2017-06-16 00:37:00','2017-06-16 00:37:00',0,7,'广东省江门市',1,'江门市',',1942,',1942),
	(1993,'2017-06-16 00:37:01','2017-06-16 00:37:01',0,1,'广东省江门市蓬江区',2,'蓬江区',',1942,1992,',1992),
	(1994,'2017-06-16 00:37:02','2017-06-16 00:37:02',0,2,'广东省江门市江海区',2,'江海区',',1942,1992,',1992),
	(1995,'2017-06-16 00:37:03','2017-06-16 00:37:03',0,3,'广东省江门市新会区',2,'新会区',',1942,1992,',1992),
	(1996,'2017-06-16 00:37:04','2017-06-16 00:37:04',0,4,'广东省江门市台山市',2,'台山市',',1942,1992,',1992),
	(1997,'2017-06-16 00:37:05','2017-06-16 00:37:05',0,5,'广东省江门市开平市',2,'开平市',',1942,1992,',1992),
	(1998,'2017-06-16 00:37:06','2017-06-16 00:37:06',0,6,'广东省江门市鹤山市',2,'鹤山市',',1942,1992,',1992),
	(1999,'2017-06-16 00:37:07','2017-06-16 00:37:07',0,7,'广东省江门市恩平市',2,'恩平市',',1942,1992,',1992),
	(2000,'2017-06-16 00:37:08','2017-06-16 00:37:08',0,8,'广东省湛江市',1,'湛江市',',1942,',1942),
	(2001,'2017-06-16 00:37:09','2017-06-16 00:37:09',0,1,'广东省湛江市赤坎区',2,'赤坎区',',1942,2000,',2000),
	(2002,'2017-06-16 00:37:10','2017-06-16 00:37:10',0,2,'广东省湛江市霞山区',2,'霞山区',',1942,2000,',2000),
	(2003,'2017-06-16 00:37:11','2017-06-16 00:37:11',0,3,'广东省湛江市坡头区',2,'坡头区',',1942,2000,',2000),
	(2004,'2017-06-16 00:37:12','2017-06-16 00:37:12',0,4,'广东省湛江市麻章区',2,'麻章区',',1942,2000,',2000),
	(2005,'2017-06-16 00:37:13','2017-06-16 00:37:13',0,5,'广东省湛江市遂溪县',2,'遂溪县',',1942,2000,',2000),
	(2006,'2017-06-16 00:37:14','2017-06-16 00:37:14',0,6,'广东省湛江市徐闻县',2,'徐闻县',',1942,2000,',2000),
	(2007,'2017-06-16 00:37:15','2017-06-16 00:37:15',0,7,'广东省湛江市廉江市',2,'廉江市',',1942,2000,',2000),
	(2008,'2017-06-16 00:37:16','2017-06-16 00:37:16',0,8,'广东省湛江市雷州市',2,'雷州市',',1942,2000,',2000),
	(2009,'2017-06-16 00:37:17','2017-06-16 00:37:17',0,9,'广东省湛江市吴川市',2,'吴川市',',1942,2000,',2000),
	(2010,'2017-06-16 00:37:18','2017-06-16 00:37:18',0,9,'广东省茂名市',1,'茂名市',',1942,',1942),
	(2011,'2017-06-16 00:37:19','2017-06-16 00:37:19',0,1,'广东省茂名市茂南区',2,'茂南区',',1942,2010,',2010),
	(2012,'2017-06-16 00:37:20','2017-06-16 00:37:20',0,2,'广东省茂名市茂港区',2,'茂港区',',1942,2010,',2010),
	(2013,'2017-06-16 00:37:21','2017-06-16 00:37:21',0,3,'广东省茂名市电白县',2,'电白县',',1942,2010,',2010),
	(2014,'2017-06-16 00:37:22','2017-06-16 00:37:22',0,4,'广东省茂名市高州市',2,'高州市',',1942,2010,',2010),
	(2015,'2017-06-16 00:37:23','2017-06-16 00:37:23',0,5,'广东省茂名市化州市',2,'化州市',',1942,2010,',2010),
	(2016,'2017-06-16 00:37:24','2017-06-16 00:37:24',0,6,'广东省茂名市信宜市',2,'信宜市',',1942,2010,',2010),
	(2017,'2017-06-16 00:37:25','2017-06-16 00:37:25',0,10,'广东省肇庆市',1,'肇庆市',',1942,',1942),
	(2018,'2017-06-16 00:37:26','2017-06-16 00:37:26',0,1,'广东省肇庆市端州区',2,'端州区',',1942,2017,',2017),
	(2019,'2017-06-16 00:37:27','2017-06-16 00:37:27',0,2,'广东省肇庆市鼎湖区',2,'鼎湖区',',1942,2017,',2017),
	(2020,'2017-06-16 00:37:28','2017-06-16 00:37:28',0,3,'广东省肇庆市广宁县',2,'广宁县',',1942,2017,',2017),
	(2021,'2017-06-16 00:37:29','2017-06-16 00:37:29',0,4,'广东省肇庆市怀集县',2,'怀集县',',1942,2017,',2017),
	(2022,'2017-06-16 00:37:30','2017-06-16 00:37:30',0,5,'广东省肇庆市封开县',2,'封开县',',1942,2017,',2017),
	(2023,'2017-06-16 00:37:31','2017-06-16 00:37:31',0,6,'广东省肇庆市德庆县',2,'德庆县',',1942,2017,',2017),
	(2024,'2017-06-16 00:37:32','2017-06-16 00:37:32',0,7,'广东省肇庆市高要市',2,'高要市',',1942,2017,',2017),
	(2025,'2017-06-16 00:37:33','2017-06-16 00:37:33',0,8,'广东省肇庆市四会市',2,'四会市',',1942,2017,',2017),
	(2026,'2017-06-16 00:37:34','2017-06-16 00:37:34',0,11,'广东省惠州市',1,'惠州市',',1942,',1942),
	(2027,'2017-06-16 00:37:35','2017-06-16 00:37:35',0,1,'广东省惠州市惠城区',2,'惠城区',',1942,2026,',2026),
	(2028,'2017-06-16 00:37:36','2017-06-16 00:37:36',0,2,'广东省惠州市惠阳区',2,'惠阳区',',1942,2026,',2026),
	(2029,'2017-06-16 00:37:37','2017-06-16 00:37:37',0,3,'广东省惠州市博罗县',2,'博罗县',',1942,2026,',2026),
	(2030,'2017-06-16 00:37:38','2017-06-16 00:37:38',0,4,'广东省惠州市惠东县',2,'惠东县',',1942,2026,',2026),
	(2031,'2017-06-16 00:37:39','2017-06-16 00:37:39',0,5,'广东省惠州市龙门县',2,'龙门县',',1942,2026,',2026),
	(2032,'2017-06-16 00:37:40','2017-06-16 00:37:40',0,12,'广东省梅州市',1,'梅州市',',1942,',1942),
	(2033,'2017-06-16 00:37:41','2017-06-16 00:37:41',0,1,'广东省梅州市梅江区',2,'梅江区',',1942,2032,',2032),
	(2034,'2017-06-16 00:37:42','2017-06-16 00:37:42',0,2,'广东省梅州市梅县',2,'梅县',',1942,2032,',2032),
	(2035,'2017-06-16 00:37:43','2017-06-16 00:37:43',0,3,'广东省梅州市大埔县',2,'大埔县',',1942,2032,',2032),
	(2036,'2017-06-16 00:37:44','2017-06-16 00:37:44',0,4,'广东省梅州市丰顺县',2,'丰顺县',',1942,2032,',2032),
	(2037,'2017-06-16 00:37:45','2017-06-16 00:37:45',0,5,'广东省梅州市五华县',2,'五华县',',1942,2032,',2032),
	(2038,'2017-06-16 00:37:46','2017-06-16 00:37:46',0,6,'广东省梅州市平远县',2,'平远县',',1942,2032,',2032),
	(2039,'2017-06-16 00:37:47','2017-06-16 00:37:47',0,7,'广东省梅州市蕉岭县',2,'蕉岭县',',1942,2032,',2032),
	(2040,'2017-06-16 00:37:48','2017-06-16 00:37:48',0,8,'广东省梅州市兴宁市',2,'兴宁市',',1942,2032,',2032),
	(2041,'2017-06-16 00:37:49','2017-06-16 00:37:49',0,13,'广东省汕尾市',1,'汕尾市',',1942,',1942),
	(2042,'2017-06-16 00:37:50','2017-06-16 00:37:50',0,1,'广东省汕尾市城区',2,'城区',',1942,2041,',2041),
	(2043,'2017-06-16 00:37:51','2017-06-16 00:37:51',0,2,'广东省汕尾市海丰县',2,'海丰县',',1942,2041,',2041),
	(2044,'2017-06-16 00:37:52','2017-06-16 00:37:52',0,3,'广东省汕尾市陆河县',2,'陆河县',',1942,2041,',2041),
	(2045,'2017-06-16 00:37:53','2017-06-16 00:37:53',0,4,'广东省汕尾市陆丰市',2,'陆丰市',',1942,2041,',2041),
	(2046,'2017-06-16 00:37:54','2017-06-16 00:37:54',0,14,'广东省河源市',1,'河源市',',1942,',1942),
	(2047,'2017-06-16 00:37:55','2017-06-16 00:37:55',0,1,'广东省河源市源城区',2,'源城区',',1942,2046,',2046),
	(2048,'2017-06-16 00:37:56','2017-06-16 00:37:56',0,2,'广东省河源市紫金县',2,'紫金县',',1942,2046,',2046),
	(2049,'2017-06-16 00:37:57','2017-06-16 00:37:57',0,3,'广东省河源市龙川县',2,'龙川县',',1942,2046,',2046),
	(2050,'2017-06-16 00:37:58','2017-06-16 00:37:58',0,4,'广东省河源市连平县',2,'连平县',',1942,2046,',2046),
	(2051,'2017-06-16 00:37:59','2017-06-16 00:37:59',0,5,'广东省河源市和平县',2,'和平县',',1942,2046,',2046),
	(2052,'2017-06-16 00:38:00','2017-06-16 00:38:00',0,6,'广东省河源市东源县',2,'东源县',',1942,2046,',2046),
	(2053,'2017-06-16 00:38:01','2017-06-16 00:38:01',0,15,'广东省阳江市',1,'阳江市',',1942,',1942),
	(2054,'2017-06-16 00:38:02','2017-06-16 00:38:02',0,1,'广东省阳江市江城区',2,'江城区',',1942,2053,',2053),
	(2055,'2017-06-16 00:38:03','2017-06-16 00:38:03',0,2,'广东省阳江市阳西县',2,'阳西县',',1942,2053,',2053),
	(2056,'2017-06-16 00:38:04','2017-06-16 00:38:04',0,3,'广东省阳江市阳东县',2,'阳东县',',1942,2053,',2053),
	(2057,'2017-06-16 00:38:05','2017-06-16 00:38:05',0,4,'广东省阳江市阳春市',2,'阳春市',',1942,2053,',2053),
	(2058,'2017-06-16 00:38:06','2017-06-16 00:38:06',0,16,'广东省清远市',1,'清远市',',1942,',1942),
	(2059,'2017-06-16 00:38:07','2017-06-16 00:38:07',0,1,'广东省清远市清城区',2,'清城区',',1942,2058,',2058),
	(2060,'2017-06-16 00:38:08','2017-06-16 00:38:08',0,2,'广东省清远市清新区',2,'清新区',',1942,2058,',2058),
	(2061,'2017-06-16 00:38:09','2017-06-16 00:38:09',0,3,'广东省清远市佛冈县',2,'佛冈县',',1942,2058,',2058),
	(2062,'2017-06-16 00:38:10','2017-06-16 00:38:10',0,4,'广东省清远市阳山县',2,'阳山县',',1942,2058,',2058),
	(2063,'2017-06-16 00:38:11','2017-06-16 00:38:11',0,5,'广东省清远市连山壮族瑶族自治县',2,'连山壮族瑶族自治县',',1942,2058,',2058),
	(2064,'2017-06-16 00:38:12','2017-06-16 00:38:12',0,6,'广东省清远市连南瑶族自治县',2,'连南瑶族自治县',',1942,2058,',2058),
	(2065,'2017-06-16 00:38:13','2017-06-16 00:38:13',0,7,'广东省清远市英德市',2,'英德市',',1942,2058,',2058),
	(2066,'2017-06-16 00:38:14','2017-06-16 00:38:14',0,8,'广东省清远市连州市',2,'连州市',',1942,2058,',2058),
	(2067,'2017-06-16 00:38:15','2017-06-16 00:38:15',0,17,'广东省东莞市',1,'东莞市',',1942,',1942),
	(2068,'2017-06-16 00:38:16','2017-06-16 00:38:16',0,18,'广东省中山市',1,'中山市',',1942,',1942),
	(2069,'2017-06-16 00:38:17','2017-06-16 00:38:17',0,19,'广东省潮州市',1,'潮州市',',1942,',1942),
	(2070,'2017-06-16 00:38:18','2017-06-16 00:38:18',0,1,'广东省潮州市湘桥区',2,'湘桥区',',1942,2069,',2069),
	(2071,'2017-06-16 00:38:19','2017-06-16 00:38:19',0,2,'广东省潮州市潮安区',2,'潮安区',',1942,2069,',2069),
	(2072,'2017-06-16 00:38:20','2017-06-16 00:38:20',0,3,'广东省潮州市饶平县',2,'饶平县',',1942,2069,',2069),
	(2073,'2017-06-16 00:38:21','2017-06-16 00:38:21',0,20,'广东省揭阳市',1,'揭阳市',',1942,',1942),
	(2074,'2017-06-16 00:38:22','2017-06-16 00:38:22',0,1,'广东省揭阳市榕城区',2,'榕城区',',1942,2073,',2073),
	(2075,'2017-06-16 00:38:23','2017-06-16 00:38:23',0,2,'广东省揭阳市揭东区',2,'揭东区',',1942,2073,',2073),
	(2076,'2017-06-16 00:38:24','2017-06-16 00:38:24',0,3,'广东省揭阳市揭西县',2,'揭西县',',1942,2073,',2073),
	(2077,'2017-06-16 00:38:25','2017-06-16 00:38:25',0,4,'广东省揭阳市惠来县',2,'惠来县',',1942,2073,',2073),
	(2078,'2017-06-16 00:38:26','2017-06-16 00:38:26',0,5,'广东省揭阳市普宁市',2,'普宁市',',1942,2073,',2073),
	(2079,'2017-06-16 00:38:27','2017-06-16 00:38:27',0,21,'广东省云浮市',1,'云浮市',',1942,',1942),
	(2080,'2017-06-16 00:38:28','2017-06-16 00:38:28',0,1,'广东省云浮市云城区',2,'云城区',',1942,2079,',2079),
	(2081,'2017-06-16 00:38:29','2017-06-16 00:38:29',0,2,'广东省云浮市新兴县',2,'新兴县',',1942,2079,',2079),
	(2082,'2017-06-16 00:38:30','2017-06-16 00:38:30',0,3,'广东省云浮市郁南县',2,'郁南县',',1942,2079,',2079),
	(2083,'2017-06-16 00:38:31','2017-06-16 00:38:31',0,4,'广东省云浮市云安县',2,'云安县',',1942,2079,',2079),
	(2084,'2017-06-16 00:38:32','2017-06-16 00:38:32',0,5,'广东省云浮市罗定市',2,'罗定市',',1942,2079,',2079),
	(2085,'2017-06-16 00:38:33','2017-06-16 00:38:33',0,20,'广西壮族自治区',0,'广西壮族自治区',',',NULL),
	(2086,'2017-06-16 00:38:34','2017-06-16 00:38:34',0,1,'广西壮族自治区南宁市',1,'南宁市',',2085,',2085),
	(2087,'2017-06-16 00:38:35','2017-06-16 00:38:35',0,1,'广西壮族自治区南宁市兴宁区',2,'兴宁区',',2085,2086,',2086),
	(2088,'2017-06-16 00:38:36','2017-06-16 00:38:36',0,2,'广西壮族自治区南宁市青秀区',2,'青秀区',',2085,2086,',2086),
	(2089,'2017-06-16 00:38:37','2017-06-16 00:38:37',0,3,'广西壮族自治区南宁市江南区',2,'江南区',',2085,2086,',2086),
	(2090,'2017-06-16 00:38:38','2017-06-16 00:38:38',0,4,'广西壮族自治区南宁市西乡塘区',2,'西乡塘区',',2085,2086,',2086),
	(2091,'2017-06-16 00:38:39','2017-06-16 00:38:39',0,5,'广西壮族自治区南宁市良庆区',2,'良庆区',',2085,2086,',2086),
	(2092,'2017-06-16 00:38:40','2017-06-16 00:38:40',0,6,'广西壮族自治区南宁市邕宁区',2,'邕宁区',',2085,2086,',2086),
	(2093,'2017-06-16 00:38:41','2017-06-16 00:38:41',0,7,'广西壮族自治区南宁市武鸣县',2,'武鸣县',',2085,2086,',2086),
	(2094,'2017-06-16 00:38:42','2017-06-16 00:38:42',0,8,'广西壮族自治区南宁市隆安县',2,'隆安县',',2085,2086,',2086),
	(2095,'2017-06-16 00:38:43','2017-06-16 00:38:43',0,9,'广西壮族自治区南宁市马山县',2,'马山县',',2085,2086,',2086),
	(2096,'2017-06-16 00:38:44','2017-06-16 00:38:44',0,10,'广西壮族自治区南宁市上林县',2,'上林县',',2085,2086,',2086),
	(2097,'2017-06-16 00:38:45','2017-06-16 00:38:45',0,11,'广西壮族自治区南宁市宾阳县',2,'宾阳县',',2085,2086,',2086),
	(2098,'2017-06-16 00:38:46','2017-06-16 00:38:46',0,12,'广西壮族自治区南宁市横县',2,'横县',',2085,2086,',2086),
	(2099,'2017-06-16 00:38:47','2017-06-16 00:38:47',0,2,'广西壮族自治区柳州市',1,'柳州市',',2085,',2085),
	(2100,'2017-06-16 00:38:48','2017-06-16 00:38:48',0,1,'广西壮族自治区柳州市城中区',2,'城中区',',2085,2099,',2099),
	(2101,'2017-06-16 00:38:49','2017-06-16 00:38:49',0,2,'广西壮族自治区柳州市鱼峰区',2,'鱼峰区',',2085,2099,',2099),
	(2102,'2017-06-16 00:38:50','2017-06-16 00:38:50',0,3,'广西壮族自治区柳州市柳南区',2,'柳南区',',2085,2099,',2099),
	(2103,'2017-06-16 00:38:51','2017-06-16 00:38:51',0,4,'广西壮族自治区柳州市柳北区',2,'柳北区',',2085,2099,',2099),
	(2104,'2017-06-16 00:38:52','2017-06-16 00:38:52',0,5,'广西壮族自治区柳州市柳江县',2,'柳江县',',2085,2099,',2099),
	(2105,'2017-06-16 00:38:53','2017-06-16 00:38:53',0,6,'广西壮族自治区柳州市柳城县',2,'柳城县',',2085,2099,',2099),
	(2106,'2017-06-16 00:38:54','2017-06-16 00:38:54',0,7,'广西壮族自治区柳州市鹿寨县',2,'鹿寨县',',2085,2099,',2099),
	(2107,'2017-06-16 00:38:55','2017-06-16 00:38:55',0,8,'广西壮族自治区柳州市融安县',2,'融安县',',2085,2099,',2099),
	(2108,'2017-06-16 00:38:56','2017-06-16 00:38:56',0,9,'广西壮族自治区柳州市融水苗族自治县',2,'融水苗族自治县',',2085,2099,',2099),
	(2109,'2017-06-16 00:38:57','2017-06-16 00:38:57',0,10,'广西壮族自治区柳州市三江侗族自治县',2,'三江侗族自治县',',2085,2099,',2099),
	(2110,'2017-06-16 00:38:58','2017-06-16 00:38:58',0,3,'广西壮族自治区桂林市',1,'桂林市',',2085,',2085),
	(2111,'2017-06-16 00:38:59','2017-06-16 00:38:59',0,1,'广西壮族自治区桂林市秀峰区',2,'秀峰区',',2085,2110,',2110),
	(2112,'2017-06-16 00:39:00','2017-06-16 00:39:00',0,2,'广西壮族自治区桂林市叠彩区',2,'叠彩区',',2085,2110,',2110),
	(2113,'2017-06-16 00:39:01','2017-06-16 00:39:01',0,3,'广西壮族自治区桂林市象山区',2,'象山区',',2085,2110,',2110),
	(2114,'2017-06-16 00:39:02','2017-06-16 00:39:02',0,4,'广西壮族自治区桂林市七星区',2,'七星区',',2085,2110,',2110),
	(2115,'2017-06-16 00:39:03','2017-06-16 00:39:03',0,5,'广西壮族自治区桂林市雁山区',2,'雁山区',',2085,2110,',2110),
	(2116,'2017-06-16 00:39:04','2017-06-16 00:39:04',0,6,'广西壮族自治区桂林市临桂区',2,'临桂区',',2085,2110,',2110),
	(2117,'2017-06-16 00:39:05','2017-06-16 00:39:05',0,7,'广西壮族自治区桂林市阳朔县',2,'阳朔县',',2085,2110,',2110),
	(2118,'2017-06-16 00:39:06','2017-06-16 00:39:06',0,8,'广西壮族自治区桂林市灵川县',2,'灵川县',',2085,2110,',2110),
	(2119,'2017-06-16 00:39:07','2017-06-16 00:39:07',0,9,'广西壮族自治区桂林市全州县',2,'全州县',',2085,2110,',2110),
	(2120,'2017-06-16 00:39:08','2017-06-16 00:39:08',0,10,'广西壮族自治区桂林市兴安县',2,'兴安县',',2085,2110,',2110),
	(2121,'2017-06-16 00:39:09','2017-06-16 00:39:09',0,11,'广西壮族自治区桂林市永福县',2,'永福县',',2085,2110,',2110),
	(2122,'2017-06-16 00:39:10','2017-06-16 00:39:10',0,12,'广西壮族自治区桂林市灌阳县',2,'灌阳县',',2085,2110,',2110),
	(2123,'2017-06-16 00:39:11','2017-06-16 00:39:11',0,13,'广西壮族自治区桂林市龙胜各族自治县',2,'龙胜各族自治县',',2085,2110,',2110),
	(2124,'2017-06-16 00:39:12','2017-06-16 00:39:12',0,14,'广西壮族自治区桂林市资源县',2,'资源县',',2085,2110,',2110),
	(2125,'2017-06-16 00:39:13','2017-06-16 00:39:13',0,15,'广西壮族自治区桂林市平乐县',2,'平乐县',',2085,2110,',2110),
	(2126,'2017-06-16 00:39:14','2017-06-16 00:39:14',0,16,'广西壮族自治区桂林市荔浦县',2,'荔浦县',',2085,2110,',2110),
	(2127,'2017-06-16 00:39:15','2017-06-16 00:39:15',0,17,'广西壮族自治区桂林市恭城瑶族自治县',2,'恭城瑶族自治县',',2085,2110,',2110),
	(2128,'2017-06-16 00:39:16','2017-06-16 00:39:16',0,4,'广西壮族自治区梧州市',1,'梧州市',',2085,',2085),
	(2129,'2017-06-16 00:39:17','2017-06-16 00:39:17',0,1,'广西壮族自治区梧州市万秀区',2,'万秀区',',2085,2128,',2128),
	(2130,'2017-06-16 00:39:18','2017-06-16 00:39:18',0,2,'广西壮族自治区梧州市长洲区',2,'长洲区',',2085,2128,',2128),
	(2131,'2017-06-16 00:39:19','2017-06-16 00:39:19',0,3,'广西壮族自治区梧州市龙圩区',2,'龙圩区',',2085,2128,',2128),
	(2132,'2017-06-16 00:39:20','2017-06-16 00:39:20',0,4,'广西壮族自治区梧州市苍梧县',2,'苍梧县',',2085,2128,',2128),
	(2133,'2017-06-16 00:39:21','2017-06-16 00:39:21',0,5,'广西壮族自治区梧州市藤县',2,'藤县',',2085,2128,',2128),
	(2134,'2017-06-16 00:39:22','2017-06-16 00:39:22',0,6,'广西壮族自治区梧州市蒙山县',2,'蒙山县',',2085,2128,',2128),
	(2135,'2017-06-16 00:39:23','2017-06-16 00:39:23',0,7,'广西壮族自治区梧州市岑溪市',2,'岑溪市',',2085,2128,',2128),
	(2136,'2017-06-16 00:39:24','2017-06-16 00:39:24',0,5,'广西壮族自治区北海市',1,'北海市',',2085,',2085),
	(2137,'2017-06-16 00:39:25','2017-06-16 00:39:25',0,1,'广西壮族自治区北海市海城区',2,'海城区',',2085,2136,',2136),
	(2138,'2017-06-16 00:39:26','2017-06-16 00:39:26',0,2,'广西壮族自治区北海市银海区',2,'银海区',',2085,2136,',2136),
	(2139,'2017-06-16 00:39:27','2017-06-16 00:39:27',0,3,'广西壮族自治区北海市铁山港区',2,'铁山港区',',2085,2136,',2136),
	(2140,'2017-06-16 00:39:28','2017-06-16 00:39:28',0,4,'广西壮族自治区北海市合浦县',2,'合浦县',',2085,2136,',2136),
	(2141,'2017-06-16 00:39:29','2017-06-16 00:39:29',0,6,'广西壮族自治区防城港市',1,'防城港市',',2085,',2085),
	(2142,'2017-06-16 00:39:30','2017-06-16 00:39:30',0,1,'广西壮族自治区防城港市港口区',2,'港口区',',2085,2141,',2141),
	(2143,'2017-06-16 00:39:31','2017-06-16 00:39:31',0,2,'广西壮族自治区防城港市防城区',2,'防城区',',2085,2141,',2141),
	(2144,'2017-06-16 00:39:32','2017-06-16 00:39:32',0,3,'广西壮族自治区防城港市上思县',2,'上思县',',2085,2141,',2141),
	(2145,'2017-06-16 00:39:33','2017-06-16 00:39:33',0,4,'广西壮族自治区防城港市东兴市',2,'东兴市',',2085,2141,',2141),
	(2146,'2017-06-16 00:39:34','2017-06-16 00:39:34',0,7,'广西壮族自治区钦州市',1,'钦州市',',2085,',2085),
	(2147,'2017-06-16 00:39:35','2017-06-16 00:39:35',0,1,'广西壮族自治区钦州市钦南区',2,'钦南区',',2085,2146,',2146),
	(2148,'2017-06-16 00:39:36','2017-06-16 00:39:36',0,2,'广西壮族自治区钦州市钦北区',2,'钦北区',',2085,2146,',2146),
	(2149,'2017-06-16 00:39:37','2017-06-16 00:39:37',0,3,'广西壮族自治区钦州市灵山县',2,'灵山县',',2085,2146,',2146),
	(2150,'2017-06-16 00:39:38','2017-06-16 00:39:38',0,4,'广西壮族自治区钦州市浦北县',2,'浦北县',',2085,2146,',2146),
	(2151,'2017-06-16 00:39:39','2017-06-16 00:39:39',0,8,'广西壮族自治区贵港市',1,'贵港市',',2085,',2085),
	(2152,'2017-06-16 00:39:40','2017-06-16 00:39:40',0,1,'广西壮族自治区贵港市港北区',2,'港北区',',2085,2151,',2151),
	(2153,'2017-06-16 00:39:41','2017-06-16 00:39:41',0,2,'广西壮族自治区贵港市港南区',2,'港南区',',2085,2151,',2151),
	(2154,'2017-06-16 00:39:42','2017-06-16 00:39:42',0,3,'广西壮族自治区贵港市覃塘区',2,'覃塘区',',2085,2151,',2151),
	(2155,'2017-06-16 00:39:43','2017-06-16 00:39:43',0,4,'广西壮族自治区贵港市平南县',2,'平南县',',2085,2151,',2151),
	(2156,'2017-06-16 00:39:44','2017-06-16 00:39:44',0,5,'广西壮族自治区贵港市桂平市',2,'桂平市',',2085,2151,',2151),
	(2157,'2017-06-16 00:39:45','2017-06-16 00:39:45',0,9,'广西壮族自治区玉林市',1,'玉林市',',2085,',2085),
	(2158,'2017-06-16 00:39:46','2017-06-16 00:39:46',0,1,'广西壮族自治区玉林市玉州区',2,'玉州区',',2085,2157,',2157),
	(2159,'2017-06-16 00:39:47','2017-06-16 00:39:47',0,2,'广西壮族自治区玉林市福绵区',2,'福绵区',',2085,2157,',2157),
	(2160,'2017-06-16 00:39:48','2017-06-16 00:39:48',0,3,'广西壮族自治区玉林市容县',2,'容县',',2085,2157,',2157),
	(2161,'2017-06-16 00:39:49','2017-06-16 00:39:49',0,4,'广西壮族自治区玉林市陆川县',2,'陆川县',',2085,2157,',2157),
	(2162,'2017-06-16 00:39:50','2017-06-16 00:39:50',0,5,'广西壮族自治区玉林市博白县',2,'博白县',',2085,2157,',2157),
	(2163,'2017-06-16 00:39:51','2017-06-16 00:39:51',0,6,'广西壮族自治区玉林市兴业县',2,'兴业县',',2085,2157,',2157),
	(2164,'2017-06-16 00:39:52','2017-06-16 00:39:52',0,7,'广西壮族自治区玉林市北流市',2,'北流市',',2085,2157,',2157),
	(2165,'2017-06-16 00:39:53','2017-06-16 00:39:53',0,10,'广西壮族自治区百色市',1,'百色市',',2085,',2085),
	(2166,'2017-06-16 00:39:54','2017-06-16 00:39:54',0,1,'广西壮族自治区百色市右江区',2,'右江区',',2085,2165,',2165),
	(2167,'2017-06-16 00:39:55','2017-06-16 00:39:55',0,2,'广西壮族自治区百色市田阳县',2,'田阳县',',2085,2165,',2165),
	(2168,'2017-06-16 00:39:56','2017-06-16 00:39:56',0,3,'广西壮族自治区百色市田东县',2,'田东县',',2085,2165,',2165),
	(2169,'2017-06-16 00:39:57','2017-06-16 00:39:57',0,4,'广西壮族自治区百色市平果县',2,'平果县',',2085,2165,',2165),
	(2170,'2017-06-16 00:39:58','2017-06-16 00:39:58',0,5,'广西壮族自治区百色市德保县',2,'德保县',',2085,2165,',2165),
	(2171,'2017-06-16 00:39:59','2017-06-16 00:39:59',0,6,'广西壮族自治区百色市靖西县',2,'靖西县',',2085,2165,',2165),
	(2172,'2017-06-16 00:40:00','2017-06-16 00:40:00',0,7,'广西壮族自治区百色市那坡县',2,'那坡县',',2085,2165,',2165),
	(2173,'2017-06-16 00:40:01','2017-06-16 00:40:01',0,8,'广西壮族自治区百色市凌云县',2,'凌云县',',2085,2165,',2165),
	(2174,'2017-06-16 00:40:02','2017-06-16 00:40:02',0,9,'广西壮族自治区百色市乐业县',2,'乐业县',',2085,2165,',2165),
	(2175,'2017-06-16 00:40:03','2017-06-16 00:40:03',0,10,'广西壮族自治区百色市田林县',2,'田林县',',2085,2165,',2165),
	(2176,'2017-06-16 00:40:04','2017-06-16 00:40:04',0,11,'广西壮族自治区百色市西林县',2,'西林县',',2085,2165,',2165),
	(2177,'2017-06-16 00:40:05','2017-06-16 00:40:05',0,12,'广西壮族自治区百色市隆林各族自治县',2,'隆林各族自治县',',2085,2165,',2165),
	(2178,'2017-06-16 00:40:06','2017-06-16 00:40:06',0,11,'广西壮族自治区贺州市',1,'贺州市',',2085,',2085),
	(2179,'2017-06-16 00:40:07','2017-06-16 00:40:07',0,1,'广西壮族自治区贺州市八步区',2,'八步区',',2085,2178,',2178),
	(2180,'2017-06-16 00:40:08','2017-06-16 00:40:08',0,2,'广西壮族自治区贺州市昭平县',2,'昭平县',',2085,2178,',2178),
	(2181,'2017-06-16 00:40:09','2017-06-16 00:40:09',0,3,'广西壮族自治区贺州市钟山县',2,'钟山县',',2085,2178,',2178),
	(2182,'2017-06-16 00:40:10','2017-06-16 00:40:10',0,4,'广西壮族自治区贺州市富川瑶族自治县',2,'富川瑶族自治县',',2085,2178,',2178),
	(2183,'2017-06-16 00:40:11','2017-06-16 00:40:11',0,12,'广西壮族自治区河池市',1,'河池市',',2085,',2085),
	(2184,'2017-06-16 00:40:12','2017-06-16 00:40:12',0,1,'广西壮族自治区河池市金城江区',2,'金城江区',',2085,2183,',2183),
	(2185,'2017-06-16 00:40:13','2017-06-16 00:40:13',0,2,'广西壮族自治区河池市南丹县',2,'南丹县',',2085,2183,',2183),
	(2186,'2017-06-16 00:40:14','2017-06-16 00:40:14',0,3,'广西壮族自治区河池市天峨县',2,'天峨县',',2085,2183,',2183),
	(2187,'2017-06-16 00:40:15','2017-06-16 00:40:15',0,4,'广西壮族自治区河池市凤山县',2,'凤山县',',2085,2183,',2183),
	(2188,'2017-06-16 00:40:16','2017-06-16 00:40:16',0,5,'广西壮族自治区河池市东兰县',2,'东兰县',',2085,2183,',2183),
	(2189,'2017-06-16 00:40:17','2017-06-16 00:40:17',0,6,'广西壮族自治区河池市罗城仫佬族自治县',2,'罗城仫佬族自治县',',2085,2183,',2183),
	(2190,'2017-06-16 00:40:18','2017-06-16 00:40:18',0,7,'广西壮族自治区河池市环江毛南族自治县',2,'环江毛南族自治县',',2085,2183,',2183),
	(2191,'2017-06-16 00:40:19','2017-06-16 00:40:19',0,8,'广西壮族自治区河池市巴马瑶族自治县',2,'巴马瑶族自治县',',2085,2183,',2183),
	(2192,'2017-06-16 00:40:20','2017-06-16 00:40:20',0,9,'广西壮族自治区河池市都安瑶族自治县',2,'都安瑶族自治县',',2085,2183,',2183),
	(2193,'2017-06-16 00:40:21','2017-06-16 00:40:21',0,10,'广西壮族自治区河池市大化瑶族自治县',2,'大化瑶族自治县',',2085,2183,',2183),
	(2194,'2017-06-16 00:40:22','2017-06-16 00:40:22',0,11,'广西壮族自治区河池市宜州市',2,'宜州市',',2085,2183,',2183),
	(2195,'2017-06-16 00:40:23','2017-06-16 00:40:23',0,13,'广西壮族自治区来宾市',1,'来宾市',',2085,',2085),
	(2196,'2017-06-16 00:40:24','2017-06-16 00:40:24',0,1,'广西壮族自治区来宾市兴宾区',2,'兴宾区',',2085,2195,',2195),
	(2197,'2017-06-16 00:40:25','2017-06-16 00:40:25',0,2,'广西壮族自治区来宾市忻城县',2,'忻城县',',2085,2195,',2195),
	(2198,'2017-06-16 00:40:26','2017-06-16 00:40:26',0,3,'广西壮族自治区来宾市象州县',2,'象州县',',2085,2195,',2195),
	(2199,'2017-06-16 00:40:27','2017-06-16 00:40:27',0,4,'广西壮族自治区来宾市武宣县',2,'武宣县',',2085,2195,',2195),
	(2200,'2017-06-16 00:40:28','2017-06-16 00:40:28',0,5,'广西壮族自治区来宾市金秀瑶族自治县',2,'金秀瑶族自治县',',2085,2195,',2195),
	(2201,'2017-06-16 00:40:29','2017-06-16 00:40:29',0,6,'广西壮族自治区来宾市合山市',2,'合山市',',2085,2195,',2195),
	(2202,'2017-06-16 00:40:30','2017-06-16 00:40:30',0,14,'广西壮族自治区崇左市',1,'崇左市',',2085,',2085),
	(2203,'2017-06-16 00:40:31','2017-06-16 00:40:31',0,1,'广西壮族自治区崇左市江州区',2,'江州区',',2085,2202,',2202),
	(2204,'2017-06-16 00:40:32','2017-06-16 00:40:32',0,2,'广西壮族自治区崇左市扶绥县',2,'扶绥县',',2085,2202,',2202),
	(2205,'2017-06-16 00:40:33','2017-06-16 00:40:33',0,3,'广西壮族自治区崇左市宁明县',2,'宁明县',',2085,2202,',2202),
	(2206,'2017-06-16 00:40:34','2017-06-16 00:40:34',0,4,'广西壮族自治区崇左市龙州县',2,'龙州县',',2085,2202,',2202),
	(2207,'2017-06-16 00:40:35','2017-06-16 00:40:35',0,5,'广西壮族自治区崇左市大新县',2,'大新县',',2085,2202,',2202),
	(2208,'2017-06-16 00:40:36','2017-06-16 00:40:36',0,6,'广西壮族自治区崇左市天等县',2,'天等县',',2085,2202,',2202),
	(2209,'2017-06-16 00:40:37','2017-06-16 00:40:37',0,7,'广西壮族自治区崇左市凭祥市',2,'凭祥市',',2085,2202,',2202),
	(2210,'2017-06-16 00:40:38','2017-06-16 00:40:38',0,21,'海南省',0,'海南省',',',NULL),
	(2211,'2017-06-16 00:40:39','2017-06-16 00:40:39',0,1,'海南省海口市',1,'海口市',',2210,',2210),
	(2212,'2017-06-16 00:40:40','2017-06-16 00:40:40',0,1,'海南省海口市秀英区',2,'秀英区',',2210,2211,',2211),
	(2213,'2017-06-16 00:40:41','2017-06-16 00:40:41',0,2,'海南省海口市龙华区',2,'龙华区',',2210,2211,',2211),
	(2214,'2017-06-16 00:40:42','2017-06-16 00:40:42',0,3,'海南省海口市琼山区',2,'琼山区',',2210,2211,',2211),
	(2215,'2017-06-16 00:40:43','2017-06-16 00:40:43',0,4,'海南省海口市美兰区',2,'美兰区',',2210,2211,',2211),
	(2216,'2017-06-16 00:40:44','2017-06-16 00:40:44',0,2,'海南省三亚市',1,'三亚市',',2210,',2210),
	(2217,'2017-06-16 00:40:45','2017-06-16 00:40:45',0,3,'海南省三沙市',1,'三沙市',',2210,',2210),
	(2218,'2017-06-16 00:40:46','2017-06-16 00:40:46',0,1,'海南省三沙市西沙群岛',2,'西沙群岛',',2210,2217,',2217),
	(2219,'2017-06-16 00:40:47','2017-06-16 00:40:47',0,2,'海南省三沙市南沙群岛',2,'南沙群岛',',2210,2217,',2217),
	(2220,'2017-06-16 00:40:48','2017-06-16 00:40:48',0,3,'海南省三沙市中沙群岛的岛礁及其海域',2,'中沙群岛的岛礁及其海域',',2210,2217,',2217),
	(2221,'2017-06-16 00:40:49','2017-06-16 00:40:49',0,4,'海南省五指山市',1,'五指山市',',2210,',2210),
	(2222,'2017-06-16 00:40:50','2017-06-16 00:40:50',0,5,'海南省琼海市',1,'琼海市',',2210,',2210),
	(2223,'2017-06-16 00:40:51','2017-06-16 00:40:51',0,6,'海南省儋州市',1,'儋州市',',2210,',2210),
	(2224,'2017-06-16 00:40:52','2017-06-16 00:40:52',0,7,'海南省文昌市',1,'文昌市',',2210,',2210),
	(2225,'2017-06-16 00:40:53','2017-06-16 00:40:53',0,8,'海南省万宁市',1,'万宁市',',2210,',2210),
	(2226,'2017-06-16 00:40:54','2017-06-16 00:40:54',0,9,'海南省东方市',1,'东方市',',2210,',2210),
	(2227,'2017-06-16 00:40:55','2017-06-16 00:40:55',0,10,'海南省定安县',1,'定安县',',2210,',2210),
	(2228,'2017-06-16 00:40:56','2017-06-16 00:40:56',0,11,'海南省屯昌县',1,'屯昌县',',2210,',2210),
	(2229,'2017-06-16 00:40:57','2017-06-16 00:40:57',0,12,'海南省澄迈县',1,'澄迈县',',2210,',2210),
	(2230,'2017-06-16 00:40:58','2017-06-16 00:40:58',0,13,'海南省临高县',1,'临高县',',2210,',2210),
	(2231,'2017-06-16 00:40:59','2017-06-16 00:40:59',0,14,'海南省白沙黎族自治县',1,'白沙黎族自治县',',2210,',2210),
	(2232,'2017-06-16 00:41:00','2017-06-16 00:41:00',0,15,'海南省昌江黎族自治县',1,'昌江黎族自治县',',2210,',2210),
	(2233,'2017-06-16 00:41:01','2017-06-16 00:41:01',0,16,'海南省乐东黎族自治县',1,'乐东黎族自治县',',2210,',2210),
	(2234,'2017-06-16 00:41:02','2017-06-16 00:41:02',0,17,'海南省陵水黎族自治县',1,'陵水黎族自治县',',2210,',2210),
	(2235,'2017-06-16 00:41:03','2017-06-16 00:41:03',0,18,'海南省保亭黎族苗族自治县',1,'保亭黎族苗族自治县',',2210,',2210),
	(2236,'2017-06-16 00:41:04','2017-06-16 00:41:04',0,19,'海南省琼中黎族苗族自治县',1,'琼中黎族苗族自治县',',2210,',2210),
	(2237,'2017-06-16 00:41:05','2017-06-16 00:41:05',0,22,'重庆市',0,'重庆市',',',NULL),
	(2238,'2017-06-16 00:41:06','2017-06-16 00:41:06',0,1,'重庆市万州区',1,'万州区',',2237,',2237),
	(2239,'2017-06-16 00:41:07','2017-06-16 00:41:07',0,2,'重庆市涪陵区',1,'涪陵区',',2237,',2237),
	(2240,'2017-06-16 00:41:08','2017-06-16 00:41:08',0,3,'重庆市渝中区',1,'渝中区',',2237,',2237),
	(2241,'2017-06-16 00:41:09','2017-06-16 00:41:09',0,4,'重庆市大渡口区',1,'大渡口区',',2237,',2237),
	(2242,'2017-06-16 00:41:10','2017-06-16 00:41:10',0,5,'重庆市江北区',1,'江北区',',2237,',2237),
	(2243,'2017-06-16 00:41:11','2017-06-16 00:41:11',0,6,'重庆市沙坪坝区',1,'沙坪坝区',',2237,',2237),
	(2244,'2017-06-16 00:41:12','2017-06-16 00:41:12',0,7,'重庆市九龙坡区',1,'九龙坡区',',2237,',2237),
	(2245,'2017-06-16 00:41:13','2017-06-16 00:41:13',0,8,'重庆市南岸区',1,'南岸区',',2237,',2237),
	(2246,'2017-06-16 00:41:14','2017-06-16 00:41:14',0,9,'重庆市北碚区',1,'北碚区',',2237,',2237),
	(2247,'2017-06-16 00:41:15','2017-06-16 00:41:15',0,10,'重庆市綦江区',1,'綦江区',',2237,',2237),
	(2248,'2017-06-16 00:41:16','2017-06-16 00:41:16',0,11,'重庆市大足区',1,'大足区',',2237,',2237),
	(2249,'2017-06-16 00:41:17','2017-06-16 00:41:17',0,12,'重庆市渝北区',1,'渝北区',',2237,',2237),
	(2250,'2017-06-16 00:41:18','2017-06-16 00:41:18',0,13,'重庆市巴南区',1,'巴南区',',2237,',2237),
	(2251,'2017-06-16 00:41:19','2017-06-16 00:41:19',0,14,'重庆市黔江区',1,'黔江区',',2237,',2237),
	(2252,'2017-06-16 00:41:20','2017-06-16 00:41:20',0,15,'重庆市长寿区',1,'长寿区',',2237,',2237),
	(2253,'2017-06-16 00:41:21','2017-06-16 00:41:21',0,16,'重庆市江津区',1,'江津区',',2237,',2237),
	(2254,'2017-06-16 00:41:22','2017-06-16 00:41:22',0,17,'重庆市合川区',1,'合川区',',2237,',2237),
	(2255,'2017-06-16 00:41:23','2017-06-16 00:41:23',0,18,'重庆市永川区',1,'永川区',',2237,',2237),
	(2256,'2017-06-16 00:41:24','2017-06-16 00:41:24',0,19,'重庆市南川区',1,'南川区',',2237,',2237),
	(2257,'2017-06-16 00:41:25','2017-06-16 00:41:25',0,20,'重庆市潼南县',1,'潼南县',',2237,',2237),
	(2258,'2017-06-16 00:41:26','2017-06-16 00:41:26',0,21,'重庆市铜梁县',1,'铜梁县',',2237,',2237),
	(2259,'2017-06-16 00:41:27','2017-06-16 00:41:27',0,22,'重庆市荣昌县',1,'荣昌县',',2237,',2237),
	(2260,'2017-06-16 00:41:28','2017-06-16 00:41:28',0,23,'重庆市璧山县',1,'璧山县',',2237,',2237),
	(2261,'2017-06-16 00:41:29','2017-06-16 00:41:29',0,24,'重庆市梁平县',1,'梁平县',',2237,',2237),
	(2262,'2017-06-16 00:41:30','2017-06-16 00:41:30',0,25,'重庆市城口县',1,'城口县',',2237,',2237),
	(2263,'2017-06-16 00:41:31','2017-06-16 00:41:31',0,26,'重庆市丰都县',1,'丰都县',',2237,',2237),
	(2264,'2017-06-16 00:41:32','2017-06-16 00:41:32',0,27,'重庆市垫江县',1,'垫江县',',2237,',2237),
	(2265,'2017-06-16 00:41:33','2017-06-16 00:41:33',0,28,'重庆市武隆县',1,'武隆县',',2237,',2237),
	(2266,'2017-06-16 00:41:34','2017-06-16 00:41:34',0,29,'重庆市忠县',1,'忠县',',2237,',2237),
	(2267,'2017-06-16 00:41:35','2017-06-16 00:41:35',0,30,'重庆市开县',1,'开县',',2237,',2237),
	(2268,'2017-06-16 00:41:36','2017-06-16 00:41:36',0,31,'重庆市云阳县',1,'云阳县',',2237,',2237),
	(2269,'2017-06-16 00:41:37','2017-06-16 00:41:37',0,32,'重庆市奉节县',1,'奉节县',',2237,',2237),
	(2270,'2017-06-16 00:41:38','2017-06-16 00:41:38',0,33,'重庆市巫山县',1,'巫山县',',2237,',2237),
	(2271,'2017-06-16 00:41:39','2017-06-16 00:41:39',0,34,'重庆市巫溪县',1,'巫溪县',',2237,',2237),
	(2272,'2017-06-16 00:41:40','2017-06-16 00:41:40',0,35,'重庆市石柱土家族自治县',1,'石柱土家族自治县',',2237,',2237),
	(2273,'2017-06-16 00:41:41','2017-06-16 00:41:41',0,36,'重庆市秀山土家族苗族自治县',1,'秀山土家族苗族自治县',',2237,',2237),
	(2274,'2017-06-16 00:41:42','2017-06-16 00:41:42',0,37,'重庆市酉阳土家族苗族自治县',1,'酉阳土家族苗族自治县',',2237,',2237),
	(2275,'2017-06-16 00:41:43','2017-06-16 00:41:43',0,38,'重庆市彭水苗族土家族自治县',1,'彭水苗族土家族自治县',',2237,',2237),
	(2276,'2017-06-16 00:41:44','2017-06-16 00:41:44',0,23,'四川省',0,'四川省',',',NULL),
	(2277,'2017-06-16 00:41:45','2017-06-16 00:41:45',0,1,'四川省成都市',1,'成都市',',2276,',2276),
	(2278,'2017-06-16 00:41:46','2017-06-16 00:41:46',0,1,'四川省成都市锦江区',2,'锦江区',',2276,2277,',2277),
	(2279,'2017-06-16 00:41:47','2017-06-16 00:41:47',0,2,'四川省成都市青羊区',2,'青羊区',',2276,2277,',2277),
	(2280,'2017-06-16 00:41:48','2017-06-16 00:41:48',0,3,'四川省成都市金牛区',2,'金牛区',',2276,2277,',2277),
	(2281,'2017-06-16 00:41:49','2017-06-16 00:41:49',0,4,'四川省成都市武侯区',2,'武侯区',',2276,2277,',2277),
	(2282,'2017-06-16 00:41:50','2017-06-16 00:41:50',0,5,'四川省成都市成华区',2,'成华区',',2276,2277,',2277),
	(2283,'2017-06-16 00:41:51','2017-06-16 00:41:51',0,6,'四川省成都市龙泉驿区',2,'龙泉驿区',',2276,2277,',2277),
	(2284,'2017-06-16 00:41:52','2017-06-16 00:41:52',0,7,'四川省成都市青白江区',2,'青白江区',',2276,2277,',2277),
	(2285,'2017-06-16 00:41:53','2017-06-16 00:41:53',0,8,'四川省成都市新都区',2,'新都区',',2276,2277,',2277),
	(2286,'2017-06-16 00:41:54','2017-06-16 00:41:54',0,9,'四川省成都市温江区',2,'温江区',',2276,2277,',2277),
	(2287,'2017-06-16 00:41:55','2017-06-16 00:41:55',0,10,'四川省成都市金堂县',2,'金堂县',',2276,2277,',2277),
	(2288,'2017-06-16 00:41:56','2017-06-16 00:41:56',0,11,'四川省成都市双流县',2,'双流县',',2276,2277,',2277),
	(2289,'2017-06-16 00:41:57','2017-06-16 00:41:57',0,12,'四川省成都市郫县',2,'郫县',',2276,2277,',2277),
	(2290,'2017-06-16 00:41:58','2017-06-16 00:41:58',0,13,'四川省成都市大邑县',2,'大邑县',',2276,2277,',2277),
	(2291,'2017-06-16 00:41:59','2017-06-16 00:41:59',0,14,'四川省成都市蒲江县',2,'蒲江县',',2276,2277,',2277),
	(2292,'2017-06-16 00:42:00','2017-06-16 00:42:00',0,15,'四川省成都市新津县',2,'新津县',',2276,2277,',2277),
	(2293,'2017-06-16 00:42:01','2017-06-16 00:42:01',0,16,'四川省成都市都江堰市',2,'都江堰市',',2276,2277,',2277),
	(2294,'2017-06-16 00:42:02','2017-06-16 00:42:02',0,17,'四川省成都市彭州市',2,'彭州市',',2276,2277,',2277),
	(2295,'2017-06-16 00:42:03','2017-06-16 00:42:03',0,18,'四川省成都市邛崃市',2,'邛崃市',',2276,2277,',2277),
	(2296,'2017-06-16 00:42:04','2017-06-16 00:42:04',0,19,'四川省成都市崇州市',2,'崇州市',',2276,2277,',2277),
	(2297,'2017-06-16 00:42:05','2017-06-16 00:42:05',0,2,'四川省自贡市',1,'自贡市',',2276,',2276),
	(2298,'2017-06-16 00:42:06','2017-06-16 00:42:06',0,1,'四川省自贡市自流井区',2,'自流井区',',2276,2297,',2297),
	(2299,'2017-06-16 00:42:07','2017-06-16 00:42:07',0,2,'四川省自贡市贡井区',2,'贡井区',',2276,2297,',2297),
	(2300,'2017-06-16 00:42:08','2017-06-16 00:42:08',0,3,'四川省自贡市大安区',2,'大安区',',2276,2297,',2297),
	(2301,'2017-06-16 00:42:09','2017-06-16 00:42:09',0,4,'四川省自贡市沿滩区',2,'沿滩区',',2276,2297,',2297),
	(2302,'2017-06-16 00:42:10','2017-06-16 00:42:10',0,5,'四川省自贡市荣县',2,'荣县',',2276,2297,',2297),
	(2303,'2017-06-16 00:42:11','2017-06-16 00:42:11',0,6,'四川省自贡市富顺县',2,'富顺县',',2276,2297,',2297),
	(2304,'2017-06-16 00:42:12','2017-06-16 00:42:12',0,3,'四川省攀枝花市',1,'攀枝花市',',2276,',2276),
	(2305,'2017-06-16 00:42:13','2017-06-16 00:42:13',0,1,'四川省攀枝花市东区',2,'东区',',2276,2304,',2304),
	(2306,'2017-06-16 00:42:14','2017-06-16 00:42:14',0,2,'四川省攀枝花市西区',2,'西区',',2276,2304,',2304),
	(2307,'2017-06-16 00:42:15','2017-06-16 00:42:15',0,3,'四川省攀枝花市仁和区',2,'仁和区',',2276,2304,',2304),
	(2308,'2017-06-16 00:42:16','2017-06-16 00:42:16',0,4,'四川省攀枝花市米易县',2,'米易县',',2276,2304,',2304),
	(2309,'2017-06-16 00:42:17','2017-06-16 00:42:17',0,5,'四川省攀枝花市盐边县',2,'盐边县',',2276,2304,',2304),
	(2310,'2017-06-16 00:42:18','2017-06-16 00:42:18',0,4,'四川省泸州市',1,'泸州市',',2276,',2276),
	(2311,'2017-06-16 00:42:19','2017-06-16 00:42:19',0,1,'四川省泸州市江阳区',2,'江阳区',',2276,2310,',2310),
	(2312,'2017-06-16 00:42:20','2017-06-16 00:42:20',0,2,'四川省泸州市纳溪区',2,'纳溪区',',2276,2310,',2310),
	(2313,'2017-06-16 00:42:21','2017-06-16 00:42:21',0,3,'四川省泸州市龙马潭区',2,'龙马潭区',',2276,2310,',2310),
	(2314,'2017-06-16 00:42:22','2017-06-16 00:42:22',0,4,'四川省泸州市泸县',2,'泸县',',2276,2310,',2310),
	(2315,'2017-06-16 00:42:23','2017-06-16 00:42:23',0,5,'四川省泸州市合江县',2,'合江县',',2276,2310,',2310),
	(2316,'2017-06-16 00:42:24','2017-06-16 00:42:24',0,6,'四川省泸州市叙永县',2,'叙永县',',2276,2310,',2310),
	(2317,'2017-06-16 00:42:25','2017-06-16 00:42:25',0,7,'四川省泸州市古蔺县',2,'古蔺县',',2276,2310,',2310),
	(2318,'2017-06-16 00:42:26','2017-06-16 00:42:26',0,5,'四川省德阳市',1,'德阳市',',2276,',2276),
	(2319,'2017-06-16 00:42:27','2017-06-16 00:42:27',0,1,'四川省德阳市旌阳区',2,'旌阳区',',2276,2318,',2318),
	(2320,'2017-06-16 00:42:28','2017-06-16 00:42:28',0,2,'四川省德阳市中江县',2,'中江县',',2276,2318,',2318),
	(2321,'2017-06-16 00:42:29','2017-06-16 00:42:29',0,3,'四川省德阳市罗江县',2,'罗江县',',2276,2318,',2318),
	(2322,'2017-06-16 00:42:30','2017-06-16 00:42:30',0,4,'四川省德阳市广汉市',2,'广汉市',',2276,2318,',2318),
	(2323,'2017-06-16 00:42:31','2017-06-16 00:42:31',0,5,'四川省德阳市什邡市',2,'什邡市',',2276,2318,',2318),
	(2324,'2017-06-16 00:42:32','2017-06-16 00:42:32',0,6,'四川省德阳市绵竹市',2,'绵竹市',',2276,2318,',2318),
	(2325,'2017-06-16 00:42:33','2017-06-16 00:42:33',0,6,'四川省绵阳市',1,'绵阳市',',2276,',2276),
	(2326,'2017-06-16 00:42:34','2017-06-16 00:42:34',0,1,'四川省绵阳市涪城区',2,'涪城区',',2276,2325,',2325),
	(2327,'2017-06-16 00:42:35','2017-06-16 00:42:35',0,2,'四川省绵阳市游仙区',2,'游仙区',',2276,2325,',2325),
	(2328,'2017-06-16 00:42:36','2017-06-16 00:42:36',0,3,'四川省绵阳市三台县',2,'三台县',',2276,2325,',2325),
	(2329,'2017-06-16 00:42:37','2017-06-16 00:42:37',0,4,'四川省绵阳市盐亭县',2,'盐亭县',',2276,2325,',2325),
	(2330,'2017-06-16 00:42:38','2017-06-16 00:42:38',0,5,'四川省绵阳市安县',2,'安县',',2276,2325,',2325),
	(2331,'2017-06-16 00:42:39','2017-06-16 00:42:39',0,6,'四川省绵阳市梓潼县',2,'梓潼县',',2276,2325,',2325),
	(2332,'2017-06-16 00:42:40','2017-06-16 00:42:40',0,7,'四川省绵阳市北川羌族自治县',2,'北川羌族自治县',',2276,2325,',2325),
	(2333,'2017-06-16 00:42:41','2017-06-16 00:42:41',0,8,'四川省绵阳市平武县',2,'平武县',',2276,2325,',2325),
	(2334,'2017-06-16 00:42:42','2017-06-16 00:42:42',0,9,'四川省绵阳市江油市',2,'江油市',',2276,2325,',2325),
	(2335,'2017-06-16 00:42:43','2017-06-16 00:42:43',0,7,'四川省广元市',1,'广元市',',2276,',2276),
	(2336,'2017-06-16 00:42:44','2017-06-16 00:42:44',0,1,'四川省广元市利州区',2,'利州区',',2276,2335,',2335),
	(2337,'2017-06-16 00:42:45','2017-06-16 00:42:45',0,2,'四川省广元市元坝区',2,'元坝区',',2276,2335,',2335),
	(2338,'2017-06-16 00:42:46','2017-06-16 00:42:46',0,3,'四川省广元市朝天区',2,'朝天区',',2276,2335,',2335),
	(2339,'2017-06-16 00:42:47','2017-06-16 00:42:47',0,4,'四川省广元市旺苍县',2,'旺苍县',',2276,2335,',2335),
	(2340,'2017-06-16 00:42:48','2017-06-16 00:42:48',0,5,'四川省广元市青川县',2,'青川县',',2276,2335,',2335),
	(2341,'2017-06-16 00:42:49','2017-06-16 00:42:49',0,6,'四川省广元市剑阁县',2,'剑阁县',',2276,2335,',2335),
	(2342,'2017-06-16 00:42:50','2017-06-16 00:42:50',0,7,'四川省广元市苍溪县',2,'苍溪县',',2276,2335,',2335),
	(2343,'2017-06-16 00:42:51','2017-06-16 00:42:51',0,8,'四川省遂宁市',1,'遂宁市',',2276,',2276),
	(2344,'2017-06-16 00:42:52','2017-06-16 00:42:52',0,1,'四川省遂宁市船山区',2,'船山区',',2276,2343,',2343),
	(2345,'2017-06-16 00:42:53','2017-06-16 00:42:53',0,2,'四川省遂宁市安居区',2,'安居区',',2276,2343,',2343),
	(2346,'2017-06-16 00:42:54','2017-06-16 00:42:54',0,3,'四川省遂宁市蓬溪县',2,'蓬溪县',',2276,2343,',2343),
	(2347,'2017-06-16 00:42:55','2017-06-16 00:42:55',0,4,'四川省遂宁市射洪县',2,'射洪县',',2276,2343,',2343),
	(2348,'2017-06-16 00:42:56','2017-06-16 00:42:56',0,5,'四川省遂宁市大英县',2,'大英县',',2276,2343,',2343),
	(2349,'2017-06-16 00:42:57','2017-06-16 00:42:57',0,9,'四川省内江市',1,'内江市',',2276,',2276),
	(2350,'2017-06-16 00:42:58','2017-06-16 00:42:58',0,1,'四川省内江市市中区',2,'市中区',',2276,2349,',2349),
	(2351,'2017-06-16 00:42:59','2017-06-16 00:42:59',0,2,'四川省内江市东兴区',2,'东兴区',',2276,2349,',2349),
	(2352,'2017-06-16 00:43:00','2017-06-16 00:43:00',0,3,'四川省内江市威远县',2,'威远县',',2276,2349,',2349),
	(2353,'2017-06-16 00:43:01','2017-06-16 00:43:01',0,4,'四川省内江市资中县',2,'资中县',',2276,2349,',2349),
	(2354,'2017-06-16 00:43:02','2017-06-16 00:43:02',0,5,'四川省内江市隆昌县',2,'隆昌县',',2276,2349,',2349),
	(2355,'2017-06-16 00:43:03','2017-06-16 00:43:03',0,10,'四川省乐山市',1,'乐山市',',2276,',2276),
	(2356,'2017-06-16 00:43:04','2017-06-16 00:43:04',0,1,'四川省乐山市市中区',2,'市中区',',2276,2355,',2355),
	(2357,'2017-06-16 00:43:05','2017-06-16 00:43:05',0,2,'四川省乐山市沙湾区',2,'沙湾区',',2276,2355,',2355),
	(2358,'2017-06-16 00:43:06','2017-06-16 00:43:06',0,3,'四川省乐山市五通桥区',2,'五通桥区',',2276,2355,',2355),
	(2359,'2017-06-16 00:43:07','2017-06-16 00:43:07',0,4,'四川省乐山市金口河区',2,'金口河区',',2276,2355,',2355),
	(2360,'2017-06-16 00:43:08','2017-06-16 00:43:08',0,5,'四川省乐山市犍为县',2,'犍为县',',2276,2355,',2355),
	(2361,'2017-06-16 00:43:09','2017-06-16 00:43:09',0,6,'四川省乐山市井研县',2,'井研县',',2276,2355,',2355),
	(2362,'2017-06-16 00:43:10','2017-06-16 00:43:10',0,7,'四川省乐山市夹江县',2,'夹江县',',2276,2355,',2355),
	(2363,'2017-06-16 00:43:11','2017-06-16 00:43:11',0,8,'四川省乐山市沐川县',2,'沐川县',',2276,2355,',2355),
	(2364,'2017-06-16 00:43:12','2017-06-16 00:43:12',0,9,'四川省乐山市峨边彝族自治县',2,'峨边彝族自治县',',2276,2355,',2355),
	(2365,'2017-06-16 00:43:13','2017-06-16 00:43:13',0,10,'四川省乐山市马边彝族自治县',2,'马边彝族自治县',',2276,2355,',2355),
	(2366,'2017-06-16 00:43:14','2017-06-16 00:43:14',0,11,'四川省乐山市峨眉山市',2,'峨眉山市',',2276,2355,',2355),
	(2367,'2017-06-16 00:43:15','2017-06-16 00:43:15',0,11,'四川省南充市',1,'南充市',',2276,',2276),
	(2368,'2017-06-16 00:43:16','2017-06-16 00:43:16',0,1,'四川省南充市顺庆区',2,'顺庆区',',2276,2367,',2367),
	(2369,'2017-06-16 00:43:17','2017-06-16 00:43:17',0,2,'四川省南充市高坪区',2,'高坪区',',2276,2367,',2367),
	(2370,'2017-06-16 00:43:18','2017-06-16 00:43:18',0,3,'四川省南充市嘉陵区',2,'嘉陵区',',2276,2367,',2367),
	(2371,'2017-06-16 00:43:19','2017-06-16 00:43:19',0,4,'四川省南充市南部县',2,'南部县',',2276,2367,',2367),
	(2372,'2017-06-16 00:43:20','2017-06-16 00:43:20',0,5,'四川省南充市营山县',2,'营山县',',2276,2367,',2367),
	(2373,'2017-06-16 00:43:21','2017-06-16 00:43:21',0,6,'四川省南充市蓬安县',2,'蓬安县',',2276,2367,',2367),
	(2374,'2017-06-16 00:43:22','2017-06-16 00:43:22',0,7,'四川省南充市仪陇县',2,'仪陇县',',2276,2367,',2367),
	(2375,'2017-06-16 00:43:23','2017-06-16 00:43:23',0,8,'四川省南充市西充县',2,'西充县',',2276,2367,',2367),
	(2376,'2017-06-16 00:43:24','2017-06-16 00:43:24',0,9,'四川省南充市阆中市',2,'阆中市',',2276,2367,',2367),
	(2377,'2017-06-16 00:43:25','2017-06-16 00:43:25',0,12,'四川省眉山市',1,'眉山市',',2276,',2276),
	(2378,'2017-06-16 00:43:26','2017-06-16 00:43:26',0,1,'四川省眉山市东坡区',2,'东坡区',',2276,2377,',2377),
	(2379,'2017-06-16 00:43:27','2017-06-16 00:43:27',0,2,'四川省眉山市仁寿县',2,'仁寿县',',2276,2377,',2377),
	(2380,'2017-06-16 00:43:28','2017-06-16 00:43:28',0,3,'四川省眉山市彭山县',2,'彭山县',',2276,2377,',2377),
	(2381,'2017-06-16 00:43:29','2017-06-16 00:43:29',0,4,'四川省眉山市洪雅县',2,'洪雅县',',2276,2377,',2377),
	(2382,'2017-06-16 00:43:30','2017-06-16 00:43:30',0,5,'四川省眉山市丹棱县',2,'丹棱县',',2276,2377,',2377),
	(2383,'2017-06-16 00:43:31','2017-06-16 00:43:31',0,6,'四川省眉山市青神县',2,'青神县',',2276,2377,',2377),
	(2384,'2017-06-16 00:43:32','2017-06-16 00:43:32',0,13,'四川省宜宾市',1,'宜宾市',',2276,',2276),
	(2385,'2017-06-16 00:43:33','2017-06-16 00:43:33',0,1,'四川省宜宾市翠屏区',2,'翠屏区',',2276,2384,',2384),
	(2386,'2017-06-16 00:43:34','2017-06-16 00:43:34',0,2,'四川省宜宾市南溪区',2,'南溪区',',2276,2384,',2384),
	(2387,'2017-06-16 00:43:35','2017-06-16 00:43:35',0,3,'四川省宜宾市宜宾县',2,'宜宾县',',2276,2384,',2384),
	(2388,'2017-06-16 00:43:36','2017-06-16 00:43:36',0,4,'四川省宜宾市江安县',2,'江安县',',2276,2384,',2384),
	(2389,'2017-06-16 00:43:37','2017-06-16 00:43:37',0,5,'四川省宜宾市长宁县',2,'长宁县',',2276,2384,',2384),
	(2390,'2017-06-16 00:43:38','2017-06-16 00:43:38',0,6,'四川省宜宾市高县',2,'高县',',2276,2384,',2384),
	(2391,'2017-06-16 00:43:39','2017-06-16 00:43:39',0,7,'四川省宜宾市珙县',2,'珙县',',2276,2384,',2384),
	(2392,'2017-06-16 00:43:40','2017-06-16 00:43:40',0,8,'四川省宜宾市筠连县',2,'筠连县',',2276,2384,',2384),
	(2393,'2017-06-16 00:43:41','2017-06-16 00:43:41',0,9,'四川省宜宾市兴文县',2,'兴文县',',2276,2384,',2384),
	(2394,'2017-06-16 00:43:42','2017-06-16 00:43:42',0,10,'四川省宜宾市屏山县',2,'屏山县',',2276,2384,',2384),
	(2395,'2017-06-16 00:43:43','2017-06-16 00:43:43',0,14,'四川省广安市',1,'广安市',',2276,',2276),
	(2396,'2017-06-16 00:43:44','2017-06-16 00:43:44',0,1,'四川省广安市广安区',2,'广安区',',2276,2395,',2395),
	(2397,'2017-06-16 00:43:45','2017-06-16 00:43:45',0,2,'四川省广安市前锋区',2,'前锋区',',2276,2395,',2395),
	(2398,'2017-06-16 00:43:46','2017-06-16 00:43:46',0,3,'四川省广安市岳池县',2,'岳池县',',2276,2395,',2395),
	(2399,'2017-06-16 00:43:47','2017-06-16 00:43:47',0,4,'四川省广安市武胜县',2,'武胜县',',2276,2395,',2395),
	(2400,'2017-06-16 00:43:48','2017-06-16 00:43:48',0,5,'四川省广安市邻水县',2,'邻水县',',2276,2395,',2395),
	(2401,'2017-06-16 00:43:49','2017-06-16 00:43:49',0,6,'四川省广安市华蓥市',2,'华蓥市',',2276,2395,',2395),
	(2402,'2017-06-16 00:43:50','2017-06-16 00:43:50',0,15,'四川省达州市',1,'达州市',',2276,',2276),
	(2403,'2017-06-16 00:43:51','2017-06-16 00:43:51',0,1,'四川省达州市通川区',2,'通川区',',2276,2402,',2402),
	(2404,'2017-06-16 00:43:52','2017-06-16 00:43:52',0,2,'四川省达州市达川区',2,'达川区',',2276,2402,',2402),
	(2405,'2017-06-16 00:43:53','2017-06-16 00:43:53',0,3,'四川省达州市宣汉县',2,'宣汉县',',2276,2402,',2402),
	(2406,'2017-06-16 00:43:54','2017-06-16 00:43:54',0,4,'四川省达州市开江县',2,'开江县',',2276,2402,',2402),
	(2407,'2017-06-16 00:43:55','2017-06-16 00:43:55',0,5,'四川省达州市大竹县',2,'大竹县',',2276,2402,',2402),
	(2408,'2017-06-16 00:43:56','2017-06-16 00:43:56',0,6,'四川省达州市渠县',2,'渠县',',2276,2402,',2402),
	(2409,'2017-06-16 00:43:57','2017-06-16 00:43:57',0,7,'四川省达州市万源市',2,'万源市',',2276,2402,',2402),
	(2410,'2017-06-16 00:43:58','2017-06-16 00:43:58',0,16,'四川省雅安市',1,'雅安市',',2276,',2276),
	(2411,'2017-06-16 00:43:59','2017-06-16 00:43:59',0,1,'四川省雅安市雨城区',2,'雨城区',',2276,2410,',2410),
	(2412,'2017-06-16 00:44:00','2017-06-16 00:44:00',0,2,'四川省雅安市名山区',2,'名山区',',2276,2410,',2410),
	(2413,'2017-06-16 00:44:01','2017-06-16 00:44:01',0,3,'四川省雅安市荥经县',2,'荥经县',',2276,2410,',2410),
	(2414,'2017-06-16 00:44:02','2017-06-16 00:44:02',0,4,'四川省雅安市汉源县',2,'汉源县',',2276,2410,',2410),
	(2415,'2017-06-16 00:44:03','2017-06-16 00:44:03',0,5,'四川省雅安市石棉县',2,'石棉县',',2276,2410,',2410),
	(2416,'2017-06-16 00:44:04','2017-06-16 00:44:04',0,6,'四川省雅安市天全县',2,'天全县',',2276,2410,',2410),
	(2417,'2017-06-16 00:44:05','2017-06-16 00:44:05',0,7,'四川省雅安市芦山县',2,'芦山县',',2276,2410,',2410),
	(2418,'2017-06-16 00:44:06','2017-06-16 00:44:06',0,8,'四川省雅安市宝兴县',2,'宝兴县',',2276,2410,',2410),
	(2419,'2017-06-16 00:44:07','2017-06-16 00:44:07',0,17,'四川省巴中市',1,'巴中市',',2276,',2276),
	(2420,'2017-06-16 00:44:08','2017-06-16 00:44:08',0,1,'四川省巴中市巴州区',2,'巴州区',',2276,2419,',2419),
	(2421,'2017-06-16 00:44:09','2017-06-16 00:44:09',0,2,'四川省巴中市恩阳区',2,'恩阳区',',2276,2419,',2419),
	(2422,'2017-06-16 00:44:10','2017-06-16 00:44:10',0,3,'四川省巴中市通江县',2,'通江县',',2276,2419,',2419),
	(2423,'2017-06-16 00:44:11','2017-06-16 00:44:11',0,4,'四川省巴中市南江县',2,'南江县',',2276,2419,',2419),
	(2424,'2017-06-16 00:44:12','2017-06-16 00:44:12',0,5,'四川省巴中市平昌县',2,'平昌县',',2276,2419,',2419),
	(2425,'2017-06-16 00:44:13','2017-06-16 00:44:13',0,18,'四川省资阳市',1,'资阳市',',2276,',2276),
	(2426,'2017-06-16 00:44:14','2017-06-16 00:44:14',0,1,'四川省资阳市雁江区',2,'雁江区',',2276,2425,',2425),
	(2427,'2017-06-16 00:44:15','2017-06-16 00:44:15',0,2,'四川省资阳市安岳县',2,'安岳县',',2276,2425,',2425),
	(2428,'2017-06-16 00:44:16','2017-06-16 00:44:16',0,3,'四川省资阳市乐至县',2,'乐至县',',2276,2425,',2425),
	(2429,'2017-06-16 00:44:17','2017-06-16 00:44:17',0,4,'四川省资阳市简阳市',2,'简阳市',',2276,2425,',2425),
	(2430,'2017-06-16 00:44:18','2017-06-16 00:44:18',0,19,'四川省阿坝藏族羌族自治州',1,'阿坝藏族羌族自治州',',2276,',2276),
	(2431,'2017-06-16 00:44:19','2017-06-16 00:44:19',0,1,'四川省阿坝藏族羌族自治州汶川县',2,'汶川县',',2276,2430,',2430),
	(2432,'2017-06-16 00:44:20','2017-06-16 00:44:20',0,2,'四川省阿坝藏族羌族自治州理县',2,'理县',',2276,2430,',2430),
	(2433,'2017-06-16 00:44:21','2017-06-16 00:44:21',0,3,'四川省阿坝藏族羌族自治州茂县',2,'茂县',',2276,2430,',2430),
	(2434,'2017-06-16 00:44:22','2017-06-16 00:44:22',0,4,'四川省阿坝藏族羌族自治州松潘县',2,'松潘县',',2276,2430,',2430),
	(2435,'2017-06-16 00:44:23','2017-06-16 00:44:23',0,5,'四川省阿坝藏族羌族自治州九寨沟县',2,'九寨沟县',',2276,2430,',2430),
	(2436,'2017-06-16 00:44:24','2017-06-16 00:44:24',0,6,'四川省阿坝藏族羌族自治州金川县',2,'金川县',',2276,2430,',2430),
	(2437,'2017-06-16 00:44:25','2017-06-16 00:44:25',0,7,'四川省阿坝藏族羌族自治州小金县',2,'小金县',',2276,2430,',2430),
	(2438,'2017-06-16 00:44:26','2017-06-16 00:44:26',0,8,'四川省阿坝藏族羌族自治州黑水县',2,'黑水县',',2276,2430,',2430),
	(2439,'2017-06-16 00:44:27','2017-06-16 00:44:27',0,9,'四川省阿坝藏族羌族自治州马尔康县',2,'马尔康县',',2276,2430,',2430),
	(2440,'2017-06-16 00:44:28','2017-06-16 00:44:28',0,10,'四川省阿坝藏族羌族自治州壤塘县',2,'壤塘县',',2276,2430,',2430),
	(2441,'2017-06-16 00:44:29','2017-06-16 00:44:29',0,11,'四川省阿坝藏族羌族自治州阿坝县',2,'阿坝县',',2276,2430,',2430),
	(2442,'2017-06-16 00:44:30','2017-06-16 00:44:30',0,12,'四川省阿坝藏族羌族自治州若尔盖县',2,'若尔盖县',',2276,2430,',2430),
	(2443,'2017-06-16 00:44:31','2017-06-16 00:44:31',0,13,'四川省阿坝藏族羌族自治州红原县',2,'红原县',',2276,2430,',2430),
	(2444,'2017-06-16 00:44:32','2017-06-16 00:44:32',0,20,'四川省甘孜藏族自治州',1,'甘孜藏族自治州',',2276,',2276),
	(2445,'2017-06-16 00:44:33','2017-06-16 00:44:33',0,1,'四川省甘孜藏族自治州康定县',2,'康定县',',2276,2444,',2444),
	(2446,'2017-06-16 00:44:34','2017-06-16 00:44:34',0,2,'四川省甘孜藏族自治州泸定县',2,'泸定县',',2276,2444,',2444),
	(2447,'2017-06-16 00:44:35','2017-06-16 00:44:35',0,3,'四川省甘孜藏族自治州丹巴县',2,'丹巴县',',2276,2444,',2444),
	(2448,'2017-06-16 00:44:36','2017-06-16 00:44:36',0,4,'四川省甘孜藏族自治州九龙县',2,'九龙县',',2276,2444,',2444),
	(2449,'2017-06-16 00:44:37','2017-06-16 00:44:37',0,5,'四川省甘孜藏族自治州雅江县',2,'雅江县',',2276,2444,',2444),
	(2450,'2017-06-16 00:44:38','2017-06-16 00:44:38',0,6,'四川省甘孜藏族自治州道孚县',2,'道孚县',',2276,2444,',2444),
	(2451,'2017-06-16 00:44:39','2017-06-16 00:44:39',0,7,'四川省甘孜藏族自治州炉霍县',2,'炉霍县',',2276,2444,',2444),
	(2452,'2017-06-16 00:44:40','2017-06-16 00:44:40',0,8,'四川省甘孜藏族自治州甘孜县',2,'甘孜县',',2276,2444,',2444),
	(2453,'2017-06-16 00:44:41','2017-06-16 00:44:41',0,9,'四川省甘孜藏族自治州新龙县',2,'新龙县',',2276,2444,',2444),
	(2454,'2017-06-16 00:44:42','2017-06-16 00:44:42',0,10,'四川省甘孜藏族自治州德格县',2,'德格县',',2276,2444,',2444),
	(2455,'2017-06-16 00:44:43','2017-06-16 00:44:43',0,11,'四川省甘孜藏族自治州白玉县',2,'白玉县',',2276,2444,',2444),
	(2456,'2017-06-16 00:44:44','2017-06-16 00:44:44',0,12,'四川省甘孜藏族自治州石渠县',2,'石渠县',',2276,2444,',2444),
	(2457,'2017-06-16 00:44:45','2017-06-16 00:44:45',0,13,'四川省甘孜藏族自治州色达县',2,'色达县',',2276,2444,',2444),
	(2458,'2017-06-16 00:44:46','2017-06-16 00:44:46',0,14,'四川省甘孜藏族自治州理塘县',2,'理塘县',',2276,2444,',2444),
	(2459,'2017-06-16 00:44:47','2017-06-16 00:44:47',0,15,'四川省甘孜藏族自治州巴塘县',2,'巴塘县',',2276,2444,',2444),
	(2460,'2017-06-16 00:44:48','2017-06-16 00:44:48',0,16,'四川省甘孜藏族自治州乡城县',2,'乡城县',',2276,2444,',2444),
	(2461,'2017-06-16 00:44:49','2017-06-16 00:44:49',0,17,'四川省甘孜藏族自治州稻城县',2,'稻城县',',2276,2444,',2444),
	(2462,'2017-06-16 00:44:50','2017-06-16 00:44:50',0,18,'四川省甘孜藏族自治州得荣县',2,'得荣县',',2276,2444,',2444),
	(2463,'2017-06-16 00:44:51','2017-06-16 00:44:51',0,21,'四川省凉山彝族自治州',1,'凉山彝族自治州',',2276,',2276),
	(2464,'2017-06-16 00:44:52','2017-06-16 00:44:52',0,1,'四川省凉山彝族自治州西昌市',2,'西昌市',',2276,2463,',2463),
	(2465,'2017-06-16 00:44:53','2017-06-16 00:44:53',0,2,'四川省凉山彝族自治州木里藏族自治县',2,'木里藏族自治县',',2276,2463,',2463),
	(2466,'2017-06-16 00:44:54','2017-06-16 00:44:54',0,3,'四川省凉山彝族自治州盐源县',2,'盐源县',',2276,2463,',2463),
	(2467,'2017-06-16 00:44:55','2017-06-16 00:44:55',0,4,'四川省凉山彝族自治州德昌县',2,'德昌县',',2276,2463,',2463),
	(2468,'2017-06-16 00:44:56','2017-06-16 00:44:56',0,5,'四川省凉山彝族自治州会理县',2,'会理县',',2276,2463,',2463),
	(2469,'2017-06-16 00:44:57','2017-06-16 00:44:57',0,6,'四川省凉山彝族自治州会东县',2,'会东县',',2276,2463,',2463),
	(2470,'2017-06-16 00:44:58','2017-06-16 00:44:58',0,7,'四川省凉山彝族自治州宁南县',2,'宁南县',',2276,2463,',2463),
	(2471,'2017-06-16 00:44:59','2017-06-16 00:44:59',0,8,'四川省凉山彝族自治州普格县',2,'普格县',',2276,2463,',2463),
	(2472,'2017-06-16 00:45:00','2017-06-16 00:45:00',0,9,'四川省凉山彝族自治州布拖县',2,'布拖县',',2276,2463,',2463),
	(2473,'2017-06-16 00:45:01','2017-06-16 00:45:01',0,10,'四川省凉山彝族自治州金阳县',2,'金阳县',',2276,2463,',2463),
	(2474,'2017-06-16 00:45:02','2017-06-16 00:45:02',0,11,'四川省凉山彝族自治州昭觉县',2,'昭觉县',',2276,2463,',2463),
	(2475,'2017-06-16 00:45:03','2017-06-16 00:45:03',0,12,'四川省凉山彝族自治州喜德县',2,'喜德县',',2276,2463,',2463),
	(2476,'2017-06-16 00:45:04','2017-06-16 00:45:04',0,13,'四川省凉山彝族自治州冕宁县',2,'冕宁县',',2276,2463,',2463),
	(2477,'2017-06-16 00:45:05','2017-06-16 00:45:05',0,14,'四川省凉山彝族自治州越西县',2,'越西县',',2276,2463,',2463),
	(2478,'2017-06-16 00:45:06','2017-06-16 00:45:06',0,15,'四川省凉山彝族自治州甘洛县',2,'甘洛县',',2276,2463,',2463),
	(2479,'2017-06-16 00:45:07','2017-06-16 00:45:07',0,16,'四川省凉山彝族自治州美姑县',2,'美姑县',',2276,2463,',2463),
	(2480,'2017-06-16 00:45:08','2017-06-16 00:45:08',0,17,'四川省凉山彝族自治州雷波县',2,'雷波县',',2276,2463,',2463),
	(2481,'2017-06-16 00:45:09','2017-06-16 00:45:09',0,24,'贵州省',0,'贵州省',',',NULL),
	(2482,'2017-06-16 00:45:10','2017-06-16 00:45:10',0,1,'贵州省贵阳市',1,'贵阳市',',2481,',2481),
	(2483,'2017-06-16 00:45:11','2017-06-16 00:45:11',0,1,'贵州省贵阳市南明区',2,'南明区',',2481,2482,',2482),
	(2484,'2017-06-16 00:45:12','2017-06-16 00:45:12',0,2,'贵州省贵阳市云岩区',2,'云岩区',',2481,2482,',2482),
	(2485,'2017-06-16 00:45:13','2017-06-16 00:45:13',0,3,'贵州省贵阳市花溪区',2,'花溪区',',2481,2482,',2482),
	(2486,'2017-06-16 00:45:14','2017-06-16 00:45:14',0,4,'贵州省贵阳市乌当区',2,'乌当区',',2481,2482,',2482),
	(2487,'2017-06-16 00:45:15','2017-06-16 00:45:15',0,5,'贵州省贵阳市白云区',2,'白云区',',2481,2482,',2482),
	(2488,'2017-06-16 00:45:16','2017-06-16 00:45:16',0,6,'贵州省贵阳市观山湖区',2,'观山湖区',',2481,2482,',2482),
	(2489,'2017-06-16 00:45:17','2017-06-16 00:45:17',0,7,'贵州省贵阳市开阳县',2,'开阳县',',2481,2482,',2482),
	(2490,'2017-06-16 00:45:18','2017-06-16 00:45:18',0,8,'贵州省贵阳市息烽县',2,'息烽县',',2481,2482,',2482),
	(2491,'2017-06-16 00:45:19','2017-06-16 00:45:19',0,9,'贵州省贵阳市修文县',2,'修文县',',2481,2482,',2482),
	(2492,'2017-06-16 00:45:20','2017-06-16 00:45:20',0,10,'贵州省贵阳市清镇市',2,'清镇市',',2481,2482,',2482),
	(2493,'2017-06-16 00:45:21','2017-06-16 00:45:21',0,2,'贵州省六盘水市',1,'六盘水市',',2481,',2481),
	(2494,'2017-06-16 00:45:22','2017-06-16 00:45:22',0,1,'贵州省六盘水市钟山区',2,'钟山区',',2481,2493,',2493),
	(2495,'2017-06-16 00:45:23','2017-06-16 00:45:23',0,2,'贵州省六盘水市六枝特区',2,'六枝特区',',2481,2493,',2493),
	(2496,'2017-06-16 00:45:24','2017-06-16 00:45:24',0,3,'贵州省六盘水市水城县',2,'水城县',',2481,2493,',2493),
	(2497,'2017-06-16 00:45:25','2017-06-16 00:45:25',0,4,'贵州省六盘水市盘县',2,'盘县',',2481,2493,',2493),
	(2498,'2017-06-16 00:45:26','2017-06-16 00:45:26',0,3,'贵州省遵义市',1,'遵义市',',2481,',2481),
	(2499,'2017-06-16 00:45:27','2017-06-16 00:45:27',0,1,'贵州省遵义市红花岗区',2,'红花岗区',',2481,2498,',2498),
	(2500,'2017-06-16 00:45:28','2017-06-16 00:45:28',0,2,'贵州省遵义市汇川区',2,'汇川区',',2481,2498,',2498),
	(2501,'2017-06-16 00:45:29','2017-06-16 00:45:29',0,3,'贵州省遵义市遵义县',2,'遵义县',',2481,2498,',2498),
	(2502,'2017-06-16 00:45:30','2017-06-16 00:45:30',0,4,'贵州省遵义市桐梓县',2,'桐梓县',',2481,2498,',2498),
	(2503,'2017-06-16 00:45:31','2017-06-16 00:45:31',0,5,'贵州省遵义市绥阳县',2,'绥阳县',',2481,2498,',2498),
	(2504,'2017-06-16 00:45:32','2017-06-16 00:45:32',0,6,'贵州省遵义市正安县',2,'正安县',',2481,2498,',2498),
	(2505,'2017-06-16 00:45:33','2017-06-16 00:45:33',0,7,'贵州省遵义市道真仡佬族苗族自治县',2,'道真仡佬族苗族自治县',',2481,2498,',2498),
	(2506,'2017-06-16 00:45:34','2017-06-16 00:45:34',0,8,'贵州省遵义市务川仡佬族苗族自治县',2,'务川仡佬族苗族自治县',',2481,2498,',2498),
	(2507,'2017-06-16 00:45:35','2017-06-16 00:45:35',0,9,'贵州省遵义市凤冈县',2,'凤冈县',',2481,2498,',2498),
	(2508,'2017-06-16 00:45:36','2017-06-16 00:45:36',0,10,'贵州省遵义市湄潭县',2,'湄潭县',',2481,2498,',2498),
	(2509,'2017-06-16 00:45:37','2017-06-16 00:45:37',0,11,'贵州省遵义市余庆县',2,'余庆县',',2481,2498,',2498),
	(2510,'2017-06-16 00:45:38','2017-06-16 00:45:38',0,12,'贵州省遵义市习水县',2,'习水县',',2481,2498,',2498),
	(2511,'2017-06-16 00:45:39','2017-06-16 00:45:39',0,13,'贵州省遵义市赤水市',2,'赤水市',',2481,2498,',2498),
	(2512,'2017-06-16 00:45:40','2017-06-16 00:45:40',0,14,'贵州省遵义市仁怀市',2,'仁怀市',',2481,2498,',2498),
	(2513,'2017-06-16 00:45:41','2017-06-16 00:45:41',0,4,'贵州省安顺市',1,'安顺市',',2481,',2481),
	(2514,'2017-06-16 00:45:42','2017-06-16 00:45:42',0,1,'贵州省安顺市西秀区',2,'西秀区',',2481,2513,',2513),
	(2515,'2017-06-16 00:45:43','2017-06-16 00:45:43',0,2,'贵州省安顺市平坝县',2,'平坝县',',2481,2513,',2513),
	(2516,'2017-06-16 00:45:44','2017-06-16 00:45:44',0,3,'贵州省安顺市普定县',2,'普定县',',2481,2513,',2513),
	(2517,'2017-06-16 00:45:45','2017-06-16 00:45:45',0,4,'贵州省安顺市镇宁布依族苗族自治县',2,'镇宁布依族苗族自治县',',2481,2513,',2513),
	(2518,'2017-06-16 00:45:46','2017-06-16 00:45:46',0,5,'贵州省安顺市关岭布依族苗族自治县',2,'关岭布依族苗族自治县',',2481,2513,',2513),
	(2519,'2017-06-16 00:45:47','2017-06-16 00:45:47',0,6,'贵州省安顺市紫云苗族布依族自治县',2,'紫云苗族布依族自治县',',2481,2513,',2513),
	(2520,'2017-06-16 00:45:48','2017-06-16 00:45:48',0,5,'贵州省毕节市',1,'毕节市',',2481,',2481),
	(2521,'2017-06-16 00:45:49','2017-06-16 00:45:49',0,1,'贵州省毕节市七星关区',2,'七星关区',',2481,2520,',2520),
	(2522,'2017-06-16 00:45:50','2017-06-16 00:45:50',0,2,'贵州省毕节市大方县',2,'大方县',',2481,2520,',2520),
	(2523,'2017-06-16 00:45:51','2017-06-16 00:45:51',0,3,'贵州省毕节市黔西县',2,'黔西县',',2481,2520,',2520),
	(2524,'2017-06-16 00:45:52','2017-06-16 00:45:52',0,4,'贵州省毕节市金沙县',2,'金沙县',',2481,2520,',2520),
	(2525,'2017-06-16 00:45:53','2017-06-16 00:45:53',0,5,'贵州省毕节市织金县',2,'织金县',',2481,2520,',2520),
	(2526,'2017-06-16 00:45:54','2017-06-16 00:45:54',0,6,'贵州省毕节市纳雍县',2,'纳雍县',',2481,2520,',2520),
	(2527,'2017-06-16 00:45:55','2017-06-16 00:45:55',0,7,'贵州省毕节市威宁彝族回族苗族自治县',2,'威宁彝族回族苗族自治县',',2481,2520,',2520),
	(2528,'2017-06-16 00:45:56','2017-06-16 00:45:56',0,8,'贵州省毕节市赫章县',2,'赫章县',',2481,2520,',2520),
	(2529,'2017-06-16 00:45:57','2017-06-16 00:45:57',0,6,'贵州省铜仁市',1,'铜仁市',',2481,',2481),
	(2530,'2017-06-16 00:45:58','2017-06-16 00:45:58',0,1,'贵州省铜仁市碧江区',2,'碧江区',',2481,2529,',2529),
	(2531,'2017-06-16 00:45:59','2017-06-16 00:45:59',0,2,'贵州省铜仁市万山区',2,'万山区',',2481,2529,',2529),
	(2532,'2017-06-16 00:46:00','2017-06-16 00:46:00',0,3,'贵州省铜仁市江口县',2,'江口县',',2481,2529,',2529),
	(2533,'2017-06-16 00:46:01','2017-06-16 00:46:01',0,4,'贵州省铜仁市玉屏侗族自治县',2,'玉屏侗族自治县',',2481,2529,',2529),
	(2534,'2017-06-16 00:46:02','2017-06-16 00:46:02',0,5,'贵州省铜仁市石阡县',2,'石阡县',',2481,2529,',2529),
	(2535,'2017-06-16 00:46:03','2017-06-16 00:46:03',0,6,'贵州省铜仁市思南县',2,'思南县',',2481,2529,',2529),
	(2536,'2017-06-16 00:46:04','2017-06-16 00:46:04',0,7,'贵州省铜仁市印江土家族苗族自治县',2,'印江土家族苗族自治县',',2481,2529,',2529),
	(2537,'2017-06-16 00:46:05','2017-06-16 00:46:05',0,8,'贵州省铜仁市德江县',2,'德江县',',2481,2529,',2529),
	(2538,'2017-06-16 00:46:06','2017-06-16 00:46:06',0,9,'贵州省铜仁市沿河土家族自治县',2,'沿河土家族自治县',',2481,2529,',2529),
	(2539,'2017-06-16 00:46:07','2017-06-16 00:46:07',0,10,'贵州省铜仁市松桃苗族自治县',2,'松桃苗族自治县',',2481,2529,',2529),
	(2540,'2017-06-16 00:46:08','2017-06-16 00:46:08',0,7,'贵州省黔西南布依族苗族自治州',1,'黔西南布依族苗族自治州',',2481,',2481),
	(2541,'2017-06-16 00:46:09','2017-06-16 00:46:09',0,1,'贵州省黔西南布依族苗族自治州兴义市',2,'兴义市',',2481,2540,',2540),
	(2542,'2017-06-16 00:46:10','2017-06-16 00:46:10',0,2,'贵州省黔西南布依族苗族自治州兴仁县',2,'兴仁县',',2481,2540,',2540),
	(2543,'2017-06-16 00:46:11','2017-06-16 00:46:11',0,3,'贵州省黔西南布依族苗族自治州普安县',2,'普安县',',2481,2540,',2540),
	(2544,'2017-06-16 00:46:12','2017-06-16 00:46:12',0,4,'贵州省黔西南布依族苗族自治州晴隆县',2,'晴隆县',',2481,2540,',2540),
	(2545,'2017-06-16 00:46:13','2017-06-16 00:46:13',0,5,'贵州省黔西南布依族苗族自治州贞丰县',2,'贞丰县',',2481,2540,',2540),
	(2546,'2017-06-16 00:46:14','2017-06-16 00:46:14',0,6,'贵州省黔西南布依族苗族自治州望谟县',2,'望谟县',',2481,2540,',2540),
	(2547,'2017-06-16 00:46:15','2017-06-16 00:46:15',0,7,'贵州省黔西南布依族苗族自治州册亨县',2,'册亨县',',2481,2540,',2540),
	(2548,'2017-06-16 00:46:16','2017-06-16 00:46:16',0,8,'贵州省黔西南布依族苗族自治州安龙县',2,'安龙县',',2481,2540,',2540),
	(2549,'2017-06-16 00:46:17','2017-06-16 00:46:17',0,8,'贵州省黔东南苗族侗族自治州',1,'黔东南苗族侗族自治州',',2481,',2481),
	(2550,'2017-06-16 00:46:18','2017-06-16 00:46:18',0,1,'贵州省黔东南苗族侗族自治州凯里市',2,'凯里市',',2481,2549,',2549),
	(2551,'2017-06-16 00:46:19','2017-06-16 00:46:19',0,2,'贵州省黔东南苗族侗族自治州黄平县',2,'黄平县',',2481,2549,',2549),
	(2552,'2017-06-16 00:46:20','2017-06-16 00:46:20',0,3,'贵州省黔东南苗族侗族自治州施秉县',2,'施秉县',',2481,2549,',2549),
	(2553,'2017-06-16 00:46:21','2017-06-16 00:46:21',0,4,'贵州省黔东南苗族侗族自治州三穗县',2,'三穗县',',2481,2549,',2549),
	(2554,'2017-06-16 00:46:22','2017-06-16 00:46:22',0,5,'贵州省黔东南苗族侗族自治州镇远县',2,'镇远县',',2481,2549,',2549),
	(2555,'2017-06-16 00:46:23','2017-06-16 00:46:23',0,6,'贵州省黔东南苗族侗族自治州岑巩县',2,'岑巩县',',2481,2549,',2549),
	(2556,'2017-06-16 00:46:24','2017-06-16 00:46:24',0,7,'贵州省黔东南苗族侗族自治州天柱县',2,'天柱县',',2481,2549,',2549),
	(2557,'2017-06-16 00:46:25','2017-06-16 00:46:25',0,8,'贵州省黔东南苗族侗族自治州锦屏县',2,'锦屏县',',2481,2549,',2549),
	(2558,'2017-06-16 00:46:26','2017-06-16 00:46:26',0,9,'贵州省黔东南苗族侗族自治州剑河县',2,'剑河县',',2481,2549,',2549),
	(2559,'2017-06-16 00:46:27','2017-06-16 00:46:27',0,10,'贵州省黔东南苗族侗族自治州台江县',2,'台江县',',2481,2549,',2549),
	(2560,'2017-06-16 00:46:28','2017-06-16 00:46:28',0,11,'贵州省黔东南苗族侗族自治州黎平县',2,'黎平县',',2481,2549,',2549),
	(2561,'2017-06-16 00:46:29','2017-06-16 00:46:29',0,12,'贵州省黔东南苗族侗族自治州榕江县',2,'榕江县',',2481,2549,',2549),
	(2562,'2017-06-16 00:46:30','2017-06-16 00:46:30',0,13,'贵州省黔东南苗族侗族自治州从江县',2,'从江县',',2481,2549,',2549),
	(2563,'2017-06-16 00:46:31','2017-06-16 00:46:31',0,14,'贵州省黔东南苗族侗族自治州雷山县',2,'雷山县',',2481,2549,',2549),
	(2564,'2017-06-16 00:46:32','2017-06-16 00:46:32',0,15,'贵州省黔东南苗族侗族自治州麻江县',2,'麻江县',',2481,2549,',2549),
	(2565,'2017-06-16 00:46:33','2017-06-16 00:46:33',0,16,'贵州省黔东南苗族侗族自治州丹寨县',2,'丹寨县',',2481,2549,',2549),
	(2566,'2017-06-16 00:46:34','2017-06-16 00:46:34',0,9,'贵州省黔南布依族苗族自治州',1,'黔南布依族苗族自治州',',2481,',2481),
	(2567,'2017-06-16 00:46:35','2017-06-16 00:46:35',0,1,'贵州省黔南布依族苗族自治州都匀市',2,'都匀市',',2481,2566,',2566),
	(2568,'2017-06-16 00:46:36','2017-06-16 00:46:36',0,2,'贵州省黔南布依族苗族自治州福泉市',2,'福泉市',',2481,2566,',2566),
	(2569,'2017-06-16 00:46:37','2017-06-16 00:46:37',0,3,'贵州省黔南布依族苗族自治州荔波县',2,'荔波县',',2481,2566,',2566),
	(2570,'2017-06-16 00:46:38','2017-06-16 00:46:38',0,4,'贵州省黔南布依族苗族自治州贵定县',2,'贵定县',',2481,2566,',2566),
	(2571,'2017-06-16 00:46:39','2017-06-16 00:46:39',0,5,'贵州省黔南布依族苗族自治州瓮安县',2,'瓮安县',',2481,2566,',2566),
	(2572,'2017-06-16 00:46:40','2017-06-16 00:46:40',0,6,'贵州省黔南布依族苗族自治州独山县',2,'独山县',',2481,2566,',2566),
	(2573,'2017-06-16 00:46:41','2017-06-16 00:46:41',0,7,'贵州省黔南布依族苗族自治州平塘县',2,'平塘县',',2481,2566,',2566),
	(2574,'2017-06-16 00:46:42','2017-06-16 00:46:42',0,8,'贵州省黔南布依族苗族自治州罗甸县',2,'罗甸县',',2481,2566,',2566),
	(2575,'2017-06-16 00:46:43','2017-06-16 00:46:43',0,9,'贵州省黔南布依族苗族自治州长顺县',2,'长顺县',',2481,2566,',2566),
	(2576,'2017-06-16 00:46:44','2017-06-16 00:46:44',0,10,'贵州省黔南布依族苗族自治州龙里县',2,'龙里县',',2481,2566,',2566),
	(2577,'2017-06-16 00:46:45','2017-06-16 00:46:45',0,11,'贵州省黔南布依族苗族自治州惠水县',2,'惠水县',',2481,2566,',2566),
	(2578,'2017-06-16 00:46:46','2017-06-16 00:46:46',0,12,'贵州省黔南布依族苗族自治州三都水族自治县',2,'三都水族自治县',',2481,2566,',2566),
	(2579,'2017-06-16 00:46:47','2017-06-16 00:46:47',0,25,'云南省',0,'云南省',',',NULL),
	(2580,'2017-06-16 00:46:48','2017-06-16 00:46:48',0,1,'云南省昆明市',1,'昆明市',',2579,',2579),
	(2581,'2017-06-16 00:46:49','2017-06-16 00:46:49',0,1,'云南省昆明市五华区',2,'五华区',',2579,2580,',2580),
	(2582,'2017-06-16 00:46:50','2017-06-16 00:46:50',0,2,'云南省昆明市盘龙区',2,'盘龙区',',2579,2580,',2580),
	(2583,'2017-06-16 00:46:51','2017-06-16 00:46:51',0,3,'云南省昆明市官渡区',2,'官渡区',',2579,2580,',2580),
	(2584,'2017-06-16 00:46:52','2017-06-16 00:46:52',0,4,'云南省昆明市西山区',2,'西山区',',2579,2580,',2580),
	(2585,'2017-06-16 00:46:53','2017-06-16 00:46:53',0,5,'云南省昆明市东川区',2,'东川区',',2579,2580,',2580),
	(2586,'2017-06-16 00:46:54','2017-06-16 00:46:54',0,6,'云南省昆明市呈贡区',2,'呈贡区',',2579,2580,',2580),
	(2587,'2017-06-16 00:46:55','2017-06-16 00:46:55',0,7,'云南省昆明市晋宁县',2,'晋宁县',',2579,2580,',2580),
	(2588,'2017-06-16 00:46:56','2017-06-16 00:46:56',0,8,'云南省昆明市富民县',2,'富民县',',2579,2580,',2580),
	(2589,'2017-06-16 00:46:57','2017-06-16 00:46:57',0,9,'云南省昆明市宜良县',2,'宜良县',',2579,2580,',2580),
	(2590,'2017-06-16 00:46:58','2017-06-16 00:46:58',0,10,'云南省昆明市石林彝族自治县',2,'石林彝族自治县',',2579,2580,',2580),
	(2591,'2017-06-16 00:46:59','2017-06-16 00:46:59',0,11,'云南省昆明市嵩明县',2,'嵩明县',',2579,2580,',2580),
	(2592,'2017-06-16 00:47:00','2017-06-16 00:47:00',0,12,'云南省昆明市禄劝彝族苗族自治县',2,'禄劝彝族苗族自治县',',2579,2580,',2580),
	(2593,'2017-06-16 00:47:01','2017-06-16 00:47:01',0,13,'云南省昆明市寻甸回族彝族自治县',2,'寻甸回族彝族自治县',',2579,2580,',2580),
	(2594,'2017-06-16 00:47:02','2017-06-16 00:47:02',0,14,'云南省昆明市安宁市',2,'安宁市',',2579,2580,',2580),
	(2595,'2017-06-16 00:47:03','2017-06-16 00:47:03',0,2,'云南省曲靖市',1,'曲靖市',',2579,',2579),
	(2596,'2017-06-16 00:47:04','2017-06-16 00:47:04',0,1,'云南省曲靖市麒麟区',2,'麒麟区',',2579,2595,',2595),
	(2597,'2017-06-16 00:47:05','2017-06-16 00:47:05',0,2,'云南省曲靖市马龙县',2,'马龙县',',2579,2595,',2595),
	(2598,'2017-06-16 00:47:06','2017-06-16 00:47:06',0,3,'云南省曲靖市陆良县',2,'陆良县',',2579,2595,',2595),
	(2599,'2017-06-16 00:47:07','2017-06-16 00:47:07',0,4,'云南省曲靖市师宗县',2,'师宗县',',2579,2595,',2595),
	(2600,'2017-06-16 00:47:08','2017-06-16 00:47:08',0,5,'云南省曲靖市罗平县',2,'罗平县',',2579,2595,',2595),
	(2601,'2017-06-16 00:47:09','2017-06-16 00:47:09',0,6,'云南省曲靖市富源县',2,'富源县',',2579,2595,',2595),
	(2602,'2017-06-16 00:47:10','2017-06-16 00:47:10',0,7,'云南省曲靖市会泽县',2,'会泽县',',2579,2595,',2595),
	(2603,'2017-06-16 00:47:11','2017-06-16 00:47:11',0,8,'云南省曲靖市沾益县',2,'沾益县',',2579,2595,',2595),
	(2604,'2017-06-16 00:47:12','2017-06-16 00:47:12',0,9,'云南省曲靖市宣威市',2,'宣威市',',2579,2595,',2595),
	(2605,'2017-06-16 00:47:13','2017-06-16 00:47:13',0,3,'云南省玉溪市',1,'玉溪市',',2579,',2579),
	(2606,'2017-06-16 00:47:14','2017-06-16 00:47:14',0,1,'云南省玉溪市红塔区',2,'红塔区',',2579,2605,',2605),
	(2607,'2017-06-16 00:47:15','2017-06-16 00:47:15',0,2,'云南省玉溪市江川县',2,'江川县',',2579,2605,',2605),
	(2608,'2017-06-16 00:47:16','2017-06-16 00:47:16',0,3,'云南省玉溪市澄江县',2,'澄江县',',2579,2605,',2605),
	(2609,'2017-06-16 00:47:17','2017-06-16 00:47:17',0,4,'云南省玉溪市通海县',2,'通海县',',2579,2605,',2605),
	(2610,'2017-06-16 00:47:18','2017-06-16 00:47:18',0,5,'云南省玉溪市华宁县',2,'华宁县',',2579,2605,',2605),
	(2611,'2017-06-16 00:47:19','2017-06-16 00:47:19',0,6,'云南省玉溪市易门县',2,'易门县',',2579,2605,',2605),
	(2612,'2017-06-16 00:47:20','2017-06-16 00:47:20',0,7,'云南省玉溪市峨山彝族自治县',2,'峨山彝族自治县',',2579,2605,',2605),
	(2613,'2017-06-16 00:47:21','2017-06-16 00:47:21',0,8,'云南省玉溪市新平彝族傣族自治县',2,'新平彝族傣族自治县',',2579,2605,',2605),
	(2614,'2017-06-16 00:47:22','2017-06-16 00:47:22',0,9,'云南省玉溪市元江哈尼族彝族傣族自治县',2,'元江哈尼族彝族傣族自治县',',2579,2605,',2605),
	(2615,'2017-06-16 00:47:23','2017-06-16 00:47:23',0,4,'云南省保山市',1,'保山市',',2579,',2579),
	(2616,'2017-06-16 00:47:24','2017-06-16 00:47:24',0,1,'云南省保山市隆阳区',2,'隆阳区',',2579,2615,',2615),
	(2617,'2017-06-16 00:47:25','2017-06-16 00:47:25',0,2,'云南省保山市施甸县',2,'施甸县',',2579,2615,',2615),
	(2618,'2017-06-16 00:47:26','2017-06-16 00:47:26',0,3,'云南省保山市腾冲县',2,'腾冲县',',2579,2615,',2615),
	(2619,'2017-06-16 00:47:27','2017-06-16 00:47:27',0,4,'云南省保山市龙陵县',2,'龙陵县',',2579,2615,',2615),
	(2620,'2017-06-16 00:47:28','2017-06-16 00:47:28',0,5,'云南省保山市昌宁县',2,'昌宁县',',2579,2615,',2615),
	(2621,'2017-06-16 00:47:29','2017-06-16 00:47:29',0,5,'云南省昭通市',1,'昭通市',',2579,',2579),
	(2622,'2017-06-16 00:47:30','2017-06-16 00:47:30',0,1,'云南省昭通市昭阳区',2,'昭阳区',',2579,2621,',2621),
	(2623,'2017-06-16 00:47:31','2017-06-16 00:47:31',0,2,'云南省昭通市鲁甸县',2,'鲁甸县',',2579,2621,',2621),
	(2624,'2017-06-16 00:47:32','2017-06-16 00:47:32',0,3,'云南省昭通市巧家县',2,'巧家县',',2579,2621,',2621),
	(2625,'2017-06-16 00:47:33','2017-06-16 00:47:33',0,4,'云南省昭通市盐津县',2,'盐津县',',2579,2621,',2621),
	(2626,'2017-06-16 00:47:34','2017-06-16 00:47:34',0,5,'云南省昭通市大关县',2,'大关县',',2579,2621,',2621),
	(2627,'2017-06-16 00:47:35','2017-06-16 00:47:35',0,6,'云南省昭通市永善县',2,'永善县',',2579,2621,',2621),
	(2628,'2017-06-16 00:47:36','2017-06-16 00:47:36',0,7,'云南省昭通市绥江县',2,'绥江县',',2579,2621,',2621),
	(2629,'2017-06-16 00:47:37','2017-06-16 00:47:37',0,8,'云南省昭通市镇雄县',2,'镇雄县',',2579,2621,',2621),
	(2630,'2017-06-16 00:47:38','2017-06-16 00:47:38',0,9,'云南省昭通市彝良县',2,'彝良县',',2579,2621,',2621),
	(2631,'2017-06-16 00:47:39','2017-06-16 00:47:39',0,10,'云南省昭通市威信县',2,'威信县',',2579,2621,',2621),
	(2632,'2017-06-16 00:47:40','2017-06-16 00:47:40',0,11,'云南省昭通市水富县',2,'水富县',',2579,2621,',2621),
	(2633,'2017-06-16 00:47:41','2017-06-16 00:47:41',0,6,'云南省丽江市',1,'丽江市',',2579,',2579),
	(2634,'2017-06-16 00:47:42','2017-06-16 00:47:42',0,1,'云南省丽江市古城区',2,'古城区',',2579,2633,',2633),
	(2635,'2017-06-16 00:47:43','2017-06-16 00:47:43',0,2,'云南省丽江市玉龙纳西族自治县',2,'玉龙纳西族自治县',',2579,2633,',2633),
	(2636,'2017-06-16 00:47:44','2017-06-16 00:47:44',0,3,'云南省丽江市永胜县',2,'永胜县',',2579,2633,',2633),
	(2637,'2017-06-16 00:47:45','2017-06-16 00:47:45',0,4,'云南省丽江市华坪县',2,'华坪县',',2579,2633,',2633),
	(2638,'2017-06-16 00:47:46','2017-06-16 00:47:46',0,5,'云南省丽江市宁蒗彝族自治县',2,'宁蒗彝族自治县',',2579,2633,',2633),
	(2639,'2017-06-16 00:47:47','2017-06-16 00:47:47',0,7,'云南省普洱市',1,'普洱市',',2579,',2579),
	(2640,'2017-06-16 00:47:48','2017-06-16 00:47:48',0,1,'云南省普洱市思茅区',2,'思茅区',',2579,2639,',2639),
	(2641,'2017-06-16 00:47:49','2017-06-16 00:47:49',0,2,'云南省普洱市宁洱哈尼族彝族自治县',2,'宁洱哈尼族彝族自治县',',2579,2639,',2639),
	(2642,'2017-06-16 00:47:50','2017-06-16 00:47:50',0,3,'云南省普洱市墨江哈尼族自治县',2,'墨江哈尼族自治县',',2579,2639,',2639),
	(2643,'2017-06-16 00:47:51','2017-06-16 00:47:51',0,4,'云南省普洱市景东彝族自治县',2,'景东彝族自治县',',2579,2639,',2639),
	(2644,'2017-06-16 00:47:52','2017-06-16 00:47:52',0,5,'云南省普洱市景谷傣族彝族自治县',2,'景谷傣族彝族自治县',',2579,2639,',2639),
	(2645,'2017-06-16 00:47:53','2017-06-16 00:47:53',0,6,'云南省普洱市镇沅彝族哈尼族拉祜族自治县',2,'镇沅彝族哈尼族拉祜族自治县',',2579,2639,',2639),
	(2646,'2017-06-16 00:47:54','2017-06-16 00:47:54',0,7,'云南省普洱市江城哈尼族彝族自治县',2,'江城哈尼族彝族自治县',',2579,2639,',2639),
	(2647,'2017-06-16 00:47:55','2017-06-16 00:47:55',0,8,'云南省普洱市孟连傣族拉祜族佤族自治县',2,'孟连傣族拉祜族佤族自治县',',2579,2639,',2639),
	(2648,'2017-06-16 00:47:56','2017-06-16 00:47:56',0,9,'云南省普洱市澜沧拉祜族自治县',2,'澜沧拉祜族自治县',',2579,2639,',2639),
	(2649,'2017-06-16 00:47:57','2017-06-16 00:47:57',0,10,'云南省普洱市西盟佤族自治县',2,'西盟佤族自治县',',2579,2639,',2639),
	(2650,'2017-06-16 00:47:58','2017-06-16 00:47:58',0,8,'云南省临沧市',1,'临沧市',',2579,',2579),
	(2651,'2017-06-16 00:47:59','2017-06-16 00:47:59',0,1,'云南省临沧市临翔区',2,'临翔区',',2579,2650,',2650),
	(2652,'2017-06-16 00:48:00','2017-06-16 00:48:00',0,2,'云南省临沧市凤庆县',2,'凤庆县',',2579,2650,',2650),
	(2653,'2017-06-16 00:48:01','2017-06-16 00:48:01',0,3,'云南省临沧市云县',2,'云县',',2579,2650,',2650),
	(2654,'2017-06-16 00:48:02','2017-06-16 00:48:02',0,4,'云南省临沧市永德县',2,'永德县',',2579,2650,',2650),
	(2655,'2017-06-16 00:48:03','2017-06-16 00:48:03',0,5,'云南省临沧市镇康县',2,'镇康县',',2579,2650,',2650),
	(2656,'2017-06-16 00:48:04','2017-06-16 00:48:04',0,6,'云南省临沧市双江拉祜族佤族布朗族傣族自治县',2,'双江拉祜族佤族布朗族傣族自治县',',2579,2650,',2650),
	(2657,'2017-06-16 00:48:05','2017-06-16 00:48:05',0,7,'云南省临沧市耿马傣族佤族自治县',2,'耿马傣族佤族自治县',',2579,2650,',2650),
	(2658,'2017-06-16 00:48:06','2017-06-16 00:48:06',0,8,'云南省临沧市沧源佤族自治县',2,'沧源佤族自治县',',2579,2650,',2650),
	(2659,'2017-06-16 00:48:07','2017-06-16 00:48:07',0,9,'云南省楚雄彝族自治州',1,'楚雄彝族自治州',',2579,',2579),
	(2660,'2017-06-16 00:48:08','2017-06-16 00:48:08',0,1,'云南省楚雄彝族自治州楚雄市',2,'楚雄市',',2579,2659,',2659),
	(2661,'2017-06-16 00:48:09','2017-06-16 00:48:09',0,2,'云南省楚雄彝族自治州双柏县',2,'双柏县',',2579,2659,',2659),
	(2662,'2017-06-16 00:48:10','2017-06-16 00:48:10',0,3,'云南省楚雄彝族自治州牟定县',2,'牟定县',',2579,2659,',2659),
	(2663,'2017-06-16 00:48:11','2017-06-16 00:48:11',0,4,'云南省楚雄彝族自治州南华县',2,'南华县',',2579,2659,',2659),
	(2664,'2017-06-16 00:48:12','2017-06-16 00:48:12',0,5,'云南省楚雄彝族自治州姚安县',2,'姚安县',',2579,2659,',2659),
	(2665,'2017-06-16 00:48:13','2017-06-16 00:48:13',0,6,'云南省楚雄彝族自治州大姚县',2,'大姚县',',2579,2659,',2659),
	(2666,'2017-06-16 00:48:14','2017-06-16 00:48:14',0,7,'云南省楚雄彝族自治州永仁县',2,'永仁县',',2579,2659,',2659),
	(2667,'2017-06-16 00:48:15','2017-06-16 00:48:15',0,8,'云南省楚雄彝族自治州元谋县',2,'元谋县',',2579,2659,',2659),
	(2668,'2017-06-16 00:48:16','2017-06-16 00:48:16',0,9,'云南省楚雄彝族自治州武定县',2,'武定县',',2579,2659,',2659),
	(2669,'2017-06-16 00:48:17','2017-06-16 00:48:17',0,10,'云南省楚雄彝族自治州禄丰县',2,'禄丰县',',2579,2659,',2659),
	(2670,'2017-06-16 00:48:18','2017-06-16 00:48:18',0,10,'云南省红河哈尼族彝族自治州',1,'红河哈尼族彝族自治州',',2579,',2579),
	(2671,'2017-06-16 00:48:19','2017-06-16 00:48:19',0,1,'云南省红河哈尼族彝族自治州个旧市',2,'个旧市',',2579,2670,',2670),
	(2672,'2017-06-16 00:48:20','2017-06-16 00:48:20',0,2,'云南省红河哈尼族彝族自治州开远市',2,'开远市',',2579,2670,',2670),
	(2673,'2017-06-16 00:48:21','2017-06-16 00:48:21',0,3,'云南省红河哈尼族彝族自治州蒙自市',2,'蒙自市',',2579,2670,',2670),
	(2674,'2017-06-16 00:48:22','2017-06-16 00:48:22',0,4,'云南省红河哈尼族彝族自治州弥勒市',2,'弥勒市',',2579,2670,',2670),
	(2675,'2017-06-16 00:48:23','2017-06-16 00:48:23',0,5,'云南省红河哈尼族彝族自治州屏边苗族自治县',2,'屏边苗族自治县',',2579,2670,',2670),
	(2676,'2017-06-16 00:48:24','2017-06-16 00:48:24',0,6,'云南省红河哈尼族彝族自治州建水县',2,'建水县',',2579,2670,',2670),
	(2677,'2017-06-16 00:48:25','2017-06-16 00:48:25',0,7,'云南省红河哈尼族彝族自治州石屏县',2,'石屏县',',2579,2670,',2670),
	(2678,'2017-06-16 00:48:26','2017-06-16 00:48:26',0,8,'云南省红河哈尼族彝族自治州泸西县',2,'泸西县',',2579,2670,',2670),
	(2679,'2017-06-16 00:48:27','2017-06-16 00:48:27',0,9,'云南省红河哈尼族彝族自治州元阳县',2,'元阳县',',2579,2670,',2670),
	(2680,'2017-06-16 00:48:28','2017-06-16 00:48:28',0,10,'云南省红河哈尼族彝族自治州红河县',2,'红河县',',2579,2670,',2670),
	(2681,'2017-06-16 00:48:29','2017-06-16 00:48:29',0,11,'云南省红河哈尼族彝族自治州金平苗族瑶族傣族自治县',2,'金平苗族瑶族傣族自治县',',2579,2670,',2670),
	(2682,'2017-06-16 00:48:30','2017-06-16 00:48:30',0,12,'云南省红河哈尼族彝族自治州绿春县',2,'绿春县',',2579,2670,',2670),
	(2683,'2017-06-16 00:48:31','2017-06-16 00:48:31',0,13,'云南省红河哈尼族彝族自治州河口瑶族自治县',2,'河口瑶族自治县',',2579,2670,',2670),
	(2684,'2017-06-16 00:48:32','2017-06-16 00:48:32',0,11,'云南省文山壮族苗族自治州',1,'文山壮族苗族自治州',',2579,',2579),
	(2685,'2017-06-16 00:48:33','2017-06-16 00:48:33',0,1,'云南省文山壮族苗族自治州文山市',2,'文山市',',2579,2684,',2684),
	(2686,'2017-06-16 00:48:34','2017-06-16 00:48:34',0,2,'云南省文山壮族苗族自治州砚山县',2,'砚山县',',2579,2684,',2684),
	(2687,'2017-06-16 00:48:35','2017-06-16 00:48:35',0,3,'云南省文山壮族苗族自治州西畴县',2,'西畴县',',2579,2684,',2684),
	(2688,'2017-06-16 00:48:36','2017-06-16 00:48:36',0,4,'云南省文山壮族苗族自治州麻栗坡县',2,'麻栗坡县',',2579,2684,',2684),
	(2689,'2017-06-16 00:48:37','2017-06-16 00:48:37',0,5,'云南省文山壮族苗族自治州马关县',2,'马关县',',2579,2684,',2684),
	(2690,'2017-06-16 00:48:38','2017-06-16 00:48:38',0,6,'云南省文山壮族苗族自治州丘北县',2,'丘北县',',2579,2684,',2684),
	(2691,'2017-06-16 00:48:39','2017-06-16 00:48:39',0,7,'云南省文山壮族苗族自治州广南县',2,'广南县',',2579,2684,',2684),
	(2692,'2017-06-16 00:48:40','2017-06-16 00:48:40',0,8,'云南省文山壮族苗族自治州富宁县',2,'富宁县',',2579,2684,',2684),
	(2693,'2017-06-16 00:48:41','2017-06-16 00:48:41',0,12,'云南省西双版纳傣族自治州',1,'西双版纳傣族自治州',',2579,',2579),
	(2694,'2017-06-16 00:48:42','2017-06-16 00:48:42',0,1,'云南省西双版纳傣族自治州景洪市',2,'景洪市',',2579,2693,',2693),
	(2695,'2017-06-16 00:48:43','2017-06-16 00:48:43',0,2,'云南省西双版纳傣族自治州勐海县',2,'勐海县',',2579,2693,',2693),
	(2696,'2017-06-16 00:48:44','2017-06-16 00:48:44',0,3,'云南省西双版纳傣族自治州勐腊县',2,'勐腊县',',2579,2693,',2693),
	(2697,'2017-06-16 00:48:45','2017-06-16 00:48:45',0,13,'云南省大理白族自治州',1,'大理白族自治州',',2579,',2579),
	(2698,'2017-06-16 00:48:46','2017-06-16 00:48:46',0,1,'云南省大理白族自治州大理市',2,'大理市',',2579,2697,',2697),
	(2699,'2017-06-16 00:48:47','2017-06-16 00:48:47',0,2,'云南省大理白族自治州漾濞彝族自治县',2,'漾濞彝族自治县',',2579,2697,',2697),
	(2700,'2017-06-16 00:48:48','2017-06-16 00:48:48',0,3,'云南省大理白族自治州祥云县',2,'祥云县',',2579,2697,',2697),
	(2701,'2017-06-16 00:48:49','2017-06-16 00:48:49',0,4,'云南省大理白族自治州宾川县',2,'宾川县',',2579,2697,',2697),
	(2702,'2017-06-16 00:48:50','2017-06-16 00:48:50',0,5,'云南省大理白族自治州弥渡县',2,'弥渡县',',2579,2697,',2697),
	(2703,'2017-06-16 00:48:51','2017-06-16 00:48:51',0,6,'云南省大理白族自治州南涧彝族自治县',2,'南涧彝族自治县',',2579,2697,',2697),
	(2704,'2017-06-16 00:48:52','2017-06-16 00:48:52',0,7,'云南省大理白族自治州巍山彝族回族自治县',2,'巍山彝族回族自治县',',2579,2697,',2697),
	(2705,'2017-06-16 00:48:53','2017-06-16 00:48:53',0,8,'云南省大理白族自治州永平县',2,'永平县',',2579,2697,',2697);

INSERT INTO `area` (`id`, `created_date`, `last_modified_date`, `version`, `orders`, `full_name`, `grade`, `name`, `tree_path`, `parent_id`)
VALUES
	(2706,'2017-06-16 00:48:54','2017-06-16 00:48:54',0,9,'云南省大理白族自治州云龙县',2,'云龙县',',2579,2697,',2697),
	(2707,'2017-06-16 00:48:55','2017-06-16 00:48:55',0,10,'云南省大理白族自治州洱源县',2,'洱源县',',2579,2697,',2697),
	(2708,'2017-06-16 00:48:56','2017-06-16 00:48:56',0,11,'云南省大理白族自治州剑川县',2,'剑川县',',2579,2697,',2697),
	(2709,'2017-06-16 00:48:57','2017-06-16 00:48:57',0,12,'云南省大理白族自治州鹤庆县',2,'鹤庆县',',2579,2697,',2697),
	(2710,'2017-06-16 00:48:58','2017-06-16 00:48:58',0,14,'云南省德宏傣族景颇族自治州',1,'德宏傣族景颇族自治州',',2579,',2579),
	(2711,'2017-06-16 00:48:59','2017-06-16 00:48:59',0,1,'云南省德宏傣族景颇族自治州瑞丽市',2,'瑞丽市',',2579,2710,',2710),
	(2712,'2017-06-16 00:49:00','2017-06-16 00:49:00',0,2,'云南省德宏傣族景颇族自治州芒市',2,'芒市',',2579,2710,',2710),
	(2713,'2017-06-16 00:49:01','2017-06-16 00:49:01',0,3,'云南省德宏傣族景颇族自治州梁河县',2,'梁河县',',2579,2710,',2710),
	(2714,'2017-06-16 00:49:02','2017-06-16 00:49:02',0,4,'云南省德宏傣族景颇族自治州盈江县',2,'盈江县',',2579,2710,',2710),
	(2715,'2017-06-16 00:49:03','2017-06-16 00:49:03',0,5,'云南省德宏傣族景颇族自治州陇川县',2,'陇川县',',2579,2710,',2710),
	(2716,'2017-06-16 00:49:04','2017-06-16 00:49:04',0,15,'云南省怒江傈僳族自治州',1,'怒江傈僳族自治州',',2579,',2579),
	(2717,'2017-06-16 00:49:05','2017-06-16 00:49:05',0,1,'云南省怒江傈僳族自治州泸水县',2,'泸水县',',2579,2716,',2716),
	(2718,'2017-06-16 00:49:06','2017-06-16 00:49:06',0,2,'云南省怒江傈僳族自治州福贡县',2,'福贡县',',2579,2716,',2716),
	(2719,'2017-06-16 00:49:07','2017-06-16 00:49:07',0,3,'云南省怒江傈僳族自治州贡山独龙族怒族自治县',2,'贡山独龙族怒族自治县',',2579,2716,',2716),
	(2720,'2017-06-16 00:49:08','2017-06-16 00:49:08',0,4,'云南省怒江傈僳族自治州兰坪白族普米族自治县',2,'兰坪白族普米族自治县',',2579,2716,',2716),
	(2721,'2017-06-16 00:49:09','2017-06-16 00:49:09',0,16,'云南省迪庆藏族自治州',1,'迪庆藏族自治州',',2579,',2579),
	(2722,'2017-06-16 00:49:10','2017-06-16 00:49:10',0,1,'云南省迪庆藏族自治州香格里拉县',2,'香格里拉县',',2579,2721,',2721),
	(2723,'2017-06-16 00:49:11','2017-06-16 00:49:11',0,2,'云南省迪庆藏族自治州德钦县',2,'德钦县',',2579,2721,',2721),
	(2724,'2017-06-16 00:49:12','2017-06-16 00:49:12',0,3,'云南省迪庆藏族自治州维西傈僳族自治县',2,'维西傈僳族自治县',',2579,2721,',2721),
	(2725,'2017-06-16 00:49:13','2017-06-16 00:49:13',0,26,'西藏自治区',0,'西藏自治区',',',NULL),
	(2726,'2017-06-16 00:49:14','2017-06-16 00:49:14',0,1,'西藏自治区拉萨市',1,'拉萨市',',2725,',2725),
	(2727,'2017-06-16 00:49:15','2017-06-16 00:49:15',0,1,'西藏自治区拉萨市城关区',2,'城关区',',2725,2726,',2726),
	(2728,'2017-06-16 00:49:16','2017-06-16 00:49:16',0,2,'西藏自治区拉萨市林周县',2,'林周县',',2725,2726,',2726),
	(2729,'2017-06-16 00:49:17','2017-06-16 00:49:17',0,3,'西藏自治区拉萨市当雄县',2,'当雄县',',2725,2726,',2726),
	(2730,'2017-06-16 00:49:18','2017-06-16 00:49:18',0,4,'西藏自治区拉萨市尼木县',2,'尼木县',',2725,2726,',2726),
	(2731,'2017-06-16 00:49:19','2017-06-16 00:49:19',0,5,'西藏自治区拉萨市曲水县',2,'曲水县',',2725,2726,',2726),
	(2732,'2017-06-16 00:49:20','2017-06-16 00:49:20',0,6,'西藏自治区拉萨市堆龙德庆县',2,'堆龙德庆县',',2725,2726,',2726),
	(2733,'2017-06-16 00:49:21','2017-06-16 00:49:21',0,7,'西藏自治区拉萨市达孜县',2,'达孜县',',2725,2726,',2726),
	(2734,'2017-06-16 00:49:22','2017-06-16 00:49:22',0,8,'西藏自治区拉萨市墨竹工卡县',2,'墨竹工卡县',',2725,2726,',2726),
	(2735,'2017-06-16 00:49:23','2017-06-16 00:49:23',0,2,'西藏自治区昌都地区',1,'昌都地区',',2725,',2725),
	(2736,'2017-06-16 00:49:24','2017-06-16 00:49:24',0,1,'西藏自治区昌都地区昌都县',2,'昌都县',',2725,2735,',2735),
	(2737,'2017-06-16 00:49:25','2017-06-16 00:49:25',0,2,'西藏自治区昌都地区江达县',2,'江达县',',2725,2735,',2735),
	(2738,'2017-06-16 00:49:26','2017-06-16 00:49:26',0,3,'西藏自治区昌都地区贡觉县',2,'贡觉县',',2725,2735,',2735),
	(2739,'2017-06-16 00:49:27','2017-06-16 00:49:27',0,4,'西藏自治区昌都地区类乌齐县',2,'类乌齐县',',2725,2735,',2735),
	(2740,'2017-06-16 00:49:28','2017-06-16 00:49:28',0,5,'西藏自治区昌都地区丁青县',2,'丁青县',',2725,2735,',2735),
	(2741,'2017-06-16 00:49:29','2017-06-16 00:49:29',0,6,'西藏自治区昌都地区察雅县',2,'察雅县',',2725,2735,',2735),
	(2742,'2017-06-16 00:49:30','2017-06-16 00:49:30',0,7,'西藏自治区昌都地区八宿县',2,'八宿县',',2725,2735,',2735),
	(2743,'2017-06-16 00:49:31','2017-06-16 00:49:31',0,8,'西藏自治区昌都地区左贡县',2,'左贡县',',2725,2735,',2735),
	(2744,'2017-06-16 00:49:32','2017-06-16 00:49:32',0,9,'西藏自治区昌都地区芒康县',2,'芒康县',',2725,2735,',2735),
	(2745,'2017-06-16 00:49:33','2017-06-16 00:49:33',0,10,'西藏自治区昌都地区洛隆县',2,'洛隆县',',2725,2735,',2735),
	(2746,'2017-06-16 00:49:34','2017-06-16 00:49:34',0,11,'西藏自治区昌都地区边坝县',2,'边坝县',',2725,2735,',2735),
	(2747,'2017-06-16 00:49:35','2017-06-16 00:49:35',0,3,'西藏自治区山南地区',1,'山南地区',',2725,',2725),
	(2748,'2017-06-16 00:49:36','2017-06-16 00:49:36',0,1,'西藏自治区山南地区乃东县',2,'乃东县',',2725,2747,',2747),
	(2749,'2017-06-16 00:49:37','2017-06-16 00:49:37',0,2,'西藏自治区山南地区扎囊县',2,'扎囊县',',2725,2747,',2747),
	(2750,'2017-06-16 00:49:38','2017-06-16 00:49:38',0,3,'西藏自治区山南地区贡嘎县',2,'贡嘎县',',2725,2747,',2747),
	(2751,'2017-06-16 00:49:39','2017-06-16 00:49:39',0,4,'西藏自治区山南地区桑日县',2,'桑日县',',2725,2747,',2747),
	(2752,'2017-06-16 00:49:40','2017-06-16 00:49:40',0,5,'西藏自治区山南地区琼结县',2,'琼结县',',2725,2747,',2747),
	(2753,'2017-06-16 00:49:41','2017-06-16 00:49:41',0,6,'西藏自治区山南地区曲松县',2,'曲松县',',2725,2747,',2747),
	(2754,'2017-06-16 00:49:42','2017-06-16 00:49:42',0,7,'西藏自治区山南地区措美县',2,'措美县',',2725,2747,',2747),
	(2755,'2017-06-16 00:49:43','2017-06-16 00:49:43',0,8,'西藏自治区山南地区洛扎县',2,'洛扎县',',2725,2747,',2747),
	(2756,'2017-06-16 00:49:44','2017-06-16 00:49:44',0,9,'西藏自治区山南地区加查县',2,'加查县',',2725,2747,',2747),
	(2757,'2017-06-16 00:49:45','2017-06-16 00:49:45',0,10,'西藏自治区山南地区隆子县',2,'隆子县',',2725,2747,',2747),
	(2758,'2017-06-16 00:49:46','2017-06-16 00:49:46',0,11,'西藏自治区山南地区错那县',2,'错那县',',2725,2747,',2747),
	(2759,'2017-06-16 00:49:47','2017-06-16 00:49:47',0,12,'西藏自治区山南地区浪卡子县',2,'浪卡子县',',2725,2747,',2747),
	(2760,'2017-06-16 00:49:48','2017-06-16 00:49:48',0,4,'西藏自治区日喀则地区',1,'日喀则地区',',2725,',2725),
	(2761,'2017-06-16 00:49:49','2017-06-16 00:49:49',0,1,'西藏自治区日喀则地区日喀则市',2,'日喀则市',',2725,2760,',2760),
	(2762,'2017-06-16 00:49:50','2017-06-16 00:49:50',0,2,'西藏自治区日喀则地区南木林县',2,'南木林县',',2725,2760,',2760),
	(2763,'2017-06-16 00:49:51','2017-06-16 00:49:51',0,3,'西藏自治区日喀则地区江孜县',2,'江孜县',',2725,2760,',2760),
	(2764,'2017-06-16 00:49:52','2017-06-16 00:49:52',0,4,'西藏自治区日喀则地区定日县',2,'定日县',',2725,2760,',2760),
	(2765,'2017-06-16 00:49:53','2017-06-16 00:49:53',0,5,'西藏自治区日喀则地区萨迦县',2,'萨迦县',',2725,2760,',2760),
	(2766,'2017-06-16 00:49:54','2017-06-16 00:49:54',0,6,'西藏自治区日喀则地区拉孜县',2,'拉孜县',',2725,2760,',2760),
	(2767,'2017-06-16 00:49:55','2017-06-16 00:49:55',0,7,'西藏自治区日喀则地区昂仁县',2,'昂仁县',',2725,2760,',2760),
	(2768,'2017-06-16 00:49:56','2017-06-16 00:49:56',0,8,'西藏自治区日喀则地区谢通门县',2,'谢通门县',',2725,2760,',2760),
	(2769,'2017-06-16 00:49:57','2017-06-16 00:49:57',0,9,'西藏自治区日喀则地区白朗县',2,'白朗县',',2725,2760,',2760),
	(2770,'2017-06-16 00:49:58','2017-06-16 00:49:58',0,10,'西藏自治区日喀则地区仁布县',2,'仁布县',',2725,2760,',2760),
	(2771,'2017-06-16 00:49:59','2017-06-16 00:49:59',0,11,'西藏自治区日喀则地区康马县',2,'康马县',',2725,2760,',2760),
	(2772,'2017-06-16 00:50:00','2017-06-16 00:50:00',0,12,'西藏自治区日喀则地区定结县',2,'定结县',',2725,2760,',2760),
	(2773,'2017-06-16 00:50:01','2017-06-16 00:50:01',0,13,'西藏自治区日喀则地区仲巴县',2,'仲巴县',',2725,2760,',2760),
	(2774,'2017-06-16 00:50:02','2017-06-16 00:50:02',0,14,'西藏自治区日喀则地区亚东县',2,'亚东县',',2725,2760,',2760),
	(2775,'2017-06-16 00:50:03','2017-06-16 00:50:03',0,15,'西藏自治区日喀则地区吉隆县',2,'吉隆县',',2725,2760,',2760),
	(2776,'2017-06-16 00:50:04','2017-06-16 00:50:04',0,16,'西藏自治区日喀则地区聂拉木县',2,'聂拉木县',',2725,2760,',2760),
	(2777,'2017-06-16 00:50:05','2017-06-16 00:50:05',0,17,'西藏自治区日喀则地区萨嘎县',2,'萨嘎县',',2725,2760,',2760),
	(2778,'2017-06-16 00:50:06','2017-06-16 00:50:06',0,18,'西藏自治区日喀则地区岗巴县',2,'岗巴县',',2725,2760,',2760),
	(2779,'2017-06-16 00:50:07','2017-06-16 00:50:07',0,5,'西藏自治区那曲地区',1,'那曲地区',',2725,',2725),
	(2780,'2017-06-16 00:50:08','2017-06-16 00:50:08',0,1,'西藏自治区那曲地区那曲县',2,'那曲县',',2725,2779,',2779),
	(2781,'2017-06-16 00:50:09','2017-06-16 00:50:09',0,2,'西藏自治区那曲地区嘉黎县',2,'嘉黎县',',2725,2779,',2779),
	(2782,'2017-06-16 00:50:10','2017-06-16 00:50:10',0,3,'西藏自治区那曲地区比如县',2,'比如县',',2725,2779,',2779),
	(2783,'2017-06-16 00:50:11','2017-06-16 00:50:11',0,4,'西藏自治区那曲地区聂荣县',2,'聂荣县',',2725,2779,',2779),
	(2784,'2017-06-16 00:50:12','2017-06-16 00:50:12',0,5,'西藏自治区那曲地区安多县',2,'安多县',',2725,2779,',2779),
	(2785,'2017-06-16 00:50:13','2017-06-16 00:50:13',0,6,'西藏自治区那曲地区申扎县',2,'申扎县',',2725,2779,',2779),
	(2786,'2017-06-16 00:50:14','2017-06-16 00:50:14',0,7,'西藏自治区那曲地区索县',2,'索县',',2725,2779,',2779),
	(2787,'2017-06-16 00:50:15','2017-06-16 00:50:15',0,8,'西藏自治区那曲地区班戈县',2,'班戈县',',2725,2779,',2779),
	(2788,'2017-06-16 00:50:16','2017-06-16 00:50:16',0,9,'西藏自治区那曲地区巴青县',2,'巴青县',',2725,2779,',2779),
	(2789,'2017-06-16 00:50:17','2017-06-16 00:50:17',0,10,'西藏自治区那曲地区尼玛县',2,'尼玛县',',2725,2779,',2779),
	(2790,'2017-06-16 00:50:18','2017-06-16 00:50:18',0,11,'西藏自治区那曲地区双湖县',2,'双湖县',',2725,2779,',2779),
	(2791,'2017-06-16 00:50:19','2017-06-16 00:50:19',0,6,'西藏自治区阿里地区',1,'阿里地区',',2725,',2725),
	(2792,'2017-06-16 00:50:20','2017-06-16 00:50:20',0,1,'西藏自治区阿里地区普兰县',2,'普兰县',',2725,2791,',2791),
	(2793,'2017-06-16 00:50:21','2017-06-16 00:50:21',0,2,'西藏自治区阿里地区札达县',2,'札达县',',2725,2791,',2791),
	(2794,'2017-06-16 00:50:22','2017-06-16 00:50:22',0,3,'西藏自治区阿里地区噶尔县',2,'噶尔县',',2725,2791,',2791),
	(2795,'2017-06-16 00:50:23','2017-06-16 00:50:23',0,4,'西藏自治区阿里地区日土县',2,'日土县',',2725,2791,',2791),
	(2796,'2017-06-16 00:50:24','2017-06-16 00:50:24',0,5,'西藏自治区阿里地区革吉县',2,'革吉县',',2725,2791,',2791),
	(2797,'2017-06-16 00:50:25','2017-06-16 00:50:25',0,6,'西藏自治区阿里地区改则县',2,'改则县',',2725,2791,',2791),
	(2798,'2017-06-16 00:50:26','2017-06-16 00:50:26',0,7,'西藏自治区阿里地区措勤县',2,'措勤县',',2725,2791,',2791),
	(2799,'2017-06-16 00:50:27','2017-06-16 00:50:27',0,7,'西藏自治区林芝地区',1,'林芝地区',',2725,',2725),
	(2800,'2017-06-16 00:50:28','2017-06-16 00:50:28',0,1,'西藏自治区林芝地区林芝县',2,'林芝县',',2725,2799,',2799),
	(2801,'2017-06-16 00:50:29','2017-06-16 00:50:29',0,2,'西藏自治区林芝地区工布江达县',2,'工布江达县',',2725,2799,',2799),
	(2802,'2017-06-16 00:50:30','2017-06-16 00:50:30',0,3,'西藏自治区林芝地区米林县',2,'米林县',',2725,2799,',2799),
	(2803,'2017-06-16 00:50:31','2017-06-16 00:50:31',0,4,'西藏自治区林芝地区墨脱县',2,'墨脱县',',2725,2799,',2799),
	(2804,'2017-06-16 00:50:32','2017-06-16 00:50:32',0,5,'西藏自治区林芝地区波密县',2,'波密县',',2725,2799,',2799),
	(2805,'2017-06-16 00:50:33','2017-06-16 00:50:33',0,6,'西藏自治区林芝地区察隅县',2,'察隅县',',2725,2799,',2799),
	(2806,'2017-06-16 00:50:34','2017-06-16 00:50:34',0,7,'西藏自治区林芝地区朗县',2,'朗县',',2725,2799,',2799),
	(2807,'2017-06-16 00:50:35','2017-06-16 00:50:35',0,27,'陕西省',0,'陕西省',',',NULL),
	(2808,'2017-06-16 00:50:36','2017-06-16 00:50:36',0,1,'陕西省西安市',1,'西安市',',2807,',2807),
	(2809,'2017-06-16 00:50:37','2017-06-16 00:50:37',0,1,'陕西省西安市新城区',2,'新城区',',2807,2808,',2808),
	(2810,'2017-06-16 00:50:38','2017-06-16 00:50:38',0,2,'陕西省西安市碑林区',2,'碑林区',',2807,2808,',2808),
	(2811,'2017-06-16 00:50:39','2017-06-16 00:50:39',0,3,'陕西省西安市莲湖区',2,'莲湖区',',2807,2808,',2808),
	(2812,'2017-06-16 00:50:40','2017-06-16 00:50:40',0,4,'陕西省西安市灞桥区',2,'灞桥区',',2807,2808,',2808),
	(2813,'2017-06-16 00:50:41','2017-06-16 00:50:41',0,5,'陕西省西安市未央区',2,'未央区',',2807,2808,',2808),
	(2814,'2017-06-16 00:50:42','2017-06-16 00:50:42',0,6,'陕西省西安市雁塔区',2,'雁塔区',',2807,2808,',2808),
	(2815,'2017-06-16 00:50:43','2017-06-16 00:50:43',0,7,'陕西省西安市阎良区',2,'阎良区',',2807,2808,',2808),
	(2816,'2017-06-16 00:50:44','2017-06-16 00:50:44',0,8,'陕西省西安市临潼区',2,'临潼区',',2807,2808,',2808),
	(2817,'2017-06-16 00:50:45','2017-06-16 00:50:45',0,9,'陕西省西安市长安区',2,'长安区',',2807,2808,',2808),
	(2818,'2017-06-16 00:50:46','2017-06-16 00:50:46',0,10,'陕西省西安市蓝田县',2,'蓝田县',',2807,2808,',2808),
	(2819,'2017-06-16 00:50:47','2017-06-16 00:50:47',0,11,'陕西省西安市周至县',2,'周至县',',2807,2808,',2808),
	(2820,'2017-06-16 00:50:48','2017-06-16 00:50:48',0,12,'陕西省西安市户县',2,'户县',',2807,2808,',2808),
	(2821,'2017-06-16 00:50:49','2017-06-16 00:50:49',0,13,'陕西省西安市高陵县',2,'高陵县',',2807,2808,',2808),
	(2822,'2017-06-16 00:50:50','2017-06-16 00:50:50',0,2,'陕西省铜川市',1,'铜川市',',2807,',2807),
	(2823,'2017-06-16 00:50:51','2017-06-16 00:50:51',0,1,'陕西省铜川市王益区',2,'王益区',',2807,2822,',2822),
	(2824,'2017-06-16 00:50:52','2017-06-16 00:50:52',0,2,'陕西省铜川市印台区',2,'印台区',',2807,2822,',2822),
	(2825,'2017-06-16 00:50:53','2017-06-16 00:50:53',0,3,'陕西省铜川市耀州区',2,'耀州区',',2807,2822,',2822),
	(2826,'2017-06-16 00:50:54','2017-06-16 00:50:54',0,4,'陕西省铜川市宜君县',2,'宜君县',',2807,2822,',2822),
	(2827,'2017-06-16 00:50:55','2017-06-16 00:50:55',0,3,'陕西省宝鸡市',1,'宝鸡市',',2807,',2807),
	(2828,'2017-06-16 00:50:56','2017-06-16 00:50:56',0,1,'陕西省宝鸡市渭滨区',2,'渭滨区',',2807,2827,',2827),
	(2829,'2017-06-16 00:50:57','2017-06-16 00:50:57',0,2,'陕西省宝鸡市金台区',2,'金台区',',2807,2827,',2827),
	(2830,'2017-06-16 00:50:58','2017-06-16 00:50:58',0,3,'陕西省宝鸡市陈仓区',2,'陈仓区',',2807,2827,',2827),
	(2831,'2017-06-16 00:50:59','2017-06-16 00:50:59',0,4,'陕西省宝鸡市凤翔县',2,'凤翔县',',2807,2827,',2827),
	(2832,'2017-06-16 00:51:00','2017-06-16 00:51:00',0,5,'陕西省宝鸡市岐山县',2,'岐山县',',2807,2827,',2827),
	(2833,'2017-06-16 00:51:01','2017-06-16 00:51:01',0,6,'陕西省宝鸡市扶风县',2,'扶风县',',2807,2827,',2827),
	(2834,'2017-06-16 00:51:02','2017-06-16 00:51:02',0,7,'陕西省宝鸡市眉县',2,'眉县',',2807,2827,',2827),
	(2835,'2017-06-16 00:51:03','2017-06-16 00:51:03',0,8,'陕西省宝鸡市陇县',2,'陇县',',2807,2827,',2827),
	(2836,'2017-06-16 00:51:04','2017-06-16 00:51:04',0,9,'陕西省宝鸡市千阳县',2,'千阳县',',2807,2827,',2827),
	(2837,'2017-06-16 00:51:05','2017-06-16 00:51:05',0,10,'陕西省宝鸡市麟游县',2,'麟游县',',2807,2827,',2827),
	(2838,'2017-06-16 00:51:06','2017-06-16 00:51:06',0,11,'陕西省宝鸡市凤县',2,'凤县',',2807,2827,',2827),
	(2839,'2017-06-16 00:51:07','2017-06-16 00:51:07',0,12,'陕西省宝鸡市太白县',2,'太白县',',2807,2827,',2827),
	(2840,'2017-06-16 00:51:08','2017-06-16 00:51:08',0,4,'陕西省咸阳市',1,'咸阳市',',2807,',2807),
	(2841,'2017-06-16 00:51:09','2017-06-16 00:51:09',0,1,'陕西省咸阳市秦都区',2,'秦都区',',2807,2840,',2840),
	(2842,'2017-06-16 00:51:10','2017-06-16 00:51:10',0,2,'陕西省咸阳市杨陵区',2,'杨陵区',',2807,2840,',2840),
	(2843,'2017-06-16 00:51:11','2017-06-16 00:51:11',0,3,'陕西省咸阳市渭城区',2,'渭城区',',2807,2840,',2840),
	(2844,'2017-06-16 00:51:12','2017-06-16 00:51:12',0,4,'陕西省咸阳市三原县',2,'三原县',',2807,2840,',2840),
	(2845,'2017-06-16 00:51:13','2017-06-16 00:51:13',0,5,'陕西省咸阳市泾阳县',2,'泾阳县',',2807,2840,',2840),
	(2846,'2017-06-16 00:51:14','2017-06-16 00:51:14',0,6,'陕西省咸阳市乾县',2,'乾县',',2807,2840,',2840),
	(2847,'2017-06-16 00:51:15','2017-06-16 00:51:15',0,7,'陕西省咸阳市礼泉县',2,'礼泉县',',2807,2840,',2840),
	(2848,'2017-06-16 00:51:16','2017-06-16 00:51:16',0,8,'陕西省咸阳市永寿县',2,'永寿县',',2807,2840,',2840),
	(2849,'2017-06-16 00:51:17','2017-06-16 00:51:17',0,9,'陕西省咸阳市彬县',2,'彬县',',2807,2840,',2840),
	(2850,'2017-06-16 00:51:18','2017-06-16 00:51:18',0,10,'陕西省咸阳市长武县',2,'长武县',',2807,2840,',2840),
	(2851,'2017-06-16 00:51:19','2017-06-16 00:51:19',0,11,'陕西省咸阳市旬邑县',2,'旬邑县',',2807,2840,',2840),
	(2852,'2017-06-16 00:51:20','2017-06-16 00:51:20',0,12,'陕西省咸阳市淳化县',2,'淳化县',',2807,2840,',2840),
	(2853,'2017-06-16 00:51:21','2017-06-16 00:51:21',0,13,'陕西省咸阳市武功县',2,'武功县',',2807,2840,',2840),
	(2854,'2017-06-16 00:51:22','2017-06-16 00:51:22',0,14,'陕西省咸阳市兴平市',2,'兴平市',',2807,2840,',2840),
	(2855,'2017-06-16 00:51:23','2017-06-16 00:51:23',0,5,'陕西省渭南市',1,'渭南市',',2807,',2807),
	(2856,'2017-06-16 00:51:24','2017-06-16 00:51:24',0,1,'陕西省渭南市临渭区',2,'临渭区',',2807,2855,',2855),
	(2857,'2017-06-16 00:51:25','2017-06-16 00:51:25',0,2,'陕西省渭南市华县',2,'华县',',2807,2855,',2855),
	(2858,'2017-06-16 00:51:26','2017-06-16 00:51:26',0,3,'陕西省渭南市潼关县',2,'潼关县',',2807,2855,',2855),
	(2859,'2017-06-16 00:51:27','2017-06-16 00:51:27',0,4,'陕西省渭南市大荔县',2,'大荔县',',2807,2855,',2855),
	(2860,'2017-06-16 00:51:28','2017-06-16 00:51:28',0,5,'陕西省渭南市合阳县',2,'合阳县',',2807,2855,',2855),
	(2861,'2017-06-16 00:51:29','2017-06-16 00:51:29',0,6,'陕西省渭南市澄城县',2,'澄城县',',2807,2855,',2855),
	(2862,'2017-06-16 00:51:30','2017-06-16 00:51:30',0,7,'陕西省渭南市蒲城县',2,'蒲城县',',2807,2855,',2855),
	(2863,'2017-06-16 00:51:31','2017-06-16 00:51:31',0,8,'陕西省渭南市白水县',2,'白水县',',2807,2855,',2855),
	(2864,'2017-06-16 00:51:32','2017-06-16 00:51:32',0,9,'陕西省渭南市富平县',2,'富平县',',2807,2855,',2855),
	(2865,'2017-06-16 00:51:33','2017-06-16 00:51:33',0,10,'陕西省渭南市韩城市',2,'韩城市',',2807,2855,',2855),
	(2866,'2017-06-16 00:51:34','2017-06-16 00:51:34',0,11,'陕西省渭南市华阴市',2,'华阴市',',2807,2855,',2855),
	(2867,'2017-06-16 00:51:35','2017-06-16 00:51:35',0,6,'陕西省延安市',1,'延安市',',2807,',2807),
	(2868,'2017-06-16 00:51:36','2017-06-16 00:51:36',0,1,'陕西省延安市宝塔区',2,'宝塔区',',2807,2867,',2867),
	(2869,'2017-06-16 00:51:37','2017-06-16 00:51:37',0,2,'陕西省延安市延长县',2,'延长县',',2807,2867,',2867),
	(2870,'2017-06-16 00:51:38','2017-06-16 00:51:38',0,3,'陕西省延安市延川县',2,'延川县',',2807,2867,',2867),
	(2871,'2017-06-16 00:51:39','2017-06-16 00:51:39',0,4,'陕西省延安市子长县',2,'子长县',',2807,2867,',2867),
	(2872,'2017-06-16 00:51:40','2017-06-16 00:51:40',0,5,'陕西省延安市安塞县',2,'安塞县',',2807,2867,',2867),
	(2873,'2017-06-16 00:51:41','2017-06-16 00:51:41',0,6,'陕西省延安市志丹县',2,'志丹县',',2807,2867,',2867),
	(2874,'2017-06-16 00:51:42','2017-06-16 00:51:42',0,7,'陕西省延安市吴起县',2,'吴起县',',2807,2867,',2867),
	(2875,'2017-06-16 00:51:43','2017-06-16 00:51:43',0,8,'陕西省延安市甘泉县',2,'甘泉县',',2807,2867,',2867),
	(2876,'2017-06-16 00:51:44','2017-06-16 00:51:44',0,9,'陕西省延安市富县',2,'富县',',2807,2867,',2867),
	(2877,'2017-06-16 00:51:45','2017-06-16 00:51:45',0,10,'陕西省延安市洛川县',2,'洛川县',',2807,2867,',2867),
	(2878,'2017-06-16 00:51:46','2017-06-16 00:51:46',0,11,'陕西省延安市宜川县',2,'宜川县',',2807,2867,',2867),
	(2879,'2017-06-16 00:51:47','2017-06-16 00:51:47',0,12,'陕西省延安市黄龙县',2,'黄龙县',',2807,2867,',2867),
	(2880,'2017-06-16 00:51:48','2017-06-16 00:51:48',0,13,'陕西省延安市黄陵县',2,'黄陵县',',2807,2867,',2867),
	(2881,'2017-06-16 00:51:49','2017-06-16 00:51:49',0,7,'陕西省汉中市',1,'汉中市',',2807,',2807),
	(2882,'2017-06-16 00:51:50','2017-06-16 00:51:50',0,1,'陕西省汉中市汉台区',2,'汉台区',',2807,2881,',2881),
	(2883,'2017-06-16 00:51:51','2017-06-16 00:51:51',0,2,'陕西省汉中市南郑县',2,'南郑县',',2807,2881,',2881),
	(2884,'2017-06-16 00:51:52','2017-06-16 00:51:52',0,3,'陕西省汉中市城固县',2,'城固县',',2807,2881,',2881),
	(2885,'2017-06-16 00:51:53','2017-06-16 00:51:53',0,4,'陕西省汉中市洋县',2,'洋县',',2807,2881,',2881),
	(2886,'2017-06-16 00:51:54','2017-06-16 00:51:54',0,5,'陕西省汉中市西乡县',2,'西乡县',',2807,2881,',2881),
	(2887,'2017-06-16 00:51:55','2017-06-16 00:51:55',0,6,'陕西省汉中市勉县',2,'勉县',',2807,2881,',2881),
	(2888,'2017-06-16 00:51:56','2017-06-16 00:51:56',0,7,'陕西省汉中市宁强县',2,'宁强县',',2807,2881,',2881),
	(2889,'2017-06-16 00:51:57','2017-06-16 00:51:57',0,8,'陕西省汉中市略阳县',2,'略阳县',',2807,2881,',2881),
	(2890,'2017-06-16 00:51:58','2017-06-16 00:51:58',0,9,'陕西省汉中市镇巴县',2,'镇巴县',',2807,2881,',2881),
	(2891,'2017-06-16 00:51:59','2017-06-16 00:51:59',0,10,'陕西省汉中市留坝县',2,'留坝县',',2807,2881,',2881),
	(2892,'2017-06-16 00:52:00','2017-06-16 00:52:00',0,11,'陕西省汉中市佛坪县',2,'佛坪县',',2807,2881,',2881),
	(2893,'2017-06-16 00:52:01','2017-06-16 00:52:01',0,8,'陕西省榆林市',1,'榆林市',',2807,',2807),
	(2894,'2017-06-16 00:52:02','2017-06-16 00:52:02',0,1,'陕西省榆林市榆阳区',2,'榆阳区',',2807,2893,',2893),
	(2895,'2017-06-16 00:52:03','2017-06-16 00:52:03',0,2,'陕西省榆林市神木县',2,'神木县',',2807,2893,',2893),
	(2896,'2017-06-16 00:52:04','2017-06-16 00:52:04',0,3,'陕西省榆林市府谷县',2,'府谷县',',2807,2893,',2893),
	(2897,'2017-06-16 00:52:05','2017-06-16 00:52:05',0,4,'陕西省榆林市横山县',2,'横山县',',2807,2893,',2893),
	(2898,'2017-06-16 00:52:06','2017-06-16 00:52:06',0,5,'陕西省榆林市靖边县',2,'靖边县',',2807,2893,',2893),
	(2899,'2017-06-16 00:52:07','2017-06-16 00:52:07',0,6,'陕西省榆林市定边县',2,'定边县',',2807,2893,',2893),
	(2900,'2017-06-16 00:52:08','2017-06-16 00:52:08',0,7,'陕西省榆林市绥德县',2,'绥德县',',2807,2893,',2893),
	(2901,'2017-06-16 00:52:09','2017-06-16 00:52:09',0,8,'陕西省榆林市米脂县',2,'米脂县',',2807,2893,',2893),
	(2902,'2017-06-16 00:52:10','2017-06-16 00:52:10',0,9,'陕西省榆林市佳县',2,'佳县',',2807,2893,',2893),
	(2903,'2017-06-16 00:52:11','2017-06-16 00:52:11',0,10,'陕西省榆林市吴堡县',2,'吴堡县',',2807,2893,',2893),
	(2904,'2017-06-16 00:52:12','2017-06-16 00:52:12',0,11,'陕西省榆林市清涧县',2,'清涧县',',2807,2893,',2893),
	(2905,'2017-06-16 00:52:13','2017-06-16 00:52:13',0,12,'陕西省榆林市子洲县',2,'子洲县',',2807,2893,',2893),
	(2906,'2017-06-16 00:52:14','2017-06-16 00:52:14',0,9,'陕西省安康市',1,'安康市',',2807,',2807),
	(2907,'2017-06-16 00:52:15','2017-06-16 00:52:15',0,1,'陕西省安康市汉滨区',2,'汉滨区',',2807,2906,',2906),
	(2908,'2017-06-16 00:52:16','2017-06-16 00:52:16',0,2,'陕西省安康市汉阴县',2,'汉阴县',',2807,2906,',2906),
	(2909,'2017-06-16 00:52:17','2017-06-16 00:52:17',0,3,'陕西省安康市石泉县',2,'石泉县',',2807,2906,',2906),
	(2910,'2017-06-16 00:52:18','2017-06-16 00:52:18',0,4,'陕西省安康市宁陕县',2,'宁陕县',',2807,2906,',2906),
	(2911,'2017-06-16 00:52:19','2017-06-16 00:52:19',0,5,'陕西省安康市紫阳县',2,'紫阳县',',2807,2906,',2906),
	(2912,'2017-06-16 00:52:20','2017-06-16 00:52:20',0,6,'陕西省安康市岚皋县',2,'岚皋县',',2807,2906,',2906),
	(2913,'2017-06-16 00:52:21','2017-06-16 00:52:21',0,7,'陕西省安康市平利县',2,'平利县',',2807,2906,',2906),
	(2914,'2017-06-16 00:52:22','2017-06-16 00:52:22',0,8,'陕西省安康市镇坪县',2,'镇坪县',',2807,2906,',2906),
	(2915,'2017-06-16 00:52:23','2017-06-16 00:52:23',0,9,'陕西省安康市旬阳县',2,'旬阳县',',2807,2906,',2906),
	(2916,'2017-06-16 00:52:24','2017-06-16 00:52:24',0,10,'陕西省安康市白河县',2,'白河县',',2807,2906,',2906),
	(2917,'2017-06-16 00:52:25','2017-06-16 00:52:25',0,10,'陕西省商洛市',1,'商洛市',',2807,',2807),
	(2918,'2017-06-16 00:52:26','2017-06-16 00:52:26',0,1,'陕西省商洛市商州区',2,'商州区',',2807,2917,',2917),
	(2919,'2017-06-16 00:52:27','2017-06-16 00:52:27',0,2,'陕西省商洛市洛南县',2,'洛南县',',2807,2917,',2917),
	(2920,'2017-06-16 00:52:28','2017-06-16 00:52:28',0,3,'陕西省商洛市丹凤县',2,'丹凤县',',2807,2917,',2917),
	(2921,'2017-06-16 00:52:29','2017-06-16 00:52:29',0,4,'陕西省商洛市商南县',2,'商南县',',2807,2917,',2917),
	(2922,'2017-06-16 00:52:30','2017-06-16 00:52:30',0,5,'陕西省商洛市山阳县',2,'山阳县',',2807,2917,',2917),
	(2923,'2017-06-16 00:52:31','2017-06-16 00:52:31',0,6,'陕西省商洛市镇安县',2,'镇安县',',2807,2917,',2917),
	(2924,'2017-06-16 00:52:32','2017-06-16 00:52:32',0,7,'陕西省商洛市柞水县',2,'柞水县',',2807,2917,',2917),
	(2925,'2017-06-16 00:52:33','2017-06-16 00:52:33',0,28,'甘肃省',0,'甘肃省',',',NULL),
	(2926,'2017-06-16 00:52:34','2017-06-16 00:52:34',0,1,'甘肃省兰州市',1,'兰州市',',2925,',2925),
	(2927,'2017-06-16 00:52:35','2017-06-16 00:52:35',0,1,'甘肃省兰州市城关区',2,'城关区',',2925,2926,',2926),
	(2928,'2017-06-16 00:52:36','2017-06-16 00:52:36',0,2,'甘肃省兰州市七里河区',2,'七里河区',',2925,2926,',2926),
	(2929,'2017-06-16 00:52:37','2017-06-16 00:52:37',0,3,'甘肃省兰州市西固区',2,'西固区',',2925,2926,',2926),
	(2930,'2017-06-16 00:52:38','2017-06-16 00:52:38',0,4,'甘肃省兰州市安宁区',2,'安宁区',',2925,2926,',2926),
	(2931,'2017-06-16 00:52:39','2017-06-16 00:52:39',0,5,'甘肃省兰州市红古区',2,'红古区',',2925,2926,',2926),
	(2932,'2017-06-16 00:52:40','2017-06-16 00:52:40',0,6,'甘肃省兰州市永登县',2,'永登县',',2925,2926,',2926),
	(2933,'2017-06-16 00:52:41','2017-06-16 00:52:41',0,7,'甘肃省兰州市皋兰县',2,'皋兰县',',2925,2926,',2926),
	(2934,'2017-06-16 00:52:42','2017-06-16 00:52:42',0,8,'甘肃省兰州市榆中县',2,'榆中县',',2925,2926,',2926),
	(2935,'2017-06-16 00:52:43','2017-06-16 00:52:43',0,2,'甘肃省嘉峪关市',1,'嘉峪关市',',2925,',2925),
	(2936,'2017-06-16 00:52:44','2017-06-16 00:52:44',0,3,'甘肃省金昌市',1,'金昌市',',2925,',2925),
	(2937,'2017-06-16 00:52:45','2017-06-16 00:52:45',0,1,'甘肃省金昌市金川区',2,'金川区',',2925,2936,',2936),
	(2938,'2017-06-16 00:52:46','2017-06-16 00:52:46',0,2,'甘肃省金昌市永昌县',2,'永昌县',',2925,2936,',2936),
	(2939,'2017-06-16 00:52:47','2017-06-16 00:52:47',0,4,'甘肃省白银市',1,'白银市',',2925,',2925),
	(2940,'2017-06-16 00:52:48','2017-06-16 00:52:48',0,1,'甘肃省白银市白银区',2,'白银区',',2925,2939,',2939),
	(2941,'2017-06-16 00:52:49','2017-06-16 00:52:49',0,2,'甘肃省白银市平川区',2,'平川区',',2925,2939,',2939),
	(2942,'2017-06-16 00:52:50','2017-06-16 00:52:50',0,3,'甘肃省白银市靖远县',2,'靖远县',',2925,2939,',2939),
	(2943,'2017-06-16 00:52:51','2017-06-16 00:52:51',0,4,'甘肃省白银市会宁县',2,'会宁县',',2925,2939,',2939),
	(2944,'2017-06-16 00:52:52','2017-06-16 00:52:52',0,5,'甘肃省白银市景泰县',2,'景泰县',',2925,2939,',2939),
	(2945,'2017-06-16 00:52:53','2017-06-16 00:52:53',0,5,'甘肃省天水市',1,'天水市',',2925,',2925),
	(2946,'2017-06-16 00:52:54','2017-06-16 00:52:54',0,1,'甘肃省天水市秦州区',2,'秦州区',',2925,2945,',2945),
	(2947,'2017-06-16 00:52:55','2017-06-16 00:52:55',0,2,'甘肃省天水市麦积区',2,'麦积区',',2925,2945,',2945),
	(2948,'2017-06-16 00:52:56','2017-06-16 00:52:56',0,3,'甘肃省天水市清水县',2,'清水县',',2925,2945,',2945),
	(2949,'2017-06-16 00:52:57','2017-06-16 00:52:57',0,4,'甘肃省天水市秦安县',2,'秦安县',',2925,2945,',2945),
	(2950,'2017-06-16 00:52:58','2017-06-16 00:52:58',0,5,'甘肃省天水市甘谷县',2,'甘谷县',',2925,2945,',2945),
	(2951,'2017-06-16 00:52:59','2017-06-16 00:52:59',0,6,'甘肃省天水市武山县',2,'武山县',',2925,2945,',2945),
	(2952,'2017-06-16 00:53:00','2017-06-16 00:53:00',0,7,'甘肃省天水市张家川回族自治县',2,'张家川回族自治县',',2925,2945,',2945),
	(2953,'2017-06-16 00:53:01','2017-06-16 00:53:01',0,6,'甘肃省武威市',1,'武威市',',2925,',2925),
	(2954,'2017-06-16 00:53:02','2017-06-16 00:53:02',0,1,'甘肃省武威市凉州区',2,'凉州区',',2925,2953,',2953),
	(2955,'2017-06-16 00:53:03','2017-06-16 00:53:03',0,2,'甘肃省武威市民勤县',2,'民勤县',',2925,2953,',2953),
	(2956,'2017-06-16 00:53:04','2017-06-16 00:53:04',0,3,'甘肃省武威市古浪县',2,'古浪县',',2925,2953,',2953),
	(2957,'2017-06-16 00:53:05','2017-06-16 00:53:05',0,4,'甘肃省武威市天祝藏族自治县',2,'天祝藏族自治县',',2925,2953,',2953),
	(2958,'2017-06-16 00:53:06','2017-06-16 00:53:06',0,7,'甘肃省张掖市',1,'张掖市',',2925,',2925),
	(2959,'2017-06-16 00:53:07','2017-06-16 00:53:07',0,1,'甘肃省张掖市甘州区',2,'甘州区',',2925,2958,',2958),
	(2960,'2017-06-16 00:53:08','2017-06-16 00:53:08',0,2,'甘肃省张掖市肃南裕固族自治县',2,'肃南裕固族自治县',',2925,2958,',2958),
	(2961,'2017-06-16 00:53:09','2017-06-16 00:53:09',0,3,'甘肃省张掖市民乐县',2,'民乐县',',2925,2958,',2958),
	(2962,'2017-06-16 00:53:10','2017-06-16 00:53:10',0,4,'甘肃省张掖市临泽县',2,'临泽县',',2925,2958,',2958),
	(2963,'2017-06-16 00:53:11','2017-06-16 00:53:11',0,5,'甘肃省张掖市高台县',2,'高台县',',2925,2958,',2958),
	(2964,'2017-06-16 00:53:12','2017-06-16 00:53:12',0,6,'甘肃省张掖市山丹县',2,'山丹县',',2925,2958,',2958),
	(2965,'2017-06-16 00:53:13','2017-06-16 00:53:13',0,8,'甘肃省平凉市',1,'平凉市',',2925,',2925),
	(2966,'2017-06-16 00:53:14','2017-06-16 00:53:14',0,1,'甘肃省平凉市崆峒区',2,'崆峒区',',2925,2965,',2965),
	(2967,'2017-06-16 00:53:15','2017-06-16 00:53:15',0,2,'甘肃省平凉市泾川县',2,'泾川县',',2925,2965,',2965),
	(2968,'2017-06-16 00:53:16','2017-06-16 00:53:16',0,3,'甘肃省平凉市灵台县',2,'灵台县',',2925,2965,',2965),
	(2969,'2017-06-16 00:53:17','2017-06-16 00:53:17',0,4,'甘肃省平凉市崇信县',2,'崇信县',',2925,2965,',2965),
	(2970,'2017-06-16 00:53:18','2017-06-16 00:53:18',0,5,'甘肃省平凉市华亭县',2,'华亭县',',2925,2965,',2965),
	(2971,'2017-06-16 00:53:19','2017-06-16 00:53:19',0,6,'甘肃省平凉市庄浪县',2,'庄浪县',',2925,2965,',2965),
	(2972,'2017-06-16 00:53:20','2017-06-16 00:53:20',0,7,'甘肃省平凉市静宁县',2,'静宁县',',2925,2965,',2965),
	(2973,'2017-06-16 00:53:21','2017-06-16 00:53:21',0,9,'甘肃省酒泉市',1,'酒泉市',',2925,',2925),
	(2974,'2017-06-16 00:53:22','2017-06-16 00:53:22',0,1,'甘肃省酒泉市肃州区',2,'肃州区',',2925,2973,',2973),
	(2975,'2017-06-16 00:53:23','2017-06-16 00:53:23',0,2,'甘肃省酒泉市金塔县',2,'金塔县',',2925,2973,',2973),
	(2976,'2017-06-16 00:53:24','2017-06-16 00:53:24',0,3,'甘肃省酒泉市瓜州县',2,'瓜州县',',2925,2973,',2973),
	(2977,'2017-06-16 00:53:25','2017-06-16 00:53:25',0,4,'甘肃省酒泉市肃北蒙古族自治县',2,'肃北蒙古族自治县',',2925,2973,',2973),
	(2978,'2017-06-16 00:53:26','2017-06-16 00:53:26',0,5,'甘肃省酒泉市阿克塞哈萨克族自治县',2,'阿克塞哈萨克族自治县',',2925,2973,',2973),
	(2979,'2017-06-16 00:53:27','2017-06-16 00:53:27',0,6,'甘肃省酒泉市玉门市',2,'玉门市',',2925,2973,',2973),
	(2980,'2017-06-16 00:53:28','2017-06-16 00:53:28',0,7,'甘肃省酒泉市敦煌市',2,'敦煌市',',2925,2973,',2973),
	(2981,'2017-06-16 00:53:29','2017-06-16 00:53:29',0,10,'甘肃省庆阳市',1,'庆阳市',',2925,',2925),
	(2982,'2017-06-16 00:53:30','2017-06-16 00:53:30',0,1,'甘肃省庆阳市西峰区',2,'西峰区',',2925,2981,',2981),
	(2983,'2017-06-16 00:53:31','2017-06-16 00:53:31',0,2,'甘肃省庆阳市庆城县',2,'庆城县',',2925,2981,',2981),
	(2984,'2017-06-16 00:53:32','2017-06-16 00:53:32',0,3,'甘肃省庆阳市环县',2,'环县',',2925,2981,',2981),
	(2985,'2017-06-16 00:53:33','2017-06-16 00:53:33',0,4,'甘肃省庆阳市华池县',2,'华池县',',2925,2981,',2981),
	(2986,'2017-06-16 00:53:34','2017-06-16 00:53:34',0,5,'甘肃省庆阳市合水县',2,'合水县',',2925,2981,',2981),
	(2987,'2017-06-16 00:53:35','2017-06-16 00:53:35',0,6,'甘肃省庆阳市正宁县',2,'正宁县',',2925,2981,',2981),
	(2988,'2017-06-16 00:53:36','2017-06-16 00:53:36',0,7,'甘肃省庆阳市宁县',2,'宁县',',2925,2981,',2981),
	(2989,'2017-06-16 00:53:37','2017-06-16 00:53:37',0,8,'甘肃省庆阳市镇原县',2,'镇原县',',2925,2981,',2981),
	(2990,'2017-06-16 00:53:38','2017-06-16 00:53:38',0,11,'甘肃省定西市',1,'定西市',',2925,',2925),
	(2991,'2017-06-16 00:53:39','2017-06-16 00:53:39',0,1,'甘肃省定西市安定区',2,'安定区',',2925,2990,',2990),
	(2992,'2017-06-16 00:53:40','2017-06-16 00:53:40',0,2,'甘肃省定西市通渭县',2,'通渭县',',2925,2990,',2990),
	(2993,'2017-06-16 00:53:41','2017-06-16 00:53:41',0,3,'甘肃省定西市陇西县',2,'陇西县',',2925,2990,',2990),
	(2994,'2017-06-16 00:53:42','2017-06-16 00:53:42',0,4,'甘肃省定西市渭源县',2,'渭源县',',2925,2990,',2990),
	(2995,'2017-06-16 00:53:43','2017-06-16 00:53:43',0,5,'甘肃省定西市临洮县',2,'临洮县',',2925,2990,',2990),
	(2996,'2017-06-16 00:53:44','2017-06-16 00:53:44',0,6,'甘肃省定西市漳县',2,'漳县',',2925,2990,',2990),
	(2997,'2017-06-16 00:53:45','2017-06-16 00:53:45',0,7,'甘肃省定西市岷县',2,'岷县',',2925,2990,',2990),
	(2998,'2017-06-16 00:53:46','2017-06-16 00:53:46',0,12,'甘肃省陇南市',1,'陇南市',',2925,',2925),
	(2999,'2017-06-16 00:53:47','2017-06-16 00:53:47',0,1,'甘肃省陇南市武都区',2,'武都区',',2925,2998,',2998),
	(3000,'2017-06-16 00:53:48','2017-06-16 00:53:48',0,2,'甘肃省陇南市成县',2,'成县',',2925,2998,',2998),
	(3001,'2017-06-16 00:53:49','2017-06-16 00:53:49',0,3,'甘肃省陇南市文县',2,'文县',',2925,2998,',2998),
	(3002,'2017-06-16 00:53:50','2017-06-16 00:53:50',0,4,'甘肃省陇南市宕昌县',2,'宕昌县',',2925,2998,',2998),
	(3003,'2017-06-16 00:53:51','2017-06-16 00:53:51',0,5,'甘肃省陇南市康县',2,'康县',',2925,2998,',2998),
	(3004,'2017-06-16 00:53:52','2017-06-16 00:53:52',0,6,'甘肃省陇南市西和县',2,'西和县',',2925,2998,',2998),
	(3005,'2017-06-16 00:53:53','2017-06-16 00:53:53',0,7,'甘肃省陇南市礼县',2,'礼县',',2925,2998,',2998),
	(3006,'2017-06-16 00:53:54','2017-06-16 00:53:54',0,8,'甘肃省陇南市徽县',2,'徽县',',2925,2998,',2998),
	(3007,'2017-06-16 00:53:55','2017-06-16 00:53:55',0,9,'甘肃省陇南市两当县',2,'两当县',',2925,2998,',2998),
	(3008,'2017-06-16 00:53:56','2017-06-16 00:53:56',0,13,'甘肃省临夏回族自治州',1,'临夏回族自治州',',2925,',2925),
	(3009,'2017-06-16 00:53:57','2017-06-16 00:53:57',0,1,'甘肃省临夏回族自治州临夏市',2,'临夏市',',2925,3008,',3008),
	(3010,'2017-06-16 00:53:58','2017-06-16 00:53:58',0,2,'甘肃省临夏回族自治州临夏县',2,'临夏县',',2925,3008,',3008),
	(3011,'2017-06-16 00:53:59','2017-06-16 00:53:59',0,3,'甘肃省临夏回族自治州康乐县',2,'康乐县',',2925,3008,',3008),
	(3012,'2017-06-16 00:54:00','2017-06-16 00:54:00',0,4,'甘肃省临夏回族自治州永靖县',2,'永靖县',',2925,3008,',3008),
	(3013,'2017-06-16 00:54:01','2017-06-16 00:54:01',0,5,'甘肃省临夏回族自治州广河县',2,'广河县',',2925,3008,',3008),
	(3014,'2017-06-16 00:54:02','2017-06-16 00:54:02',0,6,'甘肃省临夏回族自治州和政县',2,'和政县',',2925,3008,',3008),
	(3015,'2017-06-16 00:54:03','2017-06-16 00:54:03',0,7,'甘肃省临夏回族自治州东乡族自治县',2,'东乡族自治县',',2925,3008,',3008),
	(3016,'2017-06-16 00:54:04','2017-06-16 00:54:04',0,8,'甘肃省临夏回族自治州积石山保安族东乡族撒拉族自治县',2,'积石山保安族东乡族撒拉族自治县',',2925,3008,',3008),
	(3017,'2017-06-16 00:54:05','2017-06-16 00:54:05',0,14,'甘肃省甘南藏族自治州',1,'甘南藏族自治州',',2925,',2925),
	(3018,'2017-06-16 00:54:06','2017-06-16 00:54:06',0,1,'甘肃省甘南藏族自治州合作市',2,'合作市',',2925,3017,',3017),
	(3019,'2017-06-16 00:54:07','2017-06-16 00:54:07',0,2,'甘肃省甘南藏族自治州临潭县',2,'临潭县',',2925,3017,',3017),
	(3020,'2017-06-16 00:54:08','2017-06-16 00:54:08',0,3,'甘肃省甘南藏族自治州卓尼县',2,'卓尼县',',2925,3017,',3017),
	(3021,'2017-06-16 00:54:09','2017-06-16 00:54:09',0,4,'甘肃省甘南藏族自治州舟曲县',2,'舟曲县',',2925,3017,',3017),
	(3022,'2017-06-16 00:54:10','2017-06-16 00:54:10',0,5,'甘肃省甘南藏族自治州迭部县',2,'迭部县',',2925,3017,',3017),
	(3023,'2017-06-16 00:54:11','2017-06-16 00:54:11',0,6,'甘肃省甘南藏族自治州玛曲县',2,'玛曲县',',2925,3017,',3017),
	(3024,'2017-06-16 00:54:12','2017-06-16 00:54:12',0,7,'甘肃省甘南藏族自治州碌曲县',2,'碌曲县',',2925,3017,',3017),
	(3025,'2017-06-16 00:54:13','2017-06-16 00:54:13',0,8,'甘肃省甘南藏族自治州夏河县',2,'夏河县',',2925,3017,',3017),
	(3026,'2017-06-16 00:54:14','2017-06-16 00:54:14',0,29,'青海省',0,'青海省',',',NULL),
	(3027,'2017-06-16 00:54:15','2017-06-16 00:54:15',0,1,'青海省西宁市',1,'西宁市',',3026,',3026),
	(3028,'2017-06-16 00:54:16','2017-06-16 00:54:16',0,1,'青海省西宁市城东区',2,'城东区',',3026,3027,',3027),
	(3029,'2017-06-16 00:54:17','2017-06-16 00:54:17',0,2,'青海省西宁市城中区',2,'城中区',',3026,3027,',3027),
	(3030,'2017-06-16 00:54:18','2017-06-16 00:54:18',0,3,'青海省西宁市城西区',2,'城西区',',3026,3027,',3027),
	(3031,'2017-06-16 00:54:19','2017-06-16 00:54:19',0,4,'青海省西宁市城北区',2,'城北区',',3026,3027,',3027),
	(3032,'2017-06-16 00:54:20','2017-06-16 00:54:20',0,5,'青海省西宁市大通回族土族自治县',2,'大通回族土族自治县',',3026,3027,',3027),
	(3033,'2017-06-16 00:54:21','2017-06-16 00:54:21',0,6,'青海省西宁市湟中县',2,'湟中县',',3026,3027,',3027),
	(3034,'2017-06-16 00:54:22','2017-06-16 00:54:22',0,7,'青海省西宁市湟源县',2,'湟源县',',3026,3027,',3027),
	(3035,'2017-06-16 00:54:23','2017-06-16 00:54:23',0,2,'青海省海东市',1,'海东市',',3026,',3026),
	(3036,'2017-06-16 00:54:24','2017-06-16 00:54:24',0,1,'青海省海东市乐都区',2,'乐都区',',3026,3035,',3035),
	(3037,'2017-06-16 00:54:25','2017-06-16 00:54:25',0,2,'青海省海东市平安县',2,'平安县',',3026,3035,',3035),
	(3038,'2017-06-16 00:54:26','2017-06-16 00:54:26',0,3,'青海省海东市民和回族土族自治县',2,'民和回族土族自治县',',3026,3035,',3035),
	(3039,'2017-06-16 00:54:27','2017-06-16 00:54:27',0,4,'青海省海东市互助土族自治县',2,'互助土族自治县',',3026,3035,',3035),
	(3040,'2017-06-16 00:54:28','2017-06-16 00:54:28',0,5,'青海省海东市化隆回族自治县',2,'化隆回族自治县',',3026,3035,',3035),
	(3041,'2017-06-16 00:54:29','2017-06-16 00:54:29',0,6,'青海省海东市循化撒拉族自治县',2,'循化撒拉族自治县',',3026,3035,',3035),
	(3042,'2017-06-16 00:54:30','2017-06-16 00:54:30',0,3,'青海省海北藏族自治州',1,'海北藏族自治州',',3026,',3026),
	(3043,'2017-06-16 00:54:31','2017-06-16 00:54:31',0,1,'青海省海北藏族自治州门源回族自治县',2,'门源回族自治县',',3026,3042,',3042),
	(3044,'2017-06-16 00:54:32','2017-06-16 00:54:32',0,2,'青海省海北藏族自治州祁连县',2,'祁连县',',3026,3042,',3042),
	(3045,'2017-06-16 00:54:33','2017-06-16 00:54:33',0,3,'青海省海北藏族自治州海晏县',2,'海晏县',',3026,3042,',3042),
	(3046,'2017-06-16 00:54:34','2017-06-16 00:54:34',0,4,'青海省海北藏族自治州刚察县',2,'刚察县',',3026,3042,',3042),
	(3047,'2017-06-16 00:54:35','2017-06-16 00:54:35',0,4,'青海省黄南藏族自治州',1,'黄南藏族自治州',',3026,',3026),
	(3048,'2017-06-16 00:54:36','2017-06-16 00:54:36',0,1,'青海省黄南藏族自治州同仁县',2,'同仁县',',3026,3047,',3047),
	(3049,'2017-06-16 00:54:37','2017-06-16 00:54:37',0,2,'青海省黄南藏族自治州尖扎县',2,'尖扎县',',3026,3047,',3047),
	(3050,'2017-06-16 00:54:38','2017-06-16 00:54:38',0,3,'青海省黄南藏族自治州泽库县',2,'泽库县',',3026,3047,',3047),
	(3051,'2017-06-16 00:54:39','2017-06-16 00:54:39',0,4,'青海省黄南藏族自治州河南蒙古族自治县',2,'河南蒙古族自治县',',3026,3047,',3047),
	(3052,'2017-06-16 00:54:40','2017-06-16 00:54:40',0,5,'青海省海南藏族自治州',1,'海南藏族自治州',',3026,',3026),
	(3053,'2017-06-16 00:54:41','2017-06-16 00:54:41',0,1,'青海省海南藏族自治州共和县',2,'共和县',',3026,3052,',3052),
	(3054,'2017-06-16 00:54:42','2017-06-16 00:54:42',0,2,'青海省海南藏族自治州同德县',2,'同德县',',3026,3052,',3052),
	(3055,'2017-06-16 00:54:43','2017-06-16 00:54:43',0,3,'青海省海南藏族自治州贵德县',2,'贵德县',',3026,3052,',3052),
	(3056,'2017-06-16 00:54:44','2017-06-16 00:54:44',0,4,'青海省海南藏族自治州兴海县',2,'兴海县',',3026,3052,',3052),
	(3057,'2017-06-16 00:54:45','2017-06-16 00:54:45',0,5,'青海省海南藏族自治州贵南县',2,'贵南县',',3026,3052,',3052),
	(3058,'2017-06-16 00:54:46','2017-06-16 00:54:46',0,6,'青海省果洛藏族自治州',1,'果洛藏族自治州',',3026,',3026),
	(3059,'2017-06-16 00:54:47','2017-06-16 00:54:47',0,1,'青海省果洛藏族自治州玛沁县',2,'玛沁县',',3026,3058,',3058),
	(3060,'2017-06-16 00:54:48','2017-06-16 00:54:48',0,2,'青海省果洛藏族自治州班玛县',2,'班玛县',',3026,3058,',3058),
	(3061,'2017-06-16 00:54:49','2017-06-16 00:54:49',0,3,'青海省果洛藏族自治州甘德县',2,'甘德县',',3026,3058,',3058),
	(3062,'2017-06-16 00:54:50','2017-06-16 00:54:50',0,4,'青海省果洛藏族自治州达日县',2,'达日县',',3026,3058,',3058),
	(3063,'2017-06-16 00:54:51','2017-06-16 00:54:51',0,5,'青海省果洛藏族自治州久治县',2,'久治县',',3026,3058,',3058),
	(3064,'2017-06-16 00:54:52','2017-06-16 00:54:52',0,6,'青海省果洛藏族自治州玛多县',2,'玛多县',',3026,3058,',3058),
	(3065,'2017-06-16 00:54:53','2017-06-16 00:54:53',0,7,'青海省玉树藏族自治州',1,'玉树藏族自治州',',3026,',3026),
	(3066,'2017-06-16 00:54:54','2017-06-16 00:54:54',0,1,'青海省玉树藏族自治州玉树市',2,'玉树市',',3026,3065,',3065),
	(3067,'2017-06-16 00:54:55','2017-06-16 00:54:55',0,2,'青海省玉树藏族自治州杂多县',2,'杂多县',',3026,3065,',3065),
	(3068,'2017-06-16 00:54:56','2017-06-16 00:54:56',0,3,'青海省玉树藏族自治州称多县',2,'称多县',',3026,3065,',3065),
	(3069,'2017-06-16 00:54:57','2017-06-16 00:54:57',0,4,'青海省玉树藏族自治州治多县',2,'治多县',',3026,3065,',3065),
	(3070,'2017-06-16 00:54:58','2017-06-16 00:54:58',0,5,'青海省玉树藏族自治州囊谦县',2,'囊谦县',',3026,3065,',3065),
	(3071,'2017-06-16 00:54:59','2017-06-16 00:54:59',0,6,'青海省玉树藏族自治州曲麻莱县',2,'曲麻莱县',',3026,3065,',3065),
	(3072,'2017-06-16 00:55:00','2017-06-16 00:55:00',0,8,'青海省海西蒙古族藏族自治州',1,'海西蒙古族藏族自治州',',3026,',3026),
	(3073,'2017-06-16 00:55:01','2017-06-16 00:55:01',0,1,'青海省海西蒙古族藏族自治州格尔木市',2,'格尔木市',',3026,3072,',3072),
	(3074,'2017-06-16 00:55:02','2017-06-16 00:55:02',0,2,'青海省海西蒙古族藏族自治州德令哈市',2,'德令哈市',',3026,3072,',3072),
	(3075,'2017-06-16 00:55:03','2017-06-16 00:55:03',0,3,'青海省海西蒙古族藏族自治州乌兰县',2,'乌兰县',',3026,3072,',3072),
	(3076,'2017-06-16 00:55:04','2017-06-16 00:55:04',0,4,'青海省海西蒙古族藏族自治州都兰县',2,'都兰县',',3026,3072,',3072),
	(3077,'2017-06-16 00:55:05','2017-06-16 00:55:05',0,5,'青海省海西蒙古族藏族自治州天峻县',2,'天峻县',',3026,3072,',3072),
	(3078,'2017-06-16 00:55:06','2017-06-16 00:55:06',0,30,'宁夏回族自治区',0,'宁夏回族自治区',',',NULL),
	(3079,'2017-06-16 00:55:07','2017-06-16 00:55:07',0,1,'宁夏回族自治区银川市',1,'银川市',',3078,',3078),
	(3080,'2017-06-16 00:55:08','2017-06-16 00:55:08',0,1,'宁夏回族自治区银川市兴庆区',2,'兴庆区',',3078,3079,',3079),
	(3081,'2017-06-16 00:55:09','2017-06-16 00:55:09',0,2,'宁夏回族自治区银川市西夏区',2,'西夏区',',3078,3079,',3079),
	(3082,'2017-06-16 00:55:10','2017-06-16 00:55:10',0,3,'宁夏回族自治区银川市金凤区',2,'金凤区',',3078,3079,',3079),
	(3083,'2017-06-16 00:55:11','2017-06-16 00:55:11',0,4,'宁夏回族自治区银川市永宁县',2,'永宁县',',3078,3079,',3079),
	(3084,'2017-06-16 00:55:12','2017-06-16 00:55:12',0,5,'宁夏回族自治区银川市贺兰县',2,'贺兰县',',3078,3079,',3079),
	(3085,'2017-06-16 00:55:13','2017-06-16 00:55:13',0,6,'宁夏回族自治区银川市灵武市',2,'灵武市',',3078,3079,',3079),
	(3086,'2017-06-16 00:55:14','2017-06-16 00:55:14',0,2,'宁夏回族自治区石嘴山市',1,'石嘴山市',',3078,',3078),
	(3087,'2017-06-16 00:55:15','2017-06-16 00:55:15',0,1,'宁夏回族自治区石嘴山市大武口区',2,'大武口区',',3078,3086,',3086),
	(3088,'2017-06-16 00:55:16','2017-06-16 00:55:16',0,2,'宁夏回族自治区石嘴山市惠农区',2,'惠农区',',3078,3086,',3086),
	(3089,'2017-06-16 00:55:17','2017-06-16 00:55:17',0,3,'宁夏回族自治区石嘴山市平罗县',2,'平罗县',',3078,3086,',3086),
	(3090,'2017-06-16 00:55:18','2017-06-16 00:55:18',0,3,'宁夏回族自治区吴忠市',1,'吴忠市',',3078,',3078),
	(3091,'2017-06-16 00:55:19','2017-06-16 00:55:19',0,1,'宁夏回族自治区吴忠市利通区',2,'利通区',',3078,3090,',3090),
	(3092,'2017-06-16 00:55:20','2017-06-16 00:55:20',0,2,'宁夏回族自治区吴忠市红寺堡区',2,'红寺堡区',',3078,3090,',3090),
	(3093,'2017-06-16 00:55:21','2017-06-16 00:55:21',0,3,'宁夏回族自治区吴忠市盐池县',2,'盐池县',',3078,3090,',3090),
	(3094,'2017-06-16 00:55:22','2017-06-16 00:55:22',0,4,'宁夏回族自治区吴忠市同心县',2,'同心县',',3078,3090,',3090),
	(3095,'2017-06-16 00:55:23','2017-06-16 00:55:23',0,5,'宁夏回族自治区吴忠市青铜峡市',2,'青铜峡市',',3078,3090,',3090),
	(3096,'2017-06-16 00:55:24','2017-06-16 00:55:24',0,4,'宁夏回族自治区固原市',1,'固原市',',3078,',3078),
	(3097,'2017-06-16 00:55:25','2017-06-16 00:55:25',0,1,'宁夏回族自治区固原市原州区',2,'原州区',',3078,3096,',3096),
	(3098,'2017-06-16 00:55:26','2017-06-16 00:55:26',0,2,'宁夏回族自治区固原市西吉县',2,'西吉县',',3078,3096,',3096),
	(3099,'2017-06-16 00:55:27','2017-06-16 00:55:27',0,3,'宁夏回族自治区固原市隆德县',2,'隆德县',',3078,3096,',3096),
	(3100,'2017-06-16 00:55:28','2017-06-16 00:55:28',0,4,'宁夏回族自治区固原市泾源县',2,'泾源县',',3078,3096,',3096),
	(3101,'2017-06-16 00:55:29','2017-06-16 00:55:29',0,5,'宁夏回族自治区固原市彭阳县',2,'彭阳县',',3078,3096,',3096),
	(3102,'2017-06-16 00:55:30','2017-06-16 00:55:30',0,5,'宁夏回族自治区中卫市',1,'中卫市',',3078,',3078),
	(3103,'2017-06-16 00:55:31','2017-06-16 00:55:31',0,1,'宁夏回族自治区中卫市沙坡头区',2,'沙坡头区',',3078,3102,',3102),
	(3104,'2017-06-16 00:55:32','2017-06-16 00:55:32',0,2,'宁夏回族自治区中卫市中宁县',2,'中宁县',',3078,3102,',3102),
	(3105,'2017-06-16 00:55:33','2017-06-16 00:55:33',0,3,'宁夏回族自治区中卫市海原县',2,'海原县',',3078,3102,',3102),
	(3106,'2017-06-16 00:55:34','2017-06-16 00:55:34',0,31,'新疆维吾尔自治区',0,'新疆维吾尔自治区',',',NULL),
	(3107,'2017-06-16 00:55:35','2017-06-16 00:55:35',0,1,'新疆维吾尔自治区乌鲁木齐市',1,'乌鲁木齐市',',3106,',3106),
	(3108,'2017-06-16 00:55:36','2017-06-16 00:55:36',0,1,'新疆维吾尔自治区乌鲁木齐市天山区',2,'天山区',',3106,3107,',3107),
	(3109,'2017-06-16 00:55:37','2017-06-16 00:55:37',0,2,'新疆维吾尔自治区乌鲁木齐市沙依巴克区',2,'沙依巴克区',',3106,3107,',3107),
	(3110,'2017-06-16 00:55:38','2017-06-16 00:55:38',0,3,'新疆维吾尔自治区乌鲁木齐市新市区',2,'新市区',',3106,3107,',3107),
	(3111,'2017-06-16 00:55:39','2017-06-16 00:55:39',0,4,'新疆维吾尔自治区乌鲁木齐市水磨沟区',2,'水磨沟区',',3106,3107,',3107),
	(3112,'2017-06-16 00:55:40','2017-06-16 00:55:40',0,5,'新疆维吾尔自治区乌鲁木齐市头屯河区',2,'头屯河区',',3106,3107,',3107),
	(3113,'2017-06-16 00:55:41','2017-06-16 00:55:41',0,6,'新疆维吾尔自治区乌鲁木齐市达坂城区',2,'达坂城区',',3106,3107,',3107),
	(3114,'2017-06-16 00:55:42','2017-06-16 00:55:42',0,7,'新疆维吾尔自治区乌鲁木齐市米东区',2,'米东区',',3106,3107,',3107),
	(3115,'2017-06-16 00:55:43','2017-06-16 00:55:43',0,8,'新疆维吾尔自治区乌鲁木齐市乌鲁木齐县',2,'乌鲁木齐县',',3106,3107,',3107),
	(3116,'2017-06-16 00:55:44','2017-06-16 00:55:44',0,2,'新疆维吾尔自治区克拉玛依市',1,'克拉玛依市',',3106,',3106),
	(3117,'2017-06-16 00:55:45','2017-06-16 00:55:45',0,1,'新疆维吾尔自治区克拉玛依市独山子区',2,'独山子区',',3106,3116,',3116),
	(3118,'2017-06-16 00:55:46','2017-06-16 00:55:46',0,2,'新疆维吾尔自治区克拉玛依市克拉玛依区',2,'克拉玛依区',',3106,3116,',3116),
	(3119,'2017-06-16 00:55:47','2017-06-16 00:55:47',0,3,'新疆维吾尔自治区克拉玛依市白碱滩区',2,'白碱滩区',',3106,3116,',3116),
	(3120,'2017-06-16 00:55:48','2017-06-16 00:55:48',0,4,'新疆维吾尔自治区克拉玛依市乌尔禾区',2,'乌尔禾区',',3106,3116,',3116),
	(3121,'2017-06-16 00:55:49','2017-06-16 00:55:49',0,3,'新疆维吾尔自治区吐鲁番地区',1,'吐鲁番地区',',3106,',3106),
	(3122,'2017-06-16 00:55:50','2017-06-16 00:55:50',0,1,'新疆维吾尔自治区吐鲁番地区吐鲁番市',2,'吐鲁番市',',3106,3121,',3121),
	(3123,'2017-06-16 00:55:51','2017-06-16 00:55:51',0,2,'新疆维吾尔自治区吐鲁番地区鄯善县',2,'鄯善县',',3106,3121,',3121),
	(3124,'2017-06-16 00:55:52','2017-06-16 00:55:52',0,3,'新疆维吾尔自治区吐鲁番地区托克逊县',2,'托克逊县',',3106,3121,',3121),
	(3125,'2017-06-16 00:55:53','2017-06-16 00:55:53',0,4,'新疆维吾尔自治区哈密地区',1,'哈密地区',',3106,',3106),
	(3126,'2017-06-16 00:55:54','2017-06-16 00:55:54',0,1,'新疆维吾尔自治区哈密地区哈密市',2,'哈密市',',3106,3125,',3125),
	(3127,'2017-06-16 00:55:55','2017-06-16 00:55:55',0,2,'新疆维吾尔自治区哈密地区巴里坤哈萨克自治县',2,'巴里坤哈萨克自治县',',3106,3125,',3125),
	(3128,'2017-06-16 00:55:56','2017-06-16 00:55:56',0,3,'新疆维吾尔自治区哈密地区伊吾县',2,'伊吾县',',3106,3125,',3125),
	(3129,'2017-06-16 00:55:57','2017-06-16 00:55:57',0,5,'新疆维吾尔自治区昌吉回族自治州',1,'昌吉回族自治州',',3106,',3106),
	(3130,'2017-06-16 00:55:58','2017-06-16 00:55:58',0,1,'新疆维吾尔自治区昌吉回族自治州昌吉市',2,'昌吉市',',3106,3129,',3129),
	(3131,'2017-06-16 00:55:59','2017-06-16 00:55:59',0,2,'新疆维吾尔自治区昌吉回族自治州阜康市',2,'阜康市',',3106,3129,',3129),
	(3132,'2017-06-16 00:56:00','2017-06-16 00:56:00',0,3,'新疆维吾尔自治区昌吉回族自治州呼图壁县',2,'呼图壁县',',3106,3129,',3129),
	(3133,'2017-06-16 00:56:01','2017-06-16 00:56:01',0,4,'新疆维吾尔自治区昌吉回族自治州玛纳斯县',2,'玛纳斯县',',3106,3129,',3129),
	(3134,'2017-06-16 00:56:02','2017-06-16 00:56:02',0,5,'新疆维吾尔自治区昌吉回族自治州奇台县',2,'奇台县',',3106,3129,',3129),
	(3135,'2017-06-16 00:56:03','2017-06-16 00:56:03',0,6,'新疆维吾尔自治区昌吉回族自治州吉木萨尔县',2,'吉木萨尔县',',3106,3129,',3129),
	(3136,'2017-06-16 00:56:04','2017-06-16 00:56:04',0,7,'新疆维吾尔自治区昌吉回族自治州木垒哈萨克自治县',2,'木垒哈萨克自治县',',3106,3129,',3129),
	(3137,'2017-06-16 00:56:05','2017-06-16 00:56:05',0,6,'新疆维吾尔自治区博尔塔拉蒙古自治州',1,'博尔塔拉蒙古自治州',',3106,',3106),
	(3138,'2017-06-16 00:56:06','2017-06-16 00:56:06',0,1,'新疆维吾尔自治区博尔塔拉蒙古自治州博乐市',2,'博乐市',',3106,3137,',3137),
	(3139,'2017-06-16 00:56:07','2017-06-16 00:56:07',0,2,'新疆维吾尔自治区博尔塔拉蒙古自治州阿拉山口市',2,'阿拉山口市',',3106,3137,',3137),
	(3140,'2017-06-16 00:56:08','2017-06-16 00:56:08',0,3,'新疆维吾尔自治区博尔塔拉蒙古自治州精河县',2,'精河县',',3106,3137,',3137),
	(3141,'2017-06-16 00:56:09','2017-06-16 00:56:09',0,4,'新疆维吾尔自治区博尔塔拉蒙古自治州温泉县',2,'温泉县',',3106,3137,',3137),
	(3142,'2017-06-16 00:56:10','2017-06-16 00:56:10',0,7,'新疆维吾尔自治区巴音郭楞蒙古自治州',1,'巴音郭楞蒙古自治州',',3106,',3106),
	(3143,'2017-06-16 00:56:11','2017-06-16 00:56:11',0,1,'新疆维吾尔自治区巴音郭楞蒙古自治州库尔勒市',2,'库尔勒市',',3106,3142,',3142),
	(3144,'2017-06-16 00:56:12','2017-06-16 00:56:12',0,2,'新疆维吾尔自治区巴音郭楞蒙古自治州轮台县',2,'轮台县',',3106,3142,',3142),
	(3145,'2017-06-16 00:56:13','2017-06-16 00:56:13',0,3,'新疆维吾尔自治区巴音郭楞蒙古自治州尉犁县',2,'尉犁县',',3106,3142,',3142),
	(3146,'2017-06-16 00:56:14','2017-06-16 00:56:14',0,4,'新疆维吾尔自治区巴音郭楞蒙古自治州若羌县',2,'若羌县',',3106,3142,',3142),
	(3147,'2017-06-16 00:56:15','2017-06-16 00:56:15',0,5,'新疆维吾尔自治区巴音郭楞蒙古自治州且末县',2,'且末县',',3106,3142,',3142),
	(3148,'2017-06-16 00:56:16','2017-06-16 00:56:16',0,6,'新疆维吾尔自治区巴音郭楞蒙古自治州焉耆回族自治县',2,'焉耆回族自治县',',3106,3142,',3142),
	(3149,'2017-06-16 00:56:17','2017-06-16 00:56:17',0,7,'新疆维吾尔自治区巴音郭楞蒙古自治州和静县',2,'和静县',',3106,3142,',3142),
	(3150,'2017-06-16 00:56:18','2017-06-16 00:56:18',0,8,'新疆维吾尔自治区巴音郭楞蒙古自治州和硕县',2,'和硕县',',3106,3142,',3142),
	(3151,'2017-06-16 00:56:19','2017-06-16 00:56:19',0,9,'新疆维吾尔自治区巴音郭楞蒙古自治州博湖县',2,'博湖县',',3106,3142,',3142),
	(3152,'2017-06-16 00:56:20','2017-06-16 00:56:20',0,8,'新疆维吾尔自治区阿克苏地区',1,'阿克苏地区',',3106,',3106),
	(3153,'2017-06-16 00:56:21','2017-06-16 00:56:21',0,1,'新疆维吾尔自治区阿克苏地区阿克苏市',2,'阿克苏市',',3106,3152,',3152),
	(3154,'2017-06-16 00:56:22','2017-06-16 00:56:22',0,2,'新疆维吾尔自治区阿克苏地区温宿县',2,'温宿县',',3106,3152,',3152),
	(3155,'2017-06-16 00:56:23','2017-06-16 00:56:23',0,3,'新疆维吾尔自治区阿克苏地区库车县',2,'库车县',',3106,3152,',3152),
	(3156,'2017-06-16 00:56:24','2017-06-16 00:56:24',0,4,'新疆维吾尔自治区阿克苏地区沙雅县',2,'沙雅县',',3106,3152,',3152),
	(3157,'2017-06-16 00:56:25','2017-06-16 00:56:25',0,5,'新疆维吾尔自治区阿克苏地区新和县',2,'新和县',',3106,3152,',3152),
	(3158,'2017-06-16 00:56:26','2017-06-16 00:56:26',0,6,'新疆维吾尔自治区阿克苏地区拜城县',2,'拜城县',',3106,3152,',3152),
	(3159,'2017-06-16 00:56:27','2017-06-16 00:56:27',0,7,'新疆维吾尔自治区阿克苏地区乌什县',2,'乌什县',',3106,3152,',3152),
	(3160,'2017-06-16 00:56:28','2017-06-16 00:56:28',0,8,'新疆维吾尔自治区阿克苏地区阿瓦提县',2,'阿瓦提县',',3106,3152,',3152),
	(3161,'2017-06-16 00:56:29','2017-06-16 00:56:29',0,9,'新疆维吾尔自治区阿克苏地区柯坪县',2,'柯坪县',',3106,3152,',3152),
	(3162,'2017-06-16 00:56:30','2017-06-16 00:56:30',0,9,'新疆维吾尔自治区克孜勒苏柯尔克孜自治州',1,'克孜勒苏柯尔克孜自治州',',3106,',3106),
	(3163,'2017-06-16 00:56:31','2017-06-16 00:56:31',0,1,'新疆维吾尔自治区克孜勒苏柯尔克孜自治州阿图什市',2,'阿图什市',',3106,3162,',3162),
	(3164,'2017-06-16 00:56:32','2017-06-16 00:56:32',0,2,'新疆维吾尔自治区克孜勒苏柯尔克孜自治州阿克陶县',2,'阿克陶县',',3106,3162,',3162),
	(3165,'2017-06-16 00:56:33','2017-06-16 00:56:33',0,3,'新疆维吾尔自治区克孜勒苏柯尔克孜自治州阿合奇县',2,'阿合奇县',',3106,3162,',3162),
	(3166,'2017-06-16 00:56:34','2017-06-16 00:56:34',0,4,'新疆维吾尔自治区克孜勒苏柯尔克孜自治州乌恰县',2,'乌恰县',',3106,3162,',3162),
	(3167,'2017-06-16 00:56:35','2017-06-16 00:56:35',0,10,'新疆维吾尔自治区喀什地区',1,'喀什地区',',3106,',3106),
	(3168,'2017-06-16 00:56:36','2017-06-16 00:56:36',0,1,'新疆维吾尔自治区喀什地区喀什市',2,'喀什市',',3106,3167,',3167),
	(3169,'2017-06-16 00:56:37','2017-06-16 00:56:37',0,2,'新疆维吾尔自治区喀什地区疏附县',2,'疏附县',',3106,3167,',3167),
	(3170,'2017-06-16 00:56:38','2017-06-16 00:56:38',0,3,'新疆维吾尔自治区喀什地区疏勒县',2,'疏勒县',',3106,3167,',3167),
	(3171,'2017-06-16 00:56:39','2017-06-16 00:56:39',0,4,'新疆维吾尔自治区喀什地区英吉沙县',2,'英吉沙县',',3106,3167,',3167),
	(3172,'2017-06-16 00:56:40','2017-06-16 00:56:40',0,5,'新疆维吾尔自治区喀什地区泽普县',2,'泽普县',',3106,3167,',3167),
	(3173,'2017-06-16 00:56:41','2017-06-16 00:56:41',0,6,'新疆维吾尔自治区喀什地区莎车县',2,'莎车县',',3106,3167,',3167),
	(3174,'2017-06-16 00:56:42','2017-06-16 00:56:42',0,7,'新疆维吾尔自治区喀什地区叶城县',2,'叶城县',',3106,3167,',3167),
	(3175,'2017-06-16 00:56:43','2017-06-16 00:56:43',0,8,'新疆维吾尔自治区喀什地区麦盖提县',2,'麦盖提县',',3106,3167,',3167),
	(3176,'2017-06-16 00:56:44','2017-06-16 00:56:44',0,9,'新疆维吾尔自治区喀什地区岳普湖县',2,'岳普湖县',',3106,3167,',3167),
	(3177,'2017-06-16 00:56:45','2017-06-16 00:56:45',0,10,'新疆维吾尔自治区喀什地区伽师县',2,'伽师县',',3106,3167,',3167),
	(3178,'2017-06-16 00:56:46','2017-06-16 00:56:46',0,11,'新疆维吾尔自治区喀什地区巴楚县',2,'巴楚县',',3106,3167,',3167),
	(3179,'2017-06-16 00:56:47','2017-06-16 00:56:47',0,12,'新疆维吾尔自治区喀什地区塔什库尔干塔吉克自治县',2,'塔什库尔干塔吉克自治县',',3106,3167,',3167),
	(3180,'2017-06-16 00:56:48','2017-06-16 00:56:48',0,11,'新疆维吾尔自治区和田地区',1,'和田地区',',3106,',3106),
	(3181,'2017-06-16 00:56:49','2017-06-16 00:56:49',0,1,'新疆维吾尔自治区和田地区和田市',2,'和田市',',3106,3180,',3180),
	(3182,'2017-06-16 00:56:50','2017-06-16 00:56:50',0,2,'新疆维吾尔自治区和田地区和田县',2,'和田县',',3106,3180,',3180),
	(3183,'2017-06-16 00:56:51','2017-06-16 00:56:51',0,3,'新疆维吾尔自治区和田地区墨玉县',2,'墨玉县',',3106,3180,',3180),
	(3184,'2017-06-16 00:56:52','2017-06-16 00:56:52',0,4,'新疆维吾尔自治区和田地区皮山县',2,'皮山县',',3106,3180,',3180),
	(3185,'2017-06-16 00:56:53','2017-06-16 00:56:53',0,5,'新疆维吾尔自治区和田地区洛浦县',2,'洛浦县',',3106,3180,',3180),
	(3186,'2017-06-16 00:56:54','2017-06-16 00:56:54',0,6,'新疆维吾尔自治区和田地区策勒县',2,'策勒县',',3106,3180,',3180),
	(3187,'2017-06-16 00:56:55','2017-06-16 00:56:55',0,7,'新疆维吾尔自治区和田地区于田县',2,'于田县',',3106,3180,',3180),
	(3188,'2017-06-16 00:56:56','2017-06-16 00:56:56',0,8,'新疆维吾尔自治区和田地区民丰县',2,'民丰县',',3106,3180,',3180),
	(3189,'2017-06-16 00:56:57','2017-06-16 00:56:57',0,12,'新疆维吾尔自治区伊犁哈萨克自治州',1,'伊犁哈萨克自治州',',3106,',3106),
	(3190,'2017-06-16 00:56:58','2017-06-16 00:56:58',0,1,'新疆维吾尔自治区伊犁哈萨克自治州伊宁市',2,'伊宁市',',3106,3189,',3189),
	(3191,'2017-06-16 00:56:59','2017-06-16 00:56:59',0,2,'新疆维吾尔自治区伊犁哈萨克自治州奎屯市',2,'奎屯市',',3106,3189,',3189),
	(3192,'2017-06-16 00:57:00','2017-06-16 00:57:00',0,3,'新疆维吾尔自治区伊犁哈萨克自治州伊宁县',2,'伊宁县',',3106,3189,',3189),
	(3193,'2017-06-16 00:57:01','2017-06-16 00:57:01',0,4,'新疆维吾尔自治区伊犁哈萨克自治州察布查尔锡伯自治县',2,'察布查尔锡伯自治县',',3106,3189,',3189),
	(3194,'2017-06-16 00:57:02','2017-06-16 00:57:02',0,5,'新疆维吾尔自治区伊犁哈萨克自治州霍城县',2,'霍城县',',3106,3189,',3189),
	(3195,'2017-06-16 00:57:03','2017-06-16 00:57:03',0,6,'新疆维吾尔自治区伊犁哈萨克自治州巩留县',2,'巩留县',',3106,3189,',3189),
	(3196,'2017-06-16 00:57:04','2017-06-16 00:57:04',0,7,'新疆维吾尔自治区伊犁哈萨克自治州新源县',2,'新源县',',3106,3189,',3189),
	(3197,'2017-06-16 00:57:05','2017-06-16 00:57:05',0,8,'新疆维吾尔自治区伊犁哈萨克自治州昭苏县',2,'昭苏县',',3106,3189,',3189),
	(3198,'2017-06-16 00:57:06','2017-06-16 00:57:06',0,9,'新疆维吾尔自治区伊犁哈萨克自治州特克斯县',2,'特克斯县',',3106,3189,',3189),
	(3199,'2017-06-16 00:57:07','2017-06-16 00:57:07',0,10,'新疆维吾尔自治区伊犁哈萨克自治州尼勒克县',2,'尼勒克县',',3106,3189,',3189),
	(3200,'2017-06-16 00:57:08','2017-06-16 00:57:08',0,13,'新疆维吾尔自治区塔城地区',1,'塔城地区',',3106,',3106),
	(3201,'2017-06-16 00:57:09','2017-06-16 00:57:09',0,1,'新疆维吾尔自治区塔城地区塔城市',2,'塔城市',',3106,3200,',3200),
	(3202,'2017-06-16 00:57:10','2017-06-16 00:57:10',0,2,'新疆维吾尔自治区塔城地区乌苏市',2,'乌苏市',',3106,3200,',3200),
	(3203,'2017-06-16 00:57:11','2017-06-16 00:57:11',0,3,'新疆维吾尔自治区塔城地区额敏县',2,'额敏县',',3106,3200,',3200),
	(3204,'2017-06-16 00:57:12','2017-06-16 00:57:12',0,4,'新疆维吾尔自治区塔城地区沙湾县',2,'沙湾县',',3106,3200,',3200),
	(3205,'2017-06-16 00:57:13','2017-06-16 00:57:13',0,5,'新疆维吾尔自治区塔城地区托里县',2,'托里县',',3106,3200,',3200),
	(3206,'2017-06-16 00:57:14','2017-06-16 00:57:14',0,6,'新疆维吾尔自治区塔城地区裕民县',2,'裕民县',',3106,3200,',3200),
	(3207,'2017-06-16 00:57:15','2017-06-16 00:57:15',0,7,'新疆维吾尔自治区塔城地区和布克赛尔蒙古自治县',2,'和布克赛尔蒙古自治县',',3106,3200,',3200),
	(3208,'2017-06-16 00:57:16','2017-06-16 00:57:16',0,14,'新疆维吾尔自治区阿勒泰地区',1,'阿勒泰地区',',3106,',3106),
	(3209,'2017-06-16 00:57:17','2017-06-16 00:57:17',0,1,'新疆维吾尔自治区阿勒泰地区阿勒泰市',2,'阿勒泰市',',3106,3208,',3208),
	(3210,'2017-06-16 00:57:18','2017-06-16 00:57:18',0,2,'新疆维吾尔自治区阿勒泰地区布尔津县',2,'布尔津县',',3106,3208,',3208),
	(3211,'2017-06-16 00:57:19','2017-06-16 00:57:19',0,3,'新疆维吾尔自治区阿勒泰地区富蕴县',2,'富蕴县',',3106,3208,',3208),
	(3212,'2017-06-16 00:57:20','2017-06-16 00:57:20',0,4,'新疆维吾尔自治区阿勒泰地区福海县',2,'福海县',',3106,3208,',3208),
	(3213,'2017-06-16 00:57:21','2017-06-16 00:57:21',0,5,'新疆维吾尔自治区阿勒泰地区哈巴河县',2,'哈巴河县',',3106,3208,',3208),
	(3214,'2017-06-16 00:57:22','2017-06-16 00:57:22',0,6,'新疆维吾尔自治区阿勒泰地区青河县',2,'青河县',',3106,3208,',3208),
	(3215,'2017-06-16 00:57:23','2017-06-16 00:57:23',0,7,'新疆维吾尔自治区阿勒泰地区吉木乃县',2,'吉木乃县',',3106,3208,',3208),
	(3216,'2017-06-16 00:57:24','2017-06-16 00:57:24',0,15,'新疆维吾尔自治区石河子市',1,'石河子市',',3106,',3106),
	(3217,'2017-06-16 00:57:25','2017-06-16 00:57:25',0,16,'新疆维吾尔自治区阿拉尔市',1,'阿拉尔市',',3106,',3106),
	(3218,'2017-06-16 00:57:26','2017-06-16 00:57:26',0,17,'新疆维吾尔自治区图木舒克市',1,'图木舒克市',',3106,',3106),
	(3219,'2017-06-16 00:57:27','2017-06-16 00:57:27',0,18,'新疆维吾尔自治区五家渠市',1,'五家渠市',',3106,',3106),
	(3220,'2017-06-16 00:57:28','2017-06-16 00:57:28',0,32,'台湾省',0,'台湾省',',',NULL),
	(3221,'2017-06-16 00:57:29','2017-06-16 00:57:29',0,33,'香港特别行政区',0,'香港特别行政区',',',NULL),
	(3222,'2017-06-16 00:57:30','2017-06-16 00:57:30',0,34,'澳门特别行政区',0,'澳门特别行政区',',',NULL),
	(9998887776661,'2017-11-09 18:03:13','2017-11-09 18:03:13',0,0,'广东省佛山市顺德区管家乐1',3,'管家乐1',',1942,1986,1989,',1989),
	(9998887776662,'2017-11-09 18:03:17','2017-11-09 18:03:17',0,0,'广东省佛山市顺德区管家乐2',3,'管家乐2',',1942,1986,1989,',1989),
	(9998887776663,'2017-11-09 18:03:19','2017-11-09 18:03:19',0,0,'广东省佛山市顺德区管家乐3',3,'管家乐3',',1942,1986,1989,',1989),
	(9998887776664,'2017-11-09 18:03:19','2017-11-09 18:03:19',0,0,'广东省佛山市顺德区管家乐4',3,'管家乐4',',1942,1986,1989,',1989),
	(9998887776665,'2017-11-09 18:03:19','2017-11-09 18:03:19',0,0,'广东省佛山市顺德区管家乐5',3,'管家乐5',',1942,1986,1989,',1989),
	(9998887776666,'2017-11-09 18:03:19','2017-11-09 18:03:19',0,0,'广东省佛山市顺德区管家乐6',3,'管家乐6',',1942,1986,1989,',1989),
	(9998887776667,'2017-11-09 18:03:22','2017-11-09 18:03:22',0,0,'广东省佛山市顺德区管家乐7',3,'管家乐7',',1942,1986,1989,',1989),
	(9998887776668,'2017-11-09 18:03:27','2017-11-09 18:03:27',0,0,'广东省佛山市顺德区管家乐8',3,'管家乐8',',1942,1986,1989,',1989);

/*!40000 ALTER TABLE `area` ENABLE KEYS */;
UNLOCK TABLES;


# Dump of table area_freight_config
# ------------------------------------------------------------

DROP TABLE IF EXISTS `area_freight_config`;

CREATE TABLE `area_freight_config` (
  `id` bigint(20) NOT NULL COMMENT 'ID',
  `created_date` datetime NOT NULL COMMENT '创建日期',
  `last_modified_date` datetime NOT NULL COMMENT '最后修改日期',
  `version` bigint(20) NOT NULL COMMENT '版本',
  `continue_price` decimal(21,6) NOT NULL COMMENT '续重价格',
  `continue_weight` int(11) NOT NULL COMMENT '续重量',
  `first_price` decimal(21,6) NOT NULL COMMENT '首重价格',
  `first_weight` int(11) NOT NULL COMMENT '首重量',
  `shipping_method_id` bigint(20) NOT NULL COMMENT '配送方式',
  `store_id` bigint(20) NOT NULL COMMENT '店铺',
  `area_id` bigint(20) NOT NULL COMMENT '地区',
  PRIMARY KEY (`id`),
  KEY `ind_AreaFreightConfig_shippingMethod_id` (`shipping_method_id`),
  KEY `ind_AreaFreightConfig_store_id` (`store_id`),
  KEY `ind_AreaFreightConfig_area_id` (`area_id`),
  CONSTRAINT `FK8b8uapi3pw83xpduh3n03hn9d` FOREIGN KEY (`area_id`) REFERENCES `area` (`id`),
  CONSTRAINT `FKm3lakq890m3iu8vwx7cykrkwe` FOREIGN KEY (`shipping_method_id`) REFERENCES `shipping_method` (`id`),
  CONSTRAINT `FKqra3byee50q665a05mh5blt02` FOREIGN KEY (`store_id`) REFERENCES `store` (`id`)
) ENGINE=InnoDB DEFAULT CHARSET=utf8 COMMENT='地区运费配置';



# Dump of table article
# ------------------------------------------------------------

DROP TABLE IF EXISTS `article`;

CREATE TABLE `article` (
  `id` bigint(20) NOT NULL COMMENT 'ID',
  `created_date` datetime NOT NULL COMMENT '创建日期',
  `last_modified_date` datetime NOT NULL COMMENT '最后修改日期',
  `version` bigint(20) NOT NULL COMMENT '版本',
  `author` varchar(255) DEFAULT NULL COMMENT '作者',
  `content` longtext COMMENT '内容',
  `hits` bigint(20) NOT NULL COMMENT '点击数',
  `is_publication` bit(1) NOT NULL COMMENT '是否发布',
  `is_top` bit(1) NOT NULL COMMENT '是否置顶',
  `seo_description` varchar(255) DEFAULT NULL COMMENT '页面描述',
  `seo_keywords` varchar(255) DEFAULT NULL COMMENT '页面关键词',
  `seo_title` varchar(255) DEFAULT NULL COMMENT '页面标题',
  `title` varchar(255) NOT NULL DEFAULT '' COMMENT '标题',
  `article_category_id` bigint(20) NOT NULL COMMENT '文章分类',
  PRIMARY KEY (`id`),
  KEY `ind_Article_articleCategory_id` (`article_category_id`),
  CONSTRAINT `FK2i5clwfi9ab3o0vout6ykgqhn` FOREIGN KEY (`article_category_id`) REFERENCES `article_category` (`id`)
) ENGINE=InnoDB DEFAULT CHARSET=utf8 COMMENT='文章';

LOCK TABLES `article` WRITE;
/*!40000 ALTER TABLE `article` DISABLE KEYS */;

INSERT INTO `article` (`id`, `created_date`, `last_modified_date`, `version`, `author`, `content`, `hits`, `is_publication`, `is_top`, `seo_description`, `seo_keywords`, `seo_title`, `title`, `article_category_id`)
VALUES
	(1,'2017-06-16 00:00:40','2017-06-16 00:00:40',0,NULL,'<p>尊敬的用户欢迎您注册成为本网站会员。请用户仔细阅读以下全部内容。如用户不同意本服务条款任意内容，请不要注册或使用本网站服务。如用户通过本网站注册程序，即表示用户与本网站已达成协议，自愿接受本服务条款的所有内容。此后，用户不得以未阅读本服务条款内容作任何形式的抗辩。</p><p><br/></p><p>一、本站服务条款的确认和接纳</p><p>本网站涉及的各项服务的所有权和运作权归本网站所有。本网站所提供的服务必须按照其发布的服务条款和操作规则严格执行。本服务条款的效力范围及于本网站的一切产品和服务，用户在享受本网站的任何服务时，应当受本服务条款的约束。</p><p><br/></p><p>二、服务简介</p><p>本网站运用自己的操作系统通过国际互联网络为用户提供各项服务。用户必须: 1. 提供设备，如个人电脑、手机或其他上网设备。 2. 个人上网和支付与此服务有关的费用。</p><p><br/></p><p>三、用户在不得在本网站上发布下列违法信息</p><p>1. 反对宪法所确定的基本原则的； 2. 危害国家安全，泄露国家秘密，颠覆国家政权，破坏国家统一的； 3. 损害国家荣誉和利益的； 4. 煽动民族仇恨、民族歧视，破坏民族团结的； 5. 破坏国家宗教政策，宣扬邪教和封建迷信的； 6. 散布谣言，扰乱社会秩序，破坏社会稳定的； 7. 散布淫秽、色情、赌博、暴力、凶杀、恐怖或者教唆犯罪的； 8. 侮辱或者诽谤他人，侵害他人合法权益的； 9. 含有法律、行政法规禁止的其他内容的。</p><p><br/></p><p>四、有关个人资料</p><p>用户同意: 1. 提供及时、详尽及准确的个人资料。 2. 同意接收来自本网站的信息。 3. 不断更新注册资料，符合及时、详尽准确的要求。所有原始键入的资料将引用为注册资料。 4. 本网站不公开用户的姓名、地址、电子邮箱和笔名。除以下情况外: a) 用户授权本站透露这些信息。 b) 相应的法律及程序要求本站提供用户的个人资料。</p><p><br/></p><p>五、服务条款的修改</p><p>本网站有权在必要时修改服务条款，一旦条款及服务内容产生变动，本网站将会在重要页面上提示修改内容。如果不同意所改动的内容，用户可以主动取消获得的本网站信息服务。如果用户继续享用本网站信息服务，则视为接受服务条款的变动。</p><p><br/></p><p>六、用户隐私制度</p><p>尊重用户个人隐私是本网站的一项基本政策。所以，本网站一定不会在未经合法用户授权时公开、编辑或透露其注册资料及保存在本网站中的非公开内容，除非有法律许可要求或本网站在诚信的基础上认为透露这些信息在以下四种情况是必要的: 1. 遵守有关法律规定，遵从本网站合法服务程序。 2. 保持维护本网站的商标所有权。 3. 在紧急情况下竭力维护用户个人和社会大众的隐私安全。 4. 符合其他相关的要求。</p><p><br/></p><p>七、用户的帐号、密码和安全性</p><p>用户一旦注册成功，将获得一个密码和用户名。用户需谨慎合理的保存、使用用户名和密码。如果你不保管好自己的帐号和密码安全，将负全部责任。另外，每个用户都要对其帐户中的所有活动和事件负全责。你可随时根据指示改变你的密码。用户若发现任何非法使用用户帐号或存在安全漏洞的情况，请立即通告本网站。</p><p><br/></p><p>八、 拒绝提供担保</p><p>用户明确同意信息服务的使用由用户个人承担风险。本网站不担保服务不会受中断，对服务的及时性，安全性，出错发生都不作担保，但会在能力范围内，避免出错。</p><p><br/></p><p>九、有限责任</p><p>如因不可抗力或其它本站无法控制的原因使本站销售系统崩溃或无法正常使用导致网上交易无法完成或丢失有关的信息、记录等本站会尽可能合理地协助处理善后事宜，并努力使客户免受经济损失，同时会尽量避免这种损害的发生。</p><p><br/></p><p>十、用户信息的储存和限制</p><p>本站有判定用户的行为是否符合国家法律法规规定及本站服务条款权利，如果用户违背本网站服务条款的规定，本网站有权中断对其提供服务的权利。</p><p><br/></p><p>十一、用户管理</p><p>用户单独承担发布内容的责任。用户对服务的使用是根据所有适用于本站的国家法律、地方法律和国际法律标准的。用户必须遵循: 1. 使用网络服务不作非法用途。 2. 不干扰或混乱网络服务。 3. 遵守所有使用网络服务的网络协议、规定、程序和惯例。 用户须承诺不传输任何非法的、骚扰性的、中伤他人的、辱骂性的、恐性的、伤害性的、庸俗的、淫秽等信息资料。另外，用户也不能传输何教唆他人构成犯罪行为的资料；不能传输助长国内不利条件和涉及国家安全的资料；不能传输任何不符合当地法规、国家法律和国际法律的资料。未经许可而非法进入其它电脑系统是禁止的。 若用户的行为不符合以上提到的服务条款，本站将作出独立判断立即取消用户服务帐号。用户需对自己在网上的行为承担法律责任。用户若在本站上散布和传播反动、色情或其它违反国家法律的信息，本站的系统记录有可能作为用户违反法律的证据。</p><p><br/></p><p>十二、通告</p><p>所有发给用户的通告都可通过重要页面的公告或电子邮件或常规的信件传送。服务条款的修改、服务变更、或其它重要事件的通告都会以此形式进行。</p><p><br/></p><p>十三、信息内容的所有权</p><p>本网站定义的信息内容包括: 文字、软件、声音、相片、录象、图表；在广告中全部内容；本网站为用户提供的其它信息。所有这些内容受版权、商标、标签和其它财产所有权法律的保护。所以，用户只能在本网站和广告商授权下才能使用这些内容，而不能擅自复制、再造这些内容、或创造与内容有关的派生产品。本站所有的文章版权归原文作者和本站共同所有，任何人需要转载本站的文章，必须征得原文作者或本站授权。</p><p><br/></p><p>十四、法律</p><p>本协议的订立、执行和解释及争议的解决均应适用中华人民共和国的法律。用户和本网站一致同意服从本网站所在地有管辖权的法院管辖。如发生本网站服务条款与中华人民共和国法律相抵触时，则这些条款将完全按法律规定重新解释，而其它条款则依旧保持对用户的约束力。</p>',0,b'1',b'0',NULL,NULL,NULL,'注册协议',3),
	(2,'2017-06-16 00:00:41','2017-06-16 00:00:41',0,NULL,'<p>随着电子商务的普及、移动端的大力发展，亚洲2015年将有望取代北美成为全球最大的电商市场。</p><p><br/></p><p>该报告预测，2015年亚洲零售市场预期平均增长4.6%，达到7.6万亿美元，远超欧洲(0.8%)及北美(2.5%)市场，稳居全球最大消费市场。值得注意的是，女性在整个亚洲消费市场中占有举足轻重的地位，网购更成为推动亚洲女性消费的新兴方式。</p><p><br/></p><p>在发布会现场，经济学人智库的资深分析师Laurel West表示：随着亚洲女性消费者经济地位的不断提升，亚洲女性正成为亚洲消费市场的主要驱动力。通过本次调研发现，亚洲女性在很大程度上主导了家庭消费决策，不仅在服饰、化妆品、日用品等类别，还包括电子产品、家具、旅行等高单价商品类别。</p><p><br/></p><p>值得一提的是，相比线下购物，近一半的女性更青睐网购(中国大陆为69%)；63%的女性每天至少上网浏览商品与服务一次，近30%的人每天浏览两次或更多。女性更愿意为自己购物，此外，部分女性在感到为自己购买过多时，出于“内疚”心理，会为丈夫、子女及父母等家庭成员买些东西作为补偿。女性消费者网购最关注的是：品牌优品、优惠价格和正品商品；女性购买最多的品类是：服饰、母婴和美妆。</p><p><br/></p><p>另外，调查发现移动端购物已成为主流趋势之一，在年轻的亚洲女性消费群体中尤为明显。调查显示，18至29岁年龄段的女性热衷网购的比例高达一半，且在这一年龄段中超过一半的女性习惯在家用智能手机网购。而 “冲动消费”的特征在这一年龄段的亚洲女性身上也更为突出，半数以上的18至29岁女性承认更容易冲动购物，而在稍大年龄段的女性中则为40%。</p><p><br/></p><p>这份名为《崛起中的亚洲女性网购力量》调查报告，汇集了两岸三地、印度、日本、新加坡以及韩国5500名女性网购数据。</p>',0,b'1',b'0',NULL,NULL,NULL,'亚洲将有望成为全球最大电商市场',1),
	(3,'2017-06-16 00:00:42','2017-06-16 00:00:42',0,NULL,'<p>近日，普华永道最新发布的《2015年中国金融及银行业展望》调研。大部份受访者认为不良贷款风险仍在可控范围。此外， 本次调研除了国内银行及外资银行，还包括互联网P2P借贷平台、互联网理财机构等等。虽然新参与者直接挑战了传统金融机构，但受访者认为将来两者之间合作 胜于竞争。调研预期，对于互联网金融更严格监管将在2015年得到落实。参与调研的受访者认为，商业银行的净息差将被进一步压缩至约2%，这个水平与大部份发达国家市场相似。受访者认为，中国银行业必须减少对存贷业务的依赖。调研显示，越来越多的传统金融机构也进行互联网探索，比如一些信托公司觊觎互联网产品销售平台，以求降低成本。分析认为，互联网理财产品除了拥有高收益外， 还有传统货币及银行理财产品无法比拟的流动性优势。但随着央行向商业提供流动性，银行同业拆借利率有所回落，上述产品的收益率优势在缩小。此外，传统商业银行的中间业务收入也受到了互联网第三方支付平台的挑战，比如支付宝及财付通等。调研认为，第三方支付平台的出现，导致商业银行从传统银行卡业务中能收取的费用越来越少。预计2015年，线上支付会突破10万亿人民币，移动支付会突破4万亿人民币。</p>',0,b'1',b'0',NULL,NULL,NULL,'2015年我国移动支付或突破4万亿元',1),
	(4,'2017-06-16 00:00:43','2017-06-16 00:00:43',0,NULL,'<p>2014年是移动电商大爆发的一年。微信和手机QQ购物、微店、天猫和京东移动端交易、网上支付、电商+虚拟运营商等成为2014年移动电商的关键词。各大电商如阿里、京东、苏宁、唯品会等也在向移动电商倾斜。同时，中国互联网协会秘书长卢卫表示，2014年我国互联网领域迎来新一轮融资高峰，新兴O2O商务应用服务在国内全面布局，涉及招聘、电影票、交通票务、旅游门票、打车代驾租车、餐饮、美容、汽车保养等领域的移动互联网热点不断涌现，服务民生的智能应有体系逐步成熟，市场规模加速扩大。截至2014年第三季度，我国移动网购交易规模已超2100亿元，比2013年增长了近3倍。据中国电子商务研究中心监测数据显示，2014年中国移动购物的交易规模接近10万亿元，增长率达到270%。</p>',0,b'1',b'0',NULL,NULL,NULL,'2015年我国移动电商交易规模或将超千亿',1),
	(5,'2017-06-16 00:00:44','2017-06-16 00:00:44',0,NULL,'<p>从2014年看，B2C市场中，天猫市场份额占比超六成，京东占比为18.6%，其余B2C企业中唯品会、1号店、国美的增速均高于B2C市场整体增速。从自主销售为主B2C市场来看，京东占比近五成，苏宁易购占比达到8.5%，唯品会占比达到7.7%，其他项中小米手机官网发展迅速，整个市场集中度依然较高。</p><p><br/></p><p>艾瑞分析认为，阿里及京东等综合性电商在进行多元化发展的同时，其他电商企业也纷纷在行业内寻找自己的生存空间，从供应链整合、产品拓展、品牌打造、服务优化等各方面持续发力，提升企业的核心竞争优势，网络购物行业竞争格局将持续演进。</p><p><br/></p><p>未来趋势：渠道下沉、行业渗透范围扩大及跨境电商将成为行业未来发展趋势</p><p><br/></p><p>渠道下沉：三四线城市及乡镇地区的居民收入水平的不断提高，购物需求日益旺盛，在一二线城市网购渗透率逐渐饱和的情况下，需求旺盛的农村市场开始成为各电商企业发力的新重点，近两年来大量电商企业通过刷墙、建立服务点等方式进入农村，物流公司也开始覆盖乡镇等配送范围，未来几年，电商将持续向三四线城市及乡镇地区渗透。</p><p><br/></p><p>加速向各行业渗透：随着电子商务进程的加深及网络销售商品品类的不断扩充，除了电商行业内先发品类如服装、3C家电、化妆品等线上渗透率不断提升外，偏服务及体验的产品如商旅、保险、基金等产品的线上发展水平也在不断提升，此外，重服务的家装电商、医药电商等也开始快速发展。</p><p><br/></p><p>跨境电商快速发展：从政策层面看，国家出台了一系列跨境电商促进政策并先后批准上海、宁波、郑州等市开展跨境电商试点，为跨境电商提供政策支持。从市场需求看，除了国外消费者对中国国内物美价廉商品的巨大需求外，随着社会消费水平的提高中国消费者对海外优质的品牌商品也有同样旺盛的购买需求。从企业来看，除了既有行业内的大量外贸电商企业外，内贸电商企业也纷纷实施国际化战略，布局跨境电商业务。未来几年，在行业前景明朗、政策利好及市场需求旺盛的共同推动下，未来跨境电商行业将会获得快速发展。</p>',0,b'1',b'0',NULL,NULL,NULL,'2014我国网络购物交易规模2.8万亿 增48%',1),
	(6,'2017-06-16 00:00:45','2017-06-16 00:00:45',0,NULL,'<p>据新华社电奢侈品研究和顾问机构财富品质研究院昨天发布的《中国奢侈品报告》表明，中国消费者奢侈品消费76％在境外。</p><p><br/></p><p>财富品质研究院调研显示，中国消费者2014年在本土消费额明显下降，为250亿美元，同比下降11％，中国奢侈品市场占全球奢侈品市场比重由2013年的13％下降到2014年的11％。虽然奥特莱斯和网络销售都有明显增长，但都没有改变2014年中国奢侈品市场整体下滑态势；中国消费者境外消费进一步加强，2014年境外消费达810亿美元，同比增长超过9％。</p><p><br/></p><p>“这说明2014年中国消费者76％的奢侈品消费发生在境外，中国消费者奢侈品消费外流已经到了非常严重的地步。”财富品质研究院院长周婷说。</p><p><br/></p><p>虽然全球奢侈品市场2014年依然面临诸多压力，但是全球奢侈品市场总容量仍达到创纪录的2320亿美元，预计全年增长率达到7％。其增长主要来源于高端小众品牌，特别是定制类品牌的快速发展，而传统奢侈品牌的相对市场份额明显下降。</p><p><br/></p><p>据统计，中国消费者全球奢侈品消费达到1060亿美元，同比增长4％，这表明中国人2014年买走了全球46％的奢侈品，虽然占比略有下降，但中国消费者仍是全球奢侈品市场无可争议的最大买家。</p>',0,b'1',b'0',NULL,NULL,NULL,'中国消费者奢侈品消费76％在境外',1),
	(7,'2017-06-16 00:00:46','2017-06-16 00:00:46',0,NULL,'<p>据媒体报道，中国互联网信息中心表示，截至去年底，中国网民达6.48亿。该数字较2013年增加3000万。</p><p><br/></p><p>中国有关网民的定义为半年内至少使用过一次互联网的人。中国的网民数量已超过世界上任何其他国家。中国还拥有庞大电商市场，互联网正被中国公民用以曝光官员滥权行为并已引发中共关注。</p>',0,b'1',b'0',NULL,NULL,NULL,'中国网民接近6.5亿 较2013年增加3000万',1),
	(8,'2017-06-16 00:00:47','2017-06-16 00:00:47',0,NULL,'<p>我国跨境电商的发展速度惊人。昨日中国海关总署表示，从2013年7月启动以来，截至去年底，中国跨境电子商务试点已突破30亿元人民币，其中约1/3为进口业务。</p><p><br/></p><p>在出口方面，截至2014年12月底，上海、重庆、杭州等16个城市先后开展出口业务，累计验放清单3823.5万份，出口到181个国家和地区，价值约20.4亿元。在进口方面，截至2014年12月底，上海、重庆、杭州、宁波、郑州、广州、深圳先后开展了进口业务，共验放包裹411万余件，价值约10.1亿元。</p><p><br/></p><p>海关总署新闻发言人张广志表示，为避免地方重复建设，海关总署2014年开发了适用于全国的统一版跨境电子商务出口通关管理系统，并于当年7月1日在东莞率先上线运行。该系统依托电子口岸平台，实现与电商、物流、支付企业和平台的高效对接，全程掌握跨境电子商务的准确数据和状态。目前，大龙网、亿赞普、傲基等50余家企业已经完成与中国电子口岸数据中心的联网对接，并实现数据交换。</p>',0,b'1',b'0',NULL,NULL,NULL,'2014年全年我国跨境电商试点突破30亿元',1),
	(9,'2017-06-16 00:00:48','2017-06-16 00:00:48',0,NULL,'<p>2014年可穿戴设备成为消费者的新宠，预示着另一种先进的电子消费品正在普及中：技术正在成为我们身体的一部分。根据eMarketer新报告“Wearables:10 Insights on Device Adoption and Business Opportunities.”，利用这些可穿戴设备的品牌也将成为我们身体的一部分。</p><p><br/></p><p>可穿戴设备</p><p><br/></p><p>今年可穿戴设备的出货量增长率将达到3位数，International Data Corporation预测2014年全球可穿戴设备出货量将达到192亿单位，增长超过200%。可穿戴设备受追捧主要有两个原因。首先，快速增长在新技术类别并不稀奇，尤其是一个大类别。身体的每个主要部位都有对应的可穿戴设备。其次，这种神奇的商品吸引了大量的消费者，但还未进入市场。Apple Watch将会在2015年初推出。但是，各个种类的可穿戴设备在美国消费者中的普及率都比较低。</p><p><br/></p><p>但是，忽视可穿戴设备是个失误。早期使用这些设备很有吸引力，这标志着美国市场已经准备好迎接下一个技术革新。而且，前瞻性企业已经开始采取行动，屏幕出现在更多可穿戴设备上，展示技术正在改进。但是，消费者使用可穿戴设备跟多的是因为其可以穿戴、跟踪和通知，这使得营销商将注意力集中在可穿戴上而不是互动上。</p><p><br/></p><p>全球移动广告网络运营商InMobi副总裁Atul Satija表示“可穿戴设备的互动不会是通过两个大拇指的方式，而是通过单个手指选择‘是’或‘否’来进行的。”</p><p><br/></p><p>例如，许多营销商相信用智能手表接收信息会促进互动。由于接触互动的受限，Satija和其他人都认为声音将会是更友好、更有效的互动方式。</p><p><br/></p><p>房地产搜索网站Trulia的CEO Kira Wampler表示，发送到可穿戴设备的信息的目的应该是“给用户选择是否采取下一步行动的信息”，更复杂的交流是不可能的。</p>',0,b'1',b'0',NULL,NULL,NULL,'2014全球可穿戴设备出货量将增超200%',1),
	(10,'2017-06-16 00:00:49','2017-06-16 00:00:49',0,NULL,'<p>狂欢节活动</p>',0,b'1',b'0',NULL,NULL,NULL,'狂欢节活动',2),
	(11,'2017-06-16 00:00:50','2017-06-16 00:00:50',0,NULL,'<p>手机全场低至9.5折</p>',0,b'1',b'0',NULL,NULL,NULL,'手机全场低至9.5折',2),
	(12,'2017-06-16 00:00:51','2017-06-16 00:00:51',0,NULL,'<p>劲爆限时抢购</p>',0,b'1',b'0',NULL,NULL,NULL,'劲爆限时抢购',2),
	(13,'2017-06-16 00:00:52','2017-06-16 00:00:52',0,NULL,'<p>家电狂降五折起</p>',0,b'1',b'0',NULL,NULL,NULL,'家电狂降五折起',2),
	(14,'2017-06-16 00:00:53','2017-06-16 00:00:53',0,NULL,'<p>年终排行榜盛惠</p>',0,b'1',b'0',NULL,NULL,NULL,'年终排行榜盛惠',2),
	(15,'2017-06-16 00:00:54','2017-10-10 09:51:24',19,'xx','<p>将限量”温情”带回家</p>',1,b'1',b'0',NULL,NULL,NULL,'将限量”温情”带回家',2);

/*!40000 ALTER TABLE `article` ENABLE KEYS */;
UNLOCK TABLES;


# Dump of table article_article_tag
# ------------------------------------------------------------

DROP TABLE IF EXISTS `article_article_tag`;

CREATE TABLE `article_article_tag` (
  `articles_id` bigint(20) NOT NULL,
  `article_tags_id` bigint(20) NOT NULL,
  PRIMARY KEY (`articles_id`,`article_tags_id`),
  KEY `ind_Article_ArticleTag_articleTags_id` (`article_tags_id`),
  CONSTRAINT `FKcbx9apkd5tmi5arqy3l2e4ih1` FOREIGN KEY (`articles_id`) REFERENCES `article` (`id`),
  CONSTRAINT `FKfjidfrvi8xa77xwie8m8f69a` FOREIGN KEY (`article_tags_id`) REFERENCES `article_tag` (`id`)
) ENGINE=InnoDB DEFAULT CHARSET=utf8 COMMENT='文章文章标签中间表';

LOCK TABLES `article_article_tag` WRITE;
/*!40000 ALTER TABLE `article_article_tag` DISABLE KEYS */;

INSERT INTO `article_article_tag` (`articles_id`, `article_tags_id`)
VALUES
	(15,1);

/*!40000 ALTER TABLE `article_article_tag` ENABLE KEYS */;
UNLOCK TABLES;


# Dump of table article_category
# ------------------------------------------------------------

DROP TABLE IF EXISTS `article_category`;

CREATE TABLE `article_category` (
  `id` bigint(20) NOT NULL COMMENT 'ID',
  `created_date` datetime NOT NULL COMMENT '创建日期',
  `last_modified_date` datetime NOT NULL COMMENT '最后修改日期',
  `version` bigint(20) NOT NULL COMMENT '版本',
  `orders` int(11) DEFAULT NULL COMMENT '排序',
  `grade` int(11) NOT NULL COMMENT '层级',
  `name` varchar(255) NOT NULL DEFAULT '' COMMENT '名称',
  `seo_description` varchar(255) DEFAULT NULL COMMENT '页面描述',
  `seo_keywords` varchar(255) DEFAULT NULL COMMENT '页面关键词',
  `seo_title` varchar(255) DEFAULT NULL COMMENT '页面标题',
  `tree_path` varchar(255) NOT NULL DEFAULT '' COMMENT '树路径',
  `parent_id` bigint(20) DEFAULT NULL COMMENT '上级分类',
  PRIMARY KEY (`id`),
  KEY `ind_ArticleCategory_parent_id` (`parent_id`),
  CONSTRAINT `FK58b0741ox5hu6c082a6x7fy0g` FOREIGN KEY (`parent_id`) REFERENCES `article_category` (`id`)
) ENGINE=InnoDB DEFAULT CHARSET=utf8 COMMENT='文章分类';

LOCK TABLES `article_category` WRITE;
/*!40000 ALTER TABLE `article_category` DISABLE KEYS */;

INSERT INTO `article_category` (`id`, `created_date`, `last_modified_date`, `version`, `orders`, `grade`, `name`, `seo_description`, `seo_keywords`, `seo_title`, `tree_path`, `parent_id`)
VALUES
	(1,'2017-06-16 00:00:57','2017-09-27 17:41:32',2,1,0,'商城动态',NULL,NULL,NULL,',',NULL),
	(2,'2017-06-16 00:00:58','2017-06-16 00:00:58',0,2,0,'活动促销',NULL,NULL,NULL,',',NULL),
	(3,'2017-06-16 00:00:59','2017-06-16 00:00:59',0,3,0,'帮助中心',NULL,NULL,NULL,',',NULL);

/*!40000 ALTER TABLE `article_category` ENABLE KEYS */;
UNLOCK TABLES;


# Dump of table article_tag
# ------------------------------------------------------------

DROP TABLE IF EXISTS `article_tag`;

CREATE TABLE `article_tag` (
  `id` bigint(20) NOT NULL COMMENT 'ID',
  `created_date` datetime NOT NULL COMMENT '创建日期',
  `last_modified_date` datetime NOT NULL COMMENT '最后修改日期',
  `version` bigint(20) NOT NULL COMMENT '版本',
  `orders` int(11) DEFAULT NULL COMMENT '排序',
  `icon` varchar(255) DEFAULT NULL COMMENT '图标',
  `memo` varchar(255) DEFAULT NULL COMMENT '备注',
  `name` varchar(255) NOT NULL DEFAULT '' COMMENT '名称',
  PRIMARY KEY (`id`)
) ENGINE=InnoDB DEFAULT CHARSET=utf8 COMMENT='文章标签';

LOCK TABLES `article_tag` WRITE;
/*!40000 ALTER TABLE `article_tag` DISABLE KEYS */;

INSERT INTO `article_tag` (`id`, `created_date`, `last_modified_date`, `version`, `orders`, `icon`, `memo`, `name`)
VALUES
	(1,'2017-06-16 00:00:55','2017-06-16 00:00:55',0,1,NULL,NULL,'热点'),
	(2,'2017-06-16 00:00:56','2017-06-16 00:00:56',0,2,NULL,NULL,'推荐');

/*!40000 ALTER TABLE `article_tag` ENABLE KEYS */;
UNLOCK TABLES;


# Dump of table attribute
# ------------------------------------------------------------

DROP TABLE IF EXISTS `attribute`;

CREATE TABLE `attribute` (
  `id` bigint(20) NOT NULL COMMENT 'ID',
  `created_date` datetime NOT NULL COMMENT '创建日期',
  `last_modified_date` datetime NOT NULL COMMENT '最后修改日期',
  `version` bigint(20) NOT NULL COMMENT '版本',
  `orders` int(11) DEFAULT NULL COMMENT '排序',
  `name` varchar(255) NOT NULL DEFAULT '' COMMENT '名称',
  `options` longtext NOT NULL COMMENT '可选项',
  `property_index` int(11) NOT NULL COMMENT '属性序号',
  `product_category_id` bigint(20) NOT NULL COMMENT '绑定分类',
  PRIMARY KEY (`id`),
  KEY `ind_attribute_product_category_id` (`product_category_id`),
  CONSTRAINT `FK9hkcj2qbo341wfnvqwxvxidy9` FOREIGN KEY (`product_category_id`) REFERENCES `product_category` (`id`)
) ENGINE=InnoDB DEFAULT CHARSET=utf8;

LOCK TABLES `attribute` WRITE;
/*!40000 ALTER TABLE `attribute` DISABLE KEYS */;

INSERT INTO `attribute` (`id`, `created_date`, `last_modified_date`, `version`, `orders`, `name`, `options`, `property_index`, `product_category_id`)
VALUES
	(1,'2017-06-16 00:00:16','2017-06-16 00:00:16',0,1,'屏幕尺寸','[\"3英寸以下\",\"3-4英寸\",\"4-5英寸\",\"5-6英寸\",\"6-7英寸\",\"7-8英寸\",\"8英寸以上\"]',0,41),
	(2,'2017-06-16 00:00:17','2017-06-16 00:00:17',0,2,'网络类型','[\"移动4G\",\"联通4G\",\"电信4G\",\"移动3G\",\"联通3G\",\"电信3G\",\"移动2G\",\"联通2G\",\"电信2G\"]',1,41),
	(3,'2017-06-16 00:00:18','2017-06-16 00:00:18',0,3,'网络模式','[\"单卡单模\",\"单卡多模\",\"双卡双模\",\"双卡多模\"]',2,41),
	(4,'2017-06-16 00:00:19','2017-06-16 00:00:19',0,4,'操作系统','[\"iOS\",\"Android\",\"Windows\",\"其它\"]',3,41),
	(5,'2017-06-16 00:00:20','2017-06-16 00:00:20',0,5,'有效像素','[\"1000万以下\",\"1000-1200万\",\"1200-1500万\",\"1500-1800万\",\"1800-2000万\",\"2000万以上\"]',0,49),
	(6,'2017-06-16 00:00:21','2017-06-16 00:00:21',0,6,'光学变焦','[\"定焦\",\"4倍\",\"5倍\",\"6倍\",\"8倍\",\"10倍\",\"12倍\",\"18倍\",\"20倍\"]',1,49),
	(7,'2017-06-16 00:00:22','2017-06-16 00:00:22',0,7,'防抖性能','[\"不防抖\",\"电子防抖\",\"光学防抖\",\"双重防抖\",\"多重防抖\"]',2,49),
	(8,'2017-06-16 00:00:23','2017-06-16 00:00:23',0,8,'镜头类型','[\"潜望式\",\"伸缩式\"]',3,49),
	(9,'2017-06-16 00:00:24','2017-06-16 00:00:24',0,9,'屏幕尺寸','[\"10英寸以下\",\"10-11英寸\",\"11-12英寸\",\"12-13英寸\",\"13-14英寸\",\"14-15英寸\",\"15-16英寸\",\"16-17英寸\",\"17英寸以上\"]',0,79),
	(10,'2017-06-16 00:00:25','2017-06-16 00:00:25',0,10,'硬盘容量','[\"128GB\",\"256GB\",\"320GB\",\"500GB\",\"750GB\",\"1TB\"]',1,79),
	(11,'2017-06-16 00:00:26','2017-06-16 00:00:26',0,11,'内存容量','[\"2GB\",\"4GB\",\"6GB\",\"8GB\",\"16GB\"]',2,79),
	(12,'2017-06-16 00:00:27','2017-06-16 00:00:27',0,12,'屏幕类型','[\"触摸屏\",\"非触摸屏\"]',3,79),
	(13,'2017-06-16 00:00:28','2017-06-16 00:00:28',0,13,'屏幕尺寸','[\"5英寸以下\",\"5-6英寸\",\"6-7英寸\",\"7-8英寸\",\"8-9英寸\",\"9-10英寸\",\"10英寸以上\"]',0,82),
	(14,'2017-06-16 00:00:29','2017-06-16 00:00:29',0,14,'硬盘容量','[\"4GB\",\"8GB\",\"16GB\",\"32GB\",\"64GB\",\"128GB\",\"256GB\",\"512GB\"]',1,82),
	(15,'2017-06-16 00:00:30','2017-06-16 00:00:30',0,15,'操作系统','[\"iOS\",\"Android\",\"Windows\",\"其它\"]',2,82),
	(16,'2017-06-16 00:00:31','2017-06-16 00:00:31',0,16,'内存容量','[\"2GB\",\"4GB\",\"6GB\",\"8GB\",\"16GB\"]',3,82),
	(17,'2017-06-16 00:00:32','2017-06-16 00:00:32',0,17,'屏幕尺寸','[\"30英寸以下\",\"30-35英寸\",\"35-40英寸\",\"40-45英寸\",\"45-50英寸\",\"50-55英寸\",\"55-60英寸\",\"60英寸以上\"]',0,145),
	(18,'2017-06-16 00:00:33','2017-06-16 00:00:33',0,18,'电视类型','[\"LED电视\",\"LCD电视\",\"等离子电视\"]',1,145),
	(19,'2017-06-16 00:00:34','2017-06-16 00:00:34',0,19,'空调功率','[\"1匹\",\"大1匹\",\"1.5匹\",\"大1.5匹\",\"2匹\",\"大2匹\",\"3匹\",\"5匹\"]',0,150),
	(20,'2017-06-16 00:00:35','2017-06-16 00:00:35',0,20,'工作方式','[\"定速\",\"变频\"]',1,150),
	(21,'2017-06-16 00:00:36','2017-06-16 00:00:36',0,21,'面料','[\"棉\",\"麻\",\"蚕丝\",\"羊毛\",\"涤纶\",\"腈纶\",\"锦纶\"]',0,151),
	(22,'2017-06-16 00:00:37','2017-06-16 00:00:37',0,22,'板型','[\"修身\",\"正常\",\"宽松\"]',1,151),
	(23,'2017-06-16 00:00:38','2017-06-16 00:00:38',0,23,'面料','[\"棉\",\"麻\",\"蚕丝\",\"羊毛\",\"涤纶\",\"腈纶\",\"锦纶\"]',0,159),
	(24,'2017-06-16 00:00:39','2017-06-16 00:00:39',0,24,'厚薄','[\"薄款\",\"常规\",\"加厚\"]',1,159),
	(104,'2017-09-26 14:52:00','2017-09-26 14:52:00',0,25,'屏幕尺寸','[\"3英寸以下\",\"3-4英寸\",\"4-5英寸\",\"5-6英寸\",\"6-7英寸\",\"7-8英寸\",\"8英寸以上\"]',0,1),
	(105,'2017-09-26 14:54:08','2017-09-26 14:54:08',0,26,'网络类型','[\"移动4G\",\"联通4G\",\"电信4G\",\"移动3G\",\"联通3G\",\"电信3G\",\"移动2G\",\"联通2G\",\"电信2G\"]',1,1),
	(106,'2017-09-26 14:55:02','2017-09-26 14:55:02',0,27,'网络模式','[\"单卡单模\",\"单卡多模\",\"双卡双模\",\"双卡多模\"]',2,1),
	(107,'2017-09-26 14:56:27','2017-09-26 14:56:27',0,27,'操作系统','[\"IOS\",\"Android\",\"Windows\",\"其他\"]',3,1);

/*!40000 ALTER TABLE `attribute` ENABLE KEYS */;
UNLOCK TABLES;


# Dump of table audit_log
# ------------------------------------------------------------

DROP TABLE IF EXISTS `audit_log`;

CREATE TABLE `audit_log` (
  `id` bigint(20) NOT NULL COMMENT 'ID',
  `created_date` datetime NOT NULL COMMENT '创建日期',
  `last_modified_date` datetime NOT NULL COMMENT '最后修改日期',
  `version` bigint(20) NOT NULL COMMENT '版本',
  `action` varchar(255) NOT NULL DEFAULT '' COMMENT '动作',
  `detail` varchar(255) DEFAULT NULL COMMENT '详情',
  `ip` varchar(255) NOT NULL DEFAULT '' COMMENT 'IP',
  `parameters` longtext COMMENT '请求参数',
  `request_url` varchar(255) NOT NULL DEFAULT '' COMMENT '请求URL',
  `admin_id` bigint(20) DEFAULT NULL COMMENT '用户',
  PRIMARY KEY (`id`)
) ENGINE=InnoDB DEFAULT CHARSET=utf8 COMMENT='审计日志';

LOCK TABLES `audit_log` WRITE;
/*!40000 ALTER TABLE `audit_log` DISABLE KEYS */;

INSERT INTO `audit_log` (`id`, `created_date`, `last_modified_date`, `version`, `action`, `detail`, `ip`, `parameters`, `request_url`, `admin_id`)
VALUES
	(908173706354688,'2017-11-13 15:11:11','2017-11-13 15:11:11',0,'/admin/business/delete',NULL,'0:0:0:0:0:0:0:1','{\"ids\":[\"908093529575424\",\"905626430607360\"]}','http://localhost:8080/admin/business/delete',1),
	(908174652506112,'2017-11-13 15:15:02','2017-11-13 15:15:02',0,'/admin/product/delete',NULL,'0:0:0:0:0:0:0:1','{\"ids\":[\"906333795188736\",\"906105122045952\"]}','http://localhost:8080/admin/product/delete',1),
	(908176548995072,'2017-11-13 15:22:45','2017-11-13 15:22:45',0,'/admin/payment_plugin/alipay_direct_payment/update',NULL,'0:0:0:0:0:0:0:1','{\"paymentName\":[\"支付宝\"],\"partner\":[\"abc\"],\"key\":[\"abc\"],\"feeType\":[\"scale\"],\"fee\":[\"0\"],\"logo\":[\"/b2b2c/5.0/201601/ea830132-c208-427b-86ca-383f17f95eae.gif\"],\"file\":[\"\"],\"description\":[\"\"],\"order\":[\"3\"],\"csrfToken\":[\"0583c9f7a302cc6cb8d9fcd7be0487b5\"]}','http://localhost:8080/admin/payment_plugin/alipay_direct_payment/update',1),
	(908176570056704,'2017-11-13 15:22:50','2017-11-13 15:22:50',0,'/admin/payment_plugin/alipay_direct_payment/update',NULL,'0:0:0:0:0:0:0:1','{\"paymentName\":[\"支付宝\"],\"partner\":[\"abc\"],\"key\":[\"abc\"],\"feeType\":[\"scale\"],\"fee\":[\"0\"],\"logo\":[\"/b2b2c/5.0/201601/ea830132-c208-427b-86ca-383f17f95eae.gif\"],\"file\":[\"\"],\"description\":[\"\"],\"order\":[\"3\"],\"isEnabled\":[\"true\"],\"csrfToken\":[\"0583c9f7a302cc6cb8d9fcd7be0487b5\"]}','http://localhost:8080/admin/payment_plugin/alipay_direct_payment/update',1);

/*!40000 ALTER TABLE `audit_log` ENABLE KEYS */;
UNLOCK TABLES;


# Dump of table brand
# ------------------------------------------------------------

DROP TABLE IF EXISTS `brand`;

CREATE TABLE `brand` (
  `id` bigint(20) NOT NULL COMMENT 'ID',
  `created_date` datetime NOT NULL COMMENT '创建日期',
  `last_modified_date` datetime NOT NULL COMMENT '最后修改日期',
  `version` bigint(20) NOT NULL COMMENT '版本',
  `orders` int(11) DEFAULT NULL COMMENT '排序',
  `introduction` longtext COMMENT '介绍',
  `logo` varchar(255) DEFAULT NULL COMMENT 'logo',
  `name` varchar(255) NOT NULL DEFAULT '' COMMENT '名称',
  `type` int(11) NOT NULL COMMENT '类型',
  `url` varchar(255) DEFAULT NULL COMMENT '网址',
  PRIMARY KEY (`id`)
) ENGINE=InnoDB DEFAULT CHARSET=utf8;

LOCK TABLES `brand` WRITE;
/*!40000 ALTER TABLE `brand` DISABLE KEYS */;

INSERT INTO `brand` (`id`, `created_date`, `last_modified_date`, `version`, `orders`, `introduction`, `logo`, `name`, `type`, `url`)
VALUES
	(1,'2017-06-16 00:01:00','2017-06-16 00:01:00',0,1,'<p>苹果公司创立之初主要开发和销售的个人电脑，截至2014年致力于设计、开发和销售消费电子、计算机软件、在线服务和个人计算机。苹果的Apple II于1970年代助长了个人电脑革命，其后的Macintosh接力于1980年代持续发展。该公司硬件产品主要是Mac电脑系列、iPod媒体播放器、iPhone智能手机和iPad平板电脑；在线服务包括iCloud、iTunes Store和App Store；消费软件包括OS X和iOS操作系统、iTunes多媒体浏览器、Safari网络浏览器，还有iLife和iWork创意和生产力套件。苹果公司在高科技企业中以创新而闻名世界。</p>','/b2b2c/5.0/201601/a8275260-f9fa-4e20-8173-35b755fabb14.gif','苹果',1,'http://www.apple.com'),
	(2,'2017-06-16 00:01:01','2017-06-16 00:01:01',0,2,'<p>三星电子是韩国最大的电子工业企业，同时也是三星集团旗下最大的子公司。1938年3月它于朝鲜大邱成立，创始人是李秉喆。现任会长是李健熙，副会长是李在镕和权五铉，社长是崔志成，首席执行官是由权五铉、申宗钧、尹富根三位组成的联席CEO。在世界上最有名的100个商标的列表中，三星电子是唯一的一个韩国商标，是韩国民族工业的象征。</p>','/b2b2c/5.0/201601/8aa08a42-f5b3-4f52-bea0-5ee8bd123b0c.gif','三星',1,'http://www.samsung.com'),
	(3,'2017-06-16 00:01:02','2017-06-16 00:01:02',0,3,'<p>索尼（SONY），是日本的一家全球知名的大型综合性跨国企业集团。索尼是世界视听、电子游戏、通讯产品和信息技术等领域的先导者，是世界最早便携式数码产品的开创者，是世界最大的电子产品制造商之一、世界电子游戏业三大巨头之一、美国好莱坞六大电影公司之一。</p>','/b2b2c/5.0/201601/dd75c116-51a7-4fbd-b014-6cf4bedcd0bb.gif','索尼',1,'http://www.sony.com.cn'),
	(4,'2017-06-16 00:01:03','2017-06-16 00:01:03',0,4,'<p>华为技术有限公司是一家生产销售通信设备的民营通信科技公司，总部位于中国广东省深圳市龙岗区坂田华为基地。华为的产品主要涉及通信网络中的交换网络、传输网络、无线及有线固定接入网络和数据通信网络及无线终端产品，为世界各地通信运营商及专业网络拥有者提供硬件设备、软件、服务和解决方案。</p>','/b2b2c/5.0/201601/2a5efa56-c4cd-4984-b11a-d56cadca6cff.gif','华为',1,'http://www.huawei.com'),
	(5,'2017-06-16 00:01:04','2017-06-16 00:01:04',0,5,'<p>魅族公司成立于2003年。创始人从小沉迷电子热爱科技，魅族就是电子梦想和共赢理念的结晶。从创立以来的一次次飞跃不仅是魅族人热爱追求的结果，更是梦想力量的体现。人们就好像相近配置的计算机。同为满负荷运转，多任务且不断终止和新启进程的，远不如持续运行单任务的运算量。 而人只有不变的热爱才能排除复杂的干扰，始终如一的为追求不变的热爱而付出，创造更大价值带来更多的财富。那不变的热爱就是梦想。魅族因梦想而立。热爱而极致，专注和长久的追求，必将带来商业产品无与伦比的梦想之作。魅族的一切将超越常规，超乎想象。</p>','/b2b2c/5.0/201601/72657c6c-d279-4952-ac20-1abcff776b07.gif','魅族',1,'http://www.meizu.com'),
	(6,'2017-06-16 00:01:05','2017-06-16 00:01:05',0,6,'<p>佳能公司自1937年创业以来，始终秉承&quot;共生&quot;的企业理念，以创造世界一流产品为奋斗目标，向多元化和全球化发展。目前， 佳能的事业以光学技术为核心，涵盖了影像系统产品、办公产品以及产业设备等广泛领域。位于东京的集团总部与美洲、欧洲、 亚洲和大洋洲的各区域总部紧密联系，构筑了全球化与本土化有机结合的经营体制。</p>','/b2b2c/5.0/201601/081d4e29-b631-4a49-8672-792a1308ce97.gif','佳能',1,'http://www.canon.com.cn'),
	(7,'2017-06-16 00:01:06','2017-06-16 00:01:06',0,7,'<p>尼康创立于1917年，至今已有90多年历史。在“信赖和创造”的企业理念引导下，积极开展以光学产品的开发和销售为主的各项事业，并以此奠定了发展基础。<br/></p><p>尼康映像仪器销售（中国）有限公司是由日本尼康株式会社全额出资的销售公司，于2005年4月在上海设立，主要从事光学仪器及其相关产品的进出口，批发，售后服务及其相关配套业务。2006年4月于北京、成都、广州设立了分公司；2011年10月于西安、沈阳设立了分公司；2012年4月于南京、济南、长沙设立了办事处；2012年10月于郑州、哈尔滨、福州设立了办事处；2012年12月于杭州设立了办事处；2013年1月于石家庄、乌鲁木齐设立了办事处；2013年4月于天津、武汉、昆明设立了办事处；2013年7月于长春、太原、南宁、兰州设立了办事处。在上海、北京两地分别设立了影像天地。截止至2013年3月底，尼康已在中国大陆地区主要城市设立了4家售后服务中心（上海、北京、广州、成都），并在全国29个城市设立了31家特约维修店。<br/></p><p>现在，尼康已把中国作为全球最重要的市场之一。在不断发展的中国市场上，完善从市场运作到销售、服务的整套经营体制。在“信赖和创造”的企业方针下，尼康还将通过自身的先进技术，积极推动中国的影像事业，为中国市场带来更多魅力产品和优质服务。<br/></p><p><br/></p>','/b2b2c/5.0/201601/5bd8bec2-f2df-4c84-937a-6eead637abd4.gif','尼康',1,'http://www.nikon.com.cn'),
	(8,'2017-06-16 00:01:07','2017-06-16 00:01:07',0,8,'<p>松下集团是全球性电子厂商，从事各种电器产品的生产、销售等事业活动。1978年，中国国家领导人参观了松下集团日本电视机工厂。在双方会谈中，创业者松下幸之助表达了为中国做贡献的决心。随后，松下集团进入了中国事业的起始阶段。在这几年中，集团一直致力于产品出口以及对中国工厂的技术合作，并于 1987年设立了第一家合资工厂。截至今日，松下集团在中国的事业活动涉及研究开发、制造、销售、服务、物流、宣传等多个方面。</p><p>松下电器（中国）有限公司成立于1994年，并于2002年实现了独资，主要负责开展家电、系统、环境、元器件、医疗设备等商品的销售和售后服务活动。作为中国地区投资性公司，松下电器（中国）有限公司还负责开展人才培养、财务、法务、环境保护、知识产权等统括和支援活动。2012年1月，松下电器（中国）有限公司吸收合并了松下电工（中国）有限公司，经营范围进一步扩大。</p>','/b2b2c/5.0/201601/e921d086-358d-4610-9a53-b46a551b6557.gif','松下',1,'http://www.panasonic.cn'),
	(9,'2017-06-16 00:01:08','2017-06-16 00:01:08',0,9,'<p>尔（Dell），是一家总部位于美国得克萨斯州朗德罗克的世界五百强企业，由迈克尔·戴尔于1984年创立。戴尔以生产、设计、销售家用以及办公室电脑而闻名，不过它同时也涉足高端电脑市场，生产与销售服务器、数据储存设备、网络设备等。</p>','/b2b2c/5.0/201601/1ff77e2d-6190-4fea-9e12-be75d2d4ce83.gif','戴尔',1,'http://www.dell.com.cn'),
	(10,'2017-06-16 00:01:09','2017-06-16 00:01:09',0,10,'<p>惠普公司（Hewlett-Packard Development Company, L.P.，简称HP）总部位于美国加利福尼亚州的帕罗奥多（Palo Alto），是一家全球性的资讯科技公司，主要专注于打印机、数码影像、软件、计算机与资讯服务等业务。惠普（HP）是世界最大的信息科技（IT）公司之一，成立于1939年，总部位于美国加利福尼亚州帕洛阿尔托市。惠普下设三大业务集团：信息产品集团、打印及成像系统集团和企业计算及专业服务集团。</p>','/b2b2c/5.0/201601/271e4fc7-4451-488b-9d10-a7f80b41d719.gif','惠普',1,'http://www.hp.com'),
	(11,'2017-06-16 00:01:10','2017-06-16 00:01:10',0,11,'<p>华硕电脑股份有限公司创立于1989年，为全球最大的主板制造商，并跻身全球前三大消费性笔记本电脑品牌。华硕始终对质量与创新全力以赴，不断为消费者及企业用户提供崭新的科技解决方案。2013年获得全球专业媒体与评鉴机构共4,256个奖项的肯定。2011年，华硕开启追寻无与伦比的全球任务，将精彩创新的品牌精神提升至更高层次。同年推出市场上叫好又叫座的变形平板，备受国内外专业人士激赏；10月再推超极致轻薄笔记本电脑ZENBOOK，除了将技术倾注于外型与轻薄的表现，更刻画出智能型笔记本电脑随开即用、绿色高效的新时代价值。2012年发布结合手机、平板、小笔电跨界功能的PadFone，震撼市场，奠定华硕的精采研发创新实力。2014年4月11日，华硕智能手机打破萦绕业界多日的悬念，以“追寻无与伦比”的品牌核心理念，在京揭示了2014年劲爆十足的智能手机新品家族--时尚多彩的智能手机ZenFone系列及全新变形手机PadFone mini，以799元起的震撼价格强势进军主流智能手机市场。现在，更积极布局未来的移动云端时代，将为世界创造无限可能。在着重创新与质量之余，华硕亦投注心力于社会公益、教育文化及绿色环保等方面，并在欧、美、日及台湾本地等国际环保标章上领先取得多项肯定与认证，以设计体贴人性、感动人心的3C科技产品为初衷，持续为消费者带来无与伦比的体验价值。</p>','/b2b2c/5.0/201601/b438688d-5051-4812-a113-e9fc54273a2d.gif','华硕',1,'http://www.asus.com.cn'),
	(12,'2017-06-16 00:01:11','2017-06-16 00:01:11',0,12,'<p>1986年8月，五位共同创办人于新北市中和区成立微星科技，目前是全世界最大的信息产业制造商之一，员工人数在台北总公司、宝安厂(深圳) 、昆山厂及全球海外据点总计超过12,700位。</p><p>微星以制造主板及显示适配器起家，跨足消费电子及商务应用市场，其产品线延伸至笔记本电脑、All-in-One桌机、服务器、工作站计算机、工业计算机、智能型家电、车用电子、准系统、多媒体及通讯产品等等。</p><p>微星不仅对客户、员工、股东负责任，同时也力行企业承诺，为社会责任及环境保护尽一份心力。</p><p>以极致创新 精彩随型为核心价值，客户满足及服务完美为努力方向，微星！将是全球品牌中最闪亮的一颗星！</p>','/b2b2c/5.0/201601/1d7b0f53-689b-4612-a188-54792af44917.gif','微星',1,'http://cn.msi.com'),
	(13,'2017-06-16 00:01:12','2017-06-16 00:01:12',0,13,'<p>宏碁集团（简称宏碁），品牌为“Acer”，是台湾的电脑制造公司，由施振荣等人于1976年8月1日创立，目前是全球第四大个人电脑制造商，同时也是全球第三大笔记本电脑制造商。主要生产桌上型电脑和笔记型电脑，以及个人数位助理、服务器、显示器和其他储存装置等电脑周边产品。</p>','/b2b2c/5.0/201601/294438dc-222b-433b-a458-ce4dc987bfa6.gif','宏碁',1,'http://www.acer.com.cn'),
	(14,'2017-06-16 00:01:13','2017-06-16 00:01:13',0,14,'<p>联想是一家营业额达210亿美元的个人科技产品公司，客户遍布全球160多个国家。</p><p>联想是全球第四大个人电脑厂商，名列《财富》世界500强，为全球前五大电脑厂商中增长最快 。自1997年起，联想一直蝉联中国国内市场销量第一，现占中国个人电脑市场超过三成份额。</p><p>凭借创新的产品、高效的供应链和强大的战略执行，联想锐意为全球用户打造卓越的个人电脑和移动互联网产品。集团由联想及前IBM个人电脑事业部所组成，在全球开发、制造和销售可靠、优质、安全易用的技术产品及优质专业的服务。</p><p>联想产品系列包括Think品牌商用个人电脑、Idea品牌的消费个人电脑、服务器、工作站以及包括平板电脑和智能手机在内的家庭移动互联网终端。</p><p>联想的「保卫和进攻」战略为集团下阶段的发展奠定了坚实的基础，在这项战略下，联想围绕新兴市场和成熟市场的独特业务架构运营，以便因应不同的市场特色，迅速而有效地执行适当的战略。</p><p>一流的世界级研发团队分驻于日本大和研究所、中国北京、上海、深圳及美国北卡罗莱纳州的罗利。</p><p>在中国的北京、上海、惠阳及深圳、印度的庞帝其利(Pondicherry)、墨西哥的蒙特雷(Monterrey)及美国的格林斯博罗(Greensboro)设有个人电脑制造和物流基地，并于全球采用合同制造及OEM。</p>','/b2b2c/5.0/201601/b37f67c6-1145-44aa-b681-39613e22363f.gif','联想',1,'http://www.lenovo.com.cn'),
	(15,'2017-06-16 00:01:14','2017-06-16 00:01:14',0,15,'<p>Brother 作为拥有 100 多年历史的国际化品牌，目前已在全球44个国家和地区拥有生产基地以及销售公司与服务网点。伴随着全球化进程的不断推进，Brother 集团把高速发展的中国市场作为未来发展的重要基地。兄弟（中国）充分利用集团总部的资源优势，秉承“At your side.”的企业文化理念，致力于推进以顾客第一为宗旨的产品销售，作为价值链的一环，为中国消费者提供更多具有高附加值的产品和服务。兄弟（中国）的事业领域包括以传真机、打印机、多功能一体机、标签打印机、扫描仪等产品为代表的打印及解决方案事业；以家用缝纫机、绣花机为中心的家用机器事业。为了适应数字化和网络化办公的发展趋势，推出了集合传真、打印、复印和扫描等多种办公功能为一体的小型多功能一体机，开拓了 SOHO市场，奠定了领路先锋的市场地位。另一主推产品“普贴趣”同样作为标签打印机行业的先驱，在进入市场的多年来不断为各行业用户提供专业标签解决方案，包括电力电信线缆标识、固定资产盘点及办公文档可视化等，在专业市场中得到广泛好评。兄弟（中国）总部位于上海，通过设于北京、广州、成都、沈阳、西安的分公司及遍布各地的众多经销商与维修站构建起了覆盖全国的营销服务网络。依托集团旗下分设于深圳、珠海、台湾等地的生产工厂，以及在杭州设立的开发公司，在国内实现了开发、生产、销售三位一体的供应体制，用高质量的产品与服务为中国顾客提供优良的价值。</p>','/b2b2c/5.0/201601/b5b7fd21-ebc5-4309-9417-94d75834f251.gif','兄弟',1,'http://www.brother.cn'),
	(16,'2017-06-16 00:01:15','2017-06-16 00:01:15',0,16,'<p>得力集团始创于1988年，生产各类文具和办公用品，目前已成长为国内最大的综合文具供应商。2010年荣获浙江名牌产品；浙江出口名牌；中国文教体育用品行业标准化工作先进企业；2011中国民营企业制造业500强第374位；2012年荣获宁波市“百强企业”称号。</p>','/b2b2c/5.0/201601/adf8e03d-f93c-49b4-8038-e5391da9e754.gif','得力',1,'http://www.nbdeli.com'),
	(17,'2017-06-16 00:01:16','2017-06-16 00:01:16',0,17,'<p>海尔是全球大型家电第一品牌，1984年创立于青岛，现任董事局主席、首席执行官张瑞敏是海尔的主要创始人。目前，海尔在全球建立了21个工业园，5大研发中心，19个海外贸易公司，全球员工超过7万人。2011年，海尔集团全球营业额实现1509亿元，品牌价值962.8亿元，连续11年蝉联中国最有价值品牌榜首。海尔集团援建了164所希望小学和1所希望中学，制作212集科教动画片《海尔兄弟》，是2008年北京奥运会全球唯一白电赞助商。</p>','/b2b2c/5.0/201601/da39c18f-18ed-4c66-b585-24dc61f6189d.gif','海尔',1,'http://www.haier.net'),
	(18,'2017-06-16 00:01:17','2017-06-16 00:01:17',0,18,'<p>美的集团（SZ.000333）是一家以家电制造业为主的大型综合性企业集团，于2013年9月18日在深交所上市，旗下拥有小天鹅（SZ000418）、威灵控股（HK00382）两家子上市公司。</p><p>1968年，美的创业，1980年，美的正式进入家电业，1981年注册美的品牌。目前，美的集团用工总数13万人，旗下拥有美的、小天鹅、威灵、华凌、安得、美芝等十余个品牌。集团在国内建有广东顺德、广州、中山；安徽合肥及芜湖；湖北武汉及荆州；江苏无锡、淮安、苏州及常州；重庆、山西临汾、江西贵溪、河北邯郸等15个生产基地，辐射华南、华东、华中、西南、华北五大区域；在越南、白俄罗斯、埃及、巴西、阿根廷、印度等6个国家建有生产基地。</p><p>主要家电产品有家用空调、商用空调、大型中央空调、冰箱、洗衣机、微波炉、风扇、洗碗机、电磁炉、电饭煲、电压力锅、豆浆机、饮水机、热水器、空气能热水机、吸尘器、取暖器、电水壶、烤箱、抽油烟机、净水设备、空气清新机、加湿器、灶具、消毒柜、照明等和空调压缩机、冰箱压缩机、电机、磁控管、变压器等家电配件产品。现拥有中国最完整的空调产业链、冰箱产业链、洗衣机产业链、微波炉产业链和洗碗机产业链；拥有中国最完整的小家电产品群和厨房家电产品群；在全球设有60多个海外分支机构，产品远销200多个国家和地区。</p><p>2013年，美的集团整体实现销售收入达1210亿元，其中外销销售收入达74亿美元。2014年前三季度，集团实现营业收入1091亿元。</p><p>2014年“中国最有价值品牌”评价中，美的品牌价值达到683.15亿元，名列全国最有价值品牌第5位。截至2013年，美的集团为社会公益事业累计捐赠超过6亿元。</p><p>从今年开始，美的提出未来发展规划的“333战略”：美的要用3年左右时间做好产品、夯实基础、巩固体质、进一步提升经营质量；用3年左右时间从中国家电行业三强中脱颖而出，成为行业领导者；用3年左右时间在世界家电行业中占有一席之地，实现全球经营。</p>','/b2b2c/5.0/201601/435aaaa9-093c-43da-af74-3d011be8b826.gif','美的',1,'http://www.midea.com'),
	(19,'2017-06-16 00:01:18','2017-06-16 00:01:18',0,19,'<p>珠海格力电器股份有限公司是目前全球最大的集研发、生产、销售、服务于一体的国有控股家电企业，是中国首家净利润、纳税双双超过百亿的家电企业，拥有格力、TOSOT、晶弘三大品牌家电产品，其产品包括家用空调、中央空调、空气能热水器、TOSOT生活电器、晶弘冰箱等。2014年格力官方商城重磅上线。</p><p>2012年格力电器实现营业总收入1001.10亿元，成为中国首家超过千亿的家电上市公司；2015年1月19日，格力电器发布2014年业绩快报。报告显示，公司2014年实现营业总收入1400.05亿元，同比增长16.63%；归属于上市公司股东的净利润为141.15亿元，同比增长29.84%，继续保持稳健的发展态势。</p><p>格力空调，是中国空调业唯一的“世界名牌”产品，业务遍及全球160多个国家和地区。家用空调年产能超过6000万台(套)，商用空调年产能550万台(套)；2005年至今，格力空调产销量连续10年领跑全球，用户超过3亿。</p><p>作为一家专注于空调产品的大型电器制造商，格力电器致力于为全球消费者提供技术领先、品质卓越的空调产品。在全球拥有珠海、重庆、合肥、郑州、武汉、石家庄、芜湖、巴西、巴基斯坦等9大生产基地，7万多名员工，至今已开发出包括家用空调、商用空调在内的20大类、400个系列、12700多个品种规格的产品，能充分满足不同消费群体的各种需求；累计申请技术专利14000多项，其中申请发明专利近5000项，自主研发的磁悬浮变频离心式制冷压缩机及冷水机组、光伏直驱变频离心机系统、双级变频压缩机、无稀土变频压缩机、R290环保冷媒空调、1赫兹变频空调、多功能地暖户式中央空调、永磁同步变频离心式冷水机组、超低温数码多联机组等一系列“国际领先”产品，填补了行业空白，改写了空调业百年历史。</p><p>在激烈的市场竞争中，格力空调先后中标2008年“北京奥运媒体村”、2010年南非“世界杯”主场馆及多个配套工程、2010年广州亚运会14个比赛场馆、2014年俄罗斯索契冬奥会配套工程等国际知名空调招标项目，在国际舞台上赢得了广泛的知名度和影响力，引领“中国制造”走向“中国创造”。</p><p>实干赢取未来，创新成就梦想。展望未来，格力电器将坚持专业化的发展战略，求真务实，开拓创新，以“缔造全球领先的空调企业，成就格力百年的世界品牌”为目标，为“中国梦”贡献更多的力量。</p>','/b2b2c/5.0/201601/6b6f1328-47dc-4570-bdfe-094eeb7e317b.gif','格力',1,'http://www.gree.com.cn'),
	(20,'2017-06-16 00:01:19','2017-06-16 00:01:19',0,20,'<p>海信坚持“技术立企、稳健经营”的发展战略，以优化产业结构为基础、技术创新为动力、资本运营为杠杆，持续健康发展。进入21世纪，海信以强大的全球研发人才组成的研发团队为后盾，以优秀的国际化经营管理团队为支撑，加快了产业扩张的速度，已形成了以数字多媒体技术、现代通信技术、智能信息系统技术、制冷技术为支撑，涵盖多媒体、家电、通信、智能信息系统和现代地产的产业格局。2013年海信实现销售收入932亿元，在中国电子信息百强企业中名列第六。</p><p>海信拥有海信电器（600060）和海信科龙电器（000921）两家在沪、深、港三地的上市公司，同时成为国内唯一一家持有海信（Hisense）、科龙（Kelon）和容声（Ronshen）三个中国著名商标的企业集团。海信电视、海信空调、海信冰箱、海信手机、科龙空调、容声冰箱全部当选中国名牌，海信电视、海信空调、海信冰箱全部被评为国家免检产品，海信电视首批获得国家出口免检资格。</p><p>海信是国家首批创新型企业，国家创新体系企业研发中心试点单位，中宣部、国务院国资委推举的全国十大国企典型，全国唯一一家两获“全国质量奖”的企业，拥有国家级企业技术中心、国家级博士后科研工作站、国家863成果产业化基地、国家火炬计划软件产业基地、数字多媒体技术国家重点实验室。海信在青岛、深圳、顺德、美国、欧洲等地建有研发中心，初步确立全球研发体系。科学高效的技术创新体系，使海信的技术创新工作始终走在国内同行的前列。</p>','/b2b2c/5.0/201601/64366d02-55e9-4427-a2ad-54ba020a7a5a.gif','海信',1,'http://www.hisense.cn'),
	(21,'2017-06-16 00:01:20','2017-06-16 00:01:20',0,21,'<p>创维成立于1988年，总部坐落在具有创新“硅谷”之称的深圳高新技术产业园，拥有3万5千多名员工。创维立足中国，面向全球，是以研发制造消费类电子、显示器件、数字机顶盒、安防监视器、网络通讯、半导体、冰洗、3C数码、LED照明等产品为主要产业的大型高科技集团公司，2000年在香港主板上市（HK00751）。经过26年发展，创维已跻身世界十大彩电品牌、中国显示行业领导品牌和中国电子百强第十三位，2013年创维品牌价值达485.07亿元。</p><p>创维坚持“核心产业做强，相关产业做大”战略，以香港创维数码控股有限公司为龙头，旗下设深圳创维-RGB电子公司、海外发展公司、数字技术公司、电器科技公司、群欣安防科技公司、液晶器件公司等十多家产业公司。拥有成都、南京、宜春三大物流中心；深圳石岩、深圳龙岗、广州、南京、内蒙古呼和浩特等生产基地；香港、深圳、北京、广州、南京等科研机构。国内彩电、数字机顶盒、安防监视器市场占有率，4K电视市场占有率，彩电行业持续盈利，年发明专利数量等六项行业第一。经过多年的布局和发展，逐步形成国际化经营模式，营销、服务分支机构遍布全球。在国内设有41个分公司、211个办事处，拥有超过2万个签约客户，缜密的分销、完善的服务体系渗透到县镇（乡）市场。</p><p>创维以品质为基石，倡导“彻底的产品主义”，坚持技术创新的发展理念，在核心产业彩电领域多次引领、推动产业转型升级，并在第三代显示技术OLED领域自主研发，不断续写彩电历史，奠定了创维在业界领导型品牌地位。创维以国际视野拓展业务，彩电、数字机顶盒等产品远销欧盟、美国、日本、俄罗斯以及东南亚、南美、中东等地区。</p><p>创维数字技术公司为中国最大机顶盒企业，年销量超2100万台，居国内业务第一，全球第四。旗下创维软件有限公司为国家规划布局重点软件企业。</p><p>创维群欣安防监视器、液晶器件、LED芯片、LED封装、半导体、汽车电子、精密模具、电冰箱、洗衣机、平板电脑等相关产业也进入发展的快车道，逐步做大做强，与彩电业务一起形成集团核心竞争力。</p><p>创维导入“诚信、共赢”之核心价值观及“成长价值观”，吸纳和培训各类优秀人才；众多的产业发展，为各类人才提供了广阔的舞台。</p><p>展望21世纪新十年，创维制定了五年实现500亿元、十年实现1000亿元营收的战略规划，打造数字消费电子纵深方向的产业链，为消费者提供完整的数字生活解决方案，令创维视听产品进入亿万家庭，让不同国家、不同民族的人们享受健康科技生活的美妙和乐趣，致力于成为“全球消费电子产业领导者”！</p>','/b2b2c/5.0/201601/e73abf6b-55e5-40b8-bd2c-3190e5978597.gif','创维',1,'http://www.skyworth.com'),
	(22,'2017-06-16 00:01:21','2017-06-16 00:01:21',0,22,'<p>先锋电子（中国）投资有限公司 是2001年4月16日由日本先锋株式会社出资成立。是日本先锋株式会社在中国、香港地区所投资的包括销售、研发、生产领域的14家公司之一。&nbsp;</p><p>先锋中国是先锋品牌在中国地区的统括公司，负责中国地区的统括业务及先锋相关产品的销售业务。本着&quot; 与更多人分享感动 &quot;的企业精神，不断推出高性能产品，努力创造永恒的视听奇迹，成为全球娱乐领域中的领航先锋。&nbsp;</p><p>先锋是全球影音娱乐及光盘技术的先驱，运用先进科技投入家用影音、车用影音以及商业用市场，展现对消费者的热情与娱乐事业的重视。&nbsp;</p><p>先锋中国所销售的产品包括家用影音产品、车用影音产品、车载导航产品及商用影视系统。家用影音产品包括DVD录像机、DVD影碟机、BD播放机、一体式家庭影院、分体式家庭影院、功率放大器、扬声器、耳机以及世界上先进的等离子电视机。车用影音产品有AV系统、CD播放机、扬声器系统、汽车音响功放系统等。AV一体化DVD车载导航产品将GPS导航、实时路况服务等先进信息导航功能与强势的影音播放娱乐功能结合在一起，为中国的车用多媒体领域开创了一个新的纪元。商业用产品包括IT相关产品以及CDJ调音系统等。先锋IT外围事业部不仅有效地整合了DVD产业的各项资源优势扶植全球DVD市场并以DVD技术、制造、与专业团队的优势，提供全球DVD-R/RW产品OEM市场、激光头等三大营运范畴。先锋的产品不仅拥有先进的功能，在外形设计上更是引导着消费新潮流。家用音视设备的Slim&amp;Smart化已成为同行业的典范。另外，有机显示技术在车用系统中的应用也已为驾车者提供了另一番时尚便捷、自由舒适娱乐天地。</p>','/b2b2c/5.0/201601/bc99341f-4e8c-46c6-b9eb-4652b8e2baa6.gif','先锋',1,'http://www.pioneerchina.com'),
	(23,'2017-06-16 00:01:22','2017-06-16 00:01:22',0,23,'<p>夏普（Sharp），是一家日本的电器及电子公司，创业于1912年，总公司设于日本大阪。夏普现已在世界25个国家，62个地区开展业务，是一个大型的综合性电子信息公司。2012年，夏普股价不断下跌，2012年9月27日，夏普宣布向日本国内的札幌证交所、名古屋证交所和福冈证交所提交退市申请。2013年4月23日据日本共同社报道，陷入经营困境的夏普公司2013财年（2013年4月至2014年3月）有望扭亏为盈，实现数十亿日元的净利润。这是由于夏普与国际巨头合作及在日元贬值的环境下，预计主要产品的液晶面板销量将增加。人员缩减等重组措施也将对改善业绩作出贡献。</p>','/b2b2c/5.0/201601/c3f708cf-1360-40f9-90f1-4696520f08e2.gif','夏普',1,'http://www.sharp.cn'),
	(24,'2017-06-16 00:01:23','2017-06-16 00:01:23',0,24,'<p>九阳股份有限公司成立于1994年，2008年5月28日在深圳证券交易所成功上市。是一家专注于健康厨房电器的研发、生产和销售的现代化企业。</p><p>九阳现有员工四千余人，平均年龄不超过30岁，其中管理层本科以上学历人员占90%以上，企业科技创新人员近千人。公司一直保持着健康、稳定、快速的发展已形成了跨区域的现代管理架构，在济南、杭州、苏州等地建有多个生产、研发基地，产品覆盖全国30多个省、市、自治区，并远销日本、美国、新加坡、印尼、泰国等二十多个国家和地区。</p><p>九阳公司在健康厨房电器领域不断拓展，新产品层出不穷，主要产品涵盖了豆浆机电压力煲、电磁炉、料理机、榨汁机、紫砂煲、开水煲、电饭煲、油烟机、燃气灶、消毒柜、热水器等十二大系列两百多个型号。</p><p>作为豆浆机行业的开创者和领导者，九阳持续引领新兴健康厨房电器的技术进步和发展，还积极把健康产业向上游延伸，开发了专供于酒店、写字楼的&quot;原磨豆浆&quot;商用豆浆机和出品自东北肥沃黑土的非转基因优质大豆&quot;阳光豆坊&quot;豆浆原料。2011年初，九阳斥巨资进军净水领域，推出九阳&quot;冰蓝&quot;系列净水机产品，全力打造&quot;好机+好豆+好水=好豆浆&quot;的健康产业链条。2012年，九阳成立大厨电事业部，“净吸王”油烟机、“爆炒王”燃气灶等系列产品上市，由此带来九阳健康产业的又一次升级。</p><p>九阳倡导健康饮食生活方式，致力于产品和服务的持续创新，为客户创造健康便捷、高品质的饮食解决方案。自1994年发明豆浆机至今，十七年来经历了11次重大技术革新，先后自主研发的文火慢熬、智能不粘等技术，攻克了制约豆浆机市场发展的诸多重大难题，带动了行业的崛起和大发展，引领豆浆机行业发展的方向。截止目前为止，公司拥有专利技术520项，其中发明专利27项，实用新型252项，外观专利241项，新增专利申请权230项，参与国家行业标准制修订超过30项， 2009年11月，由九阳担任组长的豆浆机国家标准审定通过，这是豆浆机行业发展的里程碑，豆浆机行业自此结束多年来鱼目混珠、无章可循的混乱局面。2010年10月，国际电工委员会(IEC)在西雅图召开了第76届IEC会议，九阳公司代表中国豆浆机行业提交了《豆浆机国际标准立案申请》并获得通过，代表着中国的豆浆机国家标准晋级&quot;国际标准&quot;取得了重要的突破。</p><p>健康和创新动态性的结合成为九阳DNA基因，带动九阳品牌和企业形象的建立。九阳现为国家知识产权试点企业、国家AAAA级标准化良好行为企业、国家商标战略实施示范企业、国家诚信典型示范企业，入选&quot;国家名片&quot;，九阳品牌被评为&quot;中国最有影响力的小家电品牌&quot;、&quot;国家重点保护品牌&quot;，九阳商标是中国驰名商标，九阳豆浆机是中国名牌产品，2010年&quot;九阳营养王豆浆机&quot;更荣获&quot;中国小家电原创奖&quot;行业最高殊荣。</p><p>未来，九阳将继续秉持&quot;健康、快乐、生活&quot;的理念，聚焦于健康厨房电器，走品牌和精品之路，以市场为导向，以健康为基因，以创新为手段，全面推进科技创新和产业化发展，实现健康厨房电器产品的多元化经营，持续为客户创造价值，将公司发展成为中国健康厨房电器行业的第一品牌。</p><p>九阳，创造健康生活！</p>','/b2b2c/5.0/201601/b150e04f-a831-4a3a-82f5-4abc29a1998c.gif','九阳',1,'http://www.joyoung.com.cn'),
	(25,'2017-06-16 00:01:24','2017-06-16 00:01:24',0,25,'<p>公司总部位于美国俄勒冈州Beaverton。公司生产的体育用品包罗万象，例如服装，鞋类，运动器材等。</p><p>耐克商标图案是个小钩子。耐克一直将激励全世界的每一位运动员并为其献上最好的产品视为光荣的任务。耐克首创的气垫技术给体育界带来了一场革命。运用这项技术制造出的运动鞋可以很好地保护运动员的膝盖.在其在作剧烈运动落地时减小对膝盖的影响。</p>','/b2b2c/5.0/201601/37406672-e5af-4bbc-81a4-20852726633f.gif','耐克',1,'http://www.nike.com'),
	(26,'2017-06-16 00:01:25','2017-06-16 00:01:25',0,26,'<p>特步（中国）有限公司系香港特步（国际）全额控股的有限责任公司，2008年6月3日在香港成功上市。企业创始于1987年， 2001年创立特步品牌，通过20多年的经营和发展，现有员工8000多人，集团旗下拥有北京、上海、厦门、安徽、湖南等分公司，系集鞋服配研发、制造、营销等为一体的体育用品专业运营商，企业年纳税超5亿元。</p>','/b2b2c/5.0/201601/c244049d-0463-4f98-88ec-f3b038f76706.gif','特步',1,'http://www.xtep.com.cn'),
	(27,'2017-06-16 00:01:26','2017-06-16 00:01:26',0,27,'<p>安踏体育用品有限公司(港交所：2020)，简称安踏体育、安踏，是中国一家知名的品牌体育用品企业，主要设计、开发、制造及销售运动服饰，包括“安踏”品牌的运动鞋类及服装。公司在1994年成立，总部设在泉州晋江市，主席为丁世忠先生。安踏体育在2007年于香港交易所上市，招股价$5 28港元，并获美国NBA篮球队休斯顿火箭班主Leslie Lee Alexander入股。首日上市收市价是$7 5港元，较招股价高42%。2009年，安踏体育向百丽国际收购FILA在中国、香港及澳门的分销商。</p>','/b2b2c/5.0/201601/06a5aab7-27a1-4ed7-848b-fc7c85df2a22.gif','安踏',1,'http://www.anta.com'),
	(28,'2017-06-16 00:01:27','2017-06-16 00:01:27',0,28,'<p>劲霸男装专注茄克35年，它用独特设计终结了茄克的单调，从而成为中国高级时尚茄克领先者，同时引领茄克及配套服饰的研发设计，让休闲装更时尚。</p><p>劲霸男装秉持 &quot;一个人一辈子能把一件事情做好就不得了&quot;的核心价值观，专注茄克34年的发展历程中，一直专心、专业、专注于以茄克为核心品类的男装市场，以&quot;款式设计领先&quot;和&quot;丰富版型经验&quot;获得消费者良好口碑，并通过精湛领先的产品研发设计，强而有力的品牌运营管理，稳健齐备的专卖销售体系，成为中国商务休闲男装的旗舰品牌。</p><p>劲霸男装现在全国拥有形象统一、规范管理的品牌专卖店3000多家。</p><p>2013年，连续10年入选&quot;中国500最具价值品牌&quot;的劲霸男装，以287.55亿元的品牌价值继续蝉联中国休闲男装第一价值品牌。</p><p>先后荣获&quot;中国名牌&quot;、&quot;国家免检产品&quot;，&quot;全国重合同守信用单位&quot;、&quot;中国休闲男装行业标志性品牌&quot;、&quot;中国品牌年度大奖&quot;、&quot;中国青年最喜爱品牌&quot;等多项殊荣。</p><p>劲霸男装是全国服装标准化技术委员会茄克标准制定工作组秘书企业，担负着茄克国标制修订的重任；劲霸男装与中国流行色协会共同设立&quot;中国茄克色彩研发基地&quot;，是中国茄克产业创新能力和时尚竞争力的孵化基地。</p><p>面向未来，面向世界，劲霸男装始终坚持&quot;一个人一辈子能把一件事情做好就不得了&quot;的核心价值观，始终坚持&quot;引领中国茄克走向世界&quot;品牌使命，全力打造&quot;中国男装第一品牌，世界茄克第一品牌&quot;，致力实现&quot;百年劲霸，基业长青&quot;的宏图伟愿。</p>','/b2b2c/5.0/201601/74ece407-1cea-4184-9cdf-c5d13759a0d1.gif','劲霸',1,'http://www.k-boxing.com'),
	(29,'2017-06-16 00:01:28','2017-06-16 00:01:28',0,29,'<p>福建柒牌集团有限公司始创于1979年，经过三十余载的创业、发展，现已成为一家以服饰研究、设计和制造为主、集销售为一体的综合性集团公司。目前企业净资产9.7亿元，公司占地面积200余亩，建筑面积22万平方米，拥有员工5000多名，拥有世界一流的服装生产设备，已在全国31个省、市（自治区）设立3000多家专卖店。自2001年以来连续11年产品销售收入、利润总额名列全国服装行业前十强。</p>','/b2b2c/5.0/201601/bbf66ea5-430b-43d3-987d-71ec5c60aca5.gif','柒牌',1,'http://www.qipai.com'),
	(30,'2017-06-16 00:01:29','2017-06-16 00:01:29',0,30,'<p>杉杉，1989年创建于浙江宁波，现总部位于上海。20多年来，杉杉从单一的服装企业，发展成为集科技、时尚、金融服务、城市综合体和贸易物流等五大产业于一体的多元化产业集群，旗下拥有“杉杉股份（600884）”,“中科英华（600110）”两家上市公司。2002年至今，杉杉连年荣登中国企业500强。</p><p>杉杉坚持“实业与投资并驾齐驱，产业和金融双轮驱动，技术和管理持续创新”的发展战略。通过积极创新经营模式强化人才战略，完善管控模式，杉杉正在成为产融结合、管理精细、稳健发展的中国旗舰型民营企业。</p><p>锂电材料是杉杉的支柱产业之一。作为国内首批进入锂离子电池材料行业的企业，经过十余年持续投入，杉杉已在上海、宁波、长沙、郴州、东莞、廊坊等地设有多家生产企业和1家研究院，并成为锂离子电池正极、负极及电解液领域国内最大、世界第二的锂电材料综合供应商。在技术先进性和规模化方面，杉杉迅速与三星、索尼等并驾齐驱，并进入奔驰、松下等国际知名公司供应链。</p><p>作为中国服装龙头企业，1996年杉杉成为中国服装行业第一家上市公司(杉杉股份：600884)，21世纪初，以“多品牌、国际化”战略成为国内最好的时尚品牌运营商，聚集20多个国际知名品牌。</p><p>杉杉依托实业优势，积极布局金融服务业，努力打造并逐步形成金融控股平台。目前，杉杉在银行、证券、基金、期货、保险、融资租赁等领域都有成功投资。</p><p>城市综合体是杉杉近年来新的重要发展引擎。杉杉先后与三井不动产等知名企业在宁波、哈尔滨、郑州等地成功投资开发奥特莱斯商业连锁服务项目，定位近郊型城市综合体。正在建设中的宁波中心集高端购物中心、四季酒店、国际高端写字楼、酒店式公寓及高端精装住宅于一体、建筑面积91万平方米，是杉杉大型城市综合体的成功力作典范。未来十年，杉杉还将在中国布局15-20家拥有国际标准的奥特莱斯广场。</p><p>杉杉稳健发展国际贸易和物流业务，致力于成为世界一流的大宗商品分销商，以整合产业链上下游优质资源，实现技工贸一体化，做大做强规模商贸产业。</p><p>杉杉秉承正直、负责、创新、奉献的共同价值观。作为一家积极承担企业公民社会责任的上市企业，杉杉持续与利益相关者沟通与反馈，积极参与地方经济发展，关爱员工健康与职业发展，关注和支持贫困弱势群体、青少年教育、自然环保等事业。在慈善、公益等方面杉杉累计向社会赞助、捐赠总价值逾3亿元，先后入选胡润中国企业慈善榜、《南方周末》中国企业社会贡献榜、社会责任榜。</p>','/b2b2c/5.0/201601/3e6d3100-0558-43cb-88c7-77a09e0ea8c7.gif','杉杉',1,'http://www.shanshan.com'),
	(31,'2017-06-16 00:01:30','2017-06-16 00:01:30',0,31,'<p>红豆集团是国务院120家深化改革试点企业之一，江苏省唯一一家由国家工商总局认定的商标战略实施示范企业。红豆集团党委是全国先进基层党组织，也是唯一一家由中组部发文号召全国企事单位学习的民营企业党组织。多年来，红豆以优异的销售业绩稳居中国服装业百强亚军。2013年集团营收同比增长11.2%，税缴增长26%。</p><p>红豆以创民族品牌为己任，从企业草创的1957年，到走出困境的1983年，再到目前产业相对多元化，并大力推进品牌建设，实现转型升级：由生产经营型向创造运营型转变、由资产经营型向产融结合型转变、由国内企业向跨国企业转变，并进行产业升级及竞争力升级。企业的产品也从最初的针织内衣，发展到服装、橡胶轮胎、生物制药、地产四大领域，经济总量居中国民营企业500强第45位。2001年1月，“红豆股份”在上交所交易，企业开始迈入资本经营。集团有12家子公司，包括两家上市公司，在柬埔寨建立了11.13平方公里的工业园，拥有美国纽约、洛杉矶两个境外分公司。“红豆”、“千里马”商标先后被国家工商局认定为中国驰名商标；企业通过ISO9001：2008质量体系认证，拥有多个“中国名牌”产品。</p><p>多年来，红豆集团荣获国家级荣誉500多项。2007年3月，“红豆”品牌荣获中国服装行业最高殊荣——成就大奖。2007年4月，红豆成为国内首家通过“CSC9000T企业社会责任”认证的企业。红豆集团因其推行卓越绩效管理取得的优异成绩，获得“2009度全国纺织实施卓越绩效模式先进企业”。2011年11月，红豆集团获得“CCTV中国年度品牌”。2012年5月，红豆集团技术中心被评为国家级技术中心，成为中国纺织服装行业较少拥有国家级技术中心的企业。集团党委书记、总裁周海江先后当选为党的十七大、十八大代表，2012年底当选为全国工商联副主席。</p><p>在努力发展经济的同时，红豆不断加大回馈社会的力度，多年来，对外捐款、捐物超3亿元，同时，集团也不断提高员工收入，使员工分享企业的发展成果。红豆建立的人才、技术、产品、管理、文化的创新机制，成为企业腾飞的强大助力。竞争上岗、制度选人等制度的推行，使企业充满活力。近几年，集团加速转型升级，加快品牌连锁专卖网络体系建设，使企业后劲十足。</p><p>今后，红豆将通过继续举办“红豆·七夕节”等活动，提升品牌文化含量，努力成为“中国第一文化品牌”，向“千亿红豆、美丽红豆、幸福红豆”和“打造百年跨国企业”的目标前进。</p>','/b2b2c/5.0/201601/1665e3a2-2051-4d63-80a5-8535d940cced.gif','红豆',1,'http://www.hongdou.com'),
	(32,'2017-06-16 00:01:31','2017-06-16 00:01:31',0,32,'<p>婷美内衣以塑形内衣启动了整个美体修形产业，成就了自己的内衣霸业。婷美内衣从中国女性“美体修形”这一实际需求出发，以四十多项专利保证，数十位各学科专家凝成一件看起来简单不过的内衣，开创出近百亿元规模的美体市场规模。 婷美品牌为北京市著名商标，是北京经济技术开发区&quot;每平方米土地税收最高内资企业&quot;、&quot;民营高新技术企业纳税大户&quot;，婷美集团更是北京市五十家重点联系民营企业之一。婷美集团属下公司多为高新技术企业 、婷美集团北京世纪诚通铭泰汽车销售连锁有限公司、婷美集团北京世纪婷美营销策划有限公司、婷美集团国际发展有限公司（香港）、婷美集团北京世纪婷悦美体科技发展有限公司、婷美集团北京婷悦化妆品有限公司、婷美集团北京世纪康婷美体医学技术研究中心、婷美集团上海世纪婷美保健技术有限公司、婷美集团天津华纳国际贸易有限公司），涉及女士内衣、保暖内衣、保健品、洗涤化妆品、消防器材、汽车配品及销售六大产业。</p>','/b2b2c/5.0/201601/20fab848-0260-4f0a-9827-fa1ab584f596.gif','婷美',1,'http://www.timier.com'),
	(33,'2017-06-16 00:01:32','2017-06-16 00:01:32',0,33,'<p>薇姿（VICHY）是全球专业敏感肌护肤领先品牌。欧莱雅集团旗下品牌，法国三大药妆品牌之一，薇姿一直关注于美丽，并倡导健康引导美丽，且不断探索创新。针对不同类型的皮肤，提供具有不同特点的系列产品，以达到绝佳效果。</p>','/b2b2c/5.0/201601/7cdf0912-0477-441a-95a9-5b1190fce7bb.gif','薇姿',1,'http://www.vichy.com.cn'),
	(34,'2017-06-16 00:01:33','2017-06-16 00:01:33',0,34,'<p>美即是一家存有信仰与理想的企业，一直以来都希望在塑造美丽的同时，也能在骤变的世界，唤醒人们心中的一份柔软，以此让人们能在现实的世界感知不一样的美好。信仰的坚持，企业公民责任的践行，让企业的理想逐渐被广泛传播与认同。2010年9月，美即在香港联合交易所成功上市，自此，美即控股国际有限公司成为中国日化行业7大上市企业之一。美即控股集团旗下有广州美即化妆品有限公司、广州美即生物科技有限公司、广州市中合美容化妆品有限公司、重庆朗禾化妆品有限公司、南京芊达化妆品有限公司等多家公司。</p><p>作为美即控股的核心企业，广州美即化妆品有限公司专注于面膜美容护肤领域，迄今拥有13个系列，超过170种面膜产品。公司已在全国23个省份、5个自治区和4个直辖市拥有200多家分销商及1万多个销售点（仍在增长中）。2009年至今，连续多年高居中国面膜市场占有率第一位，成为中国内地市场面膜品类领导企业。</p>','/b2b2c/5.0/201601/525ef662-0b21-40ee-b07e-2d07d8920372.gif','美即',1,'http://www.mgmask.cn'),
	(35,'2017-06-16 00:01:34','2017-06-16 00:01:34',0,35,'<p>从事美容行业将近50年历史的多芬是全球著名的女性品牌，是联合利华最有价值的品牌之一。40多年来，多芬一直用真人来做广告。就像多芬的英文名字Dove一样，这是一个象征着希望、快乐、和平以及所有积极事物的名字。其旗下产品包括护肤品，洗发膏等。</p>','/b2b2c/5.0/201601/7765842e-6de6-45b3-921f-8f38937d7e0b.gif','多芬',1,'http://www.dove.com'),
	(36,'2017-06-16 00:01:35','2017-06-16 00:01:35',0,36,'<p>沙宣是宝洁公司洗发水品牌中的后起之秀，他们请来国际著名美发专家维达·沙宣做自己的品牌形象大使，并用维达·沙宣本人的名字作为品牌，从而树立起专业洗发、护发的形象，而“我的光彩来自你的风采”则有画龙点睛之感。作为国际美发先锋，沙宣的灵感来自四面八方。从怀旧的摇滚到摩登的T台时装秀；从经典的建筑到耐人探索的星际，每一款都张扬着沙宣的创新精神。</p>','/b2b2c/5.0/201601/3f2afa1f-4f99-4cb8-a35b-1a2ccc3f1302.gif','沙宣',1,'http://www.vs.com.cn'),
	(37,'2017-06-16 00:01:36','2017-06-16 00:01:36',0,37,'<p>法国欧莱雅集团是世界上最大的化妆品公司，创办于1907年。</p><p>欧莱雅集团世界美妆品行业中的的领导者，经营范围遍及130多个国家和地区，在全球拥有283家分公司、42家工厂、100多个代理商，以及5万多名的员工，是总部设于法国旳跨国公司，也是财富全球500强企业之一。</p>','/b2b2c/5.0/201601/71329413-9c2d-4631-9e9a-62d85441e9e1.gif','欧莱雅',1,'http://www.lorealparis.com.cn'),
	(38,'2017-06-16 00:01:37','2017-06-16 00:01:37',0,38,'<p>Maybelline(美宝莲纽约)的名字是由他的妹妹的名字(Maybel)以及凡士林(Vaseline)的后半部分组成的。 美宝莲纽约于1917年成立之时，生产出了世界上第一支现代眼部化妆品：美宝莲纽约块状睫毛膏(Maybelline Cake Mascara)。 如今，美宝莲纽约已经成为了一个具有传奇色彩的全球化妆品先驱公司。世界90多个国家及城市中，美宝莲纽约已经成为第一个针对女性生产化妆及护肤品的公司。至今已经有了97年品牌历史。美宝莲纽约(Maybelline New York)提供包括专业脸部彩妆、眼部彩妆、唇部彩妆产品。</p><p>美宝莲纽约在中国出售的纯矿物油粉底销量雄踞第一，并建立第一条生产帮助改善皮肤的矿物粉底生产线。美宝莲纽约在纽约成立了城市肌肤研究所，旨在研究城市居住环境对女性肌肤的影响，同时针对城市肌肤，生产一系列将以种籽为配方的护肤产品，从大自然探寻到肌肤的净化力量，让肌肤保持自然美丽。</p><p>美宝莲纽约市公认的彩妆及美容时尚品牌，是纽约时装周以及其他大型时尚秀指定的彩妆产品美宝莲纽约还与来自中国的谭玉燕(Vivienne Tam)进行了紧密合作。</p>','/b2b2c/5.0/201601/95cb1387-25a6-43b5-97ff-f34aa2b92aa7.gif','美宝莲',1,'http://www.maybellinechina.com'),
	(39,'2017-06-16 00:01:38','2017-06-16 00:01:38',0,39,'<p>妮维雅（NIVEA) 是德国拜尔斯道夫公司所有的大型全球护肤品与身体护理品品牌。1911年拜耳斯道夫拥有EUCERIT的油基乳剂皮肤软膏后成立了该公司，该乳剂为同类产品中第一种稳定的乳剂。该公司所有人Oskar Troplowitz 将公司命名为NIVEA，其中的灵感来自于拉丁语niveus,-a,-um(雪白之意)。30年代，拜耳斯道夫开始生产防晒油，剃须膏，洗发水和面部护理产品。“NIVEA”商标在第二次世界大战后被许多国家没收，但是拜耳斯道夫最终于1997年购回所有商标权。</p><p>今天，在全球公认的最具权威性的肌肤及医学研究中心——BDF公司的PGU研究中心，有一百多位博士正在研发自然，高效的产品，其成果已使妮维雅(Nivea)成为全球最大的护肤用品品牌。其品牌形象——“妮维雅能给肌肤最温和的呵护”已深入人心。在欧洲，妮维雅(Nivea)更已成为皮肤保养的代名词。妮维雅(Nivea)产品在身体保养，脸部保养，防晒，唇部保养，个人清洁，男士护肤等品类已稳居欧洲市场排名第一。</p>','/b2b2c/5.0/201601/f7eab93f-a6e6-43b5-bda9-93dc7bf6b608.gif','妮维雅',1,'http://www.nivea.com.cn'),
	(40,'2017-06-16 00:01:39','2017-06-16 00:01:39',0,40,'<p>海飞丝（Head &amp; Shoulders）是宝洁公司（Procter &amp; Gamble）的一款洗发精产品，属于中档洗发品牌。1986年进入台湾，1991年进入中国大陆，以“去头皮屑”为其特点。</p><p>在中国大陆，海伦仙度丝被称为海飞丝，但台湾早年也由葡萄王企业公司推出过同名的洗发精，亦以去头皮屑为号召，但两者并无任何关系。</p><p>在中国大陆市场，海飞丝还有护发素，2006年换了全新的包装，护发素也全新升级。</p><p>海飞丝始创于1837年的宝洁公司，是世界最大的日用消费品公司之一。2003-2004财政年度，公司全年销售额为514亿美元。在《财富》杂志最新评选出的全球500家最大工业/服务业企业中，排名第86位。宝洁公司全球雇员近10万，在全球80多个国家设有工厂及分公司，所经营的300多个品牌的产品畅销160多个国家和地区，其中包括织物及家居护理、美发美容、婴儿及家庭护理、健康护理、食品及饮料等。著名护发品牌海飞丝奉献最新研究成果——活力锌。</p>','/b2b2c/5.0/201601/f33265cf-e732-4771-bc01-acf512053821.gif','海飞丝',1,'http://www.head-shoulders.com.cn'),
	(41,'2017-06-16 00:01:40','2017-06-16 00:01:40',0,41,'<p>欧普照明始于1996年，是一家集研发、生产和销售于一体的综合型照明企业。历经18年的发展，公司现有员工6000多人，拥有上海总部及中山工业园、吴江工业园等多个生产基地；公司产品涵盖LED及传统光源、灯具、电工电器、吊顶产品等领域。作为中国照明行业领先的整体照明解决方案提供者，欧普照明不仅致力于研究光的合理运用，提供贴心产品，还为消费者提供差异化整体照明解决方案等专业的配套服务，全面提升用户体验。针对不同场合，欧普提供的照明方案能满足人在不同时间、不同空间生理需求和心理需求的灯光。</p>','/b2b2c/5.0/201601/b405e453-c938-4f13-9f20-33d466ac9220.gif','欧普',1,'http://www.opple.com.cn'),
	(42,'2017-06-16 00:01:41','2017-06-16 00:01:41',0,42,'<p>公牛是一家致力于以创新科技、智能产品、优质服务为消费者提供全方位电源连接解决方案的电工集团。我们不断观察消费者的需求及渴望，竭力以创新科技为亿万家庭提供安全舒适的用电环境；我们不断引领行业升级革新，与智能、舒适、便捷的未来电气时代同行。</p><p>以客户需求为尊的可持续发展战略</p><p>我们以满足消费者的需求为使命，在以人为本的基础上进行多元化的开拓，不断在用电保护领域寻找安全、高效的答案，提升用户体验，打造出真正符合人们需要的新一代技术和产品。坚持绿色生产，注重可持续发展，打造低碳生活——绿色、智能、时尚，将是我们新一轮发展的关键词。</p><p>创新科技引领行业升级</p><p>科技创新是公牛作为一家国际化企业的发展命脉，凭借研发中心的一流人才资源和硬件资源，我们先进的研发体系一次次带动了行业创新与升级，先后获得159项产品外观专利、85项实用专利、9项发明专利，不断升级用电体验，实现您未曾敢想的种种可能。</p><p>以员工关怀为要的人本政策</p><p>人是公司的发展根本，我们愿与员工同发展，共筑梦。我们提供优厚合理的薪酬福利待遇和公平公正的选拔机制，这也让我们拥有了一批朝气蓬勃、对公牛事业充满热爱的年轻人，他们正如创始人阮立平当初在小小的作坊里制图、研发第一款公牛产品一样，怀揣着热情和梦想，准备放手一搏，大展宏图。</p><p>爱心回馈，践行企业社会责任</p><p>作为一家有社会责任心的企业，我们积极参与公益活动，用自己的力量影响大众，构建和谐社会。持续不断的付出，让人们看到一个充满爱心和社会影响力的品牌形象。我们相信企业对社会的价值创造，可以帮助人们拥有舒适智能的精彩生活，我们为之孜孜不倦，不断前行。</p><p>未来，公牛集团将在经营理念、发展战略、品牌建设、产品研发和业务模式方面坚持创新、不断超越，为消费者提供全方位电源连接解决方案，陪伴亿万家庭迈向智能、舒适、便捷的未来生活！</p>','/b2b2c/5.0/201601/d67715a4-b687-4138-91af-93d98785c906.gif','公牛',1,'http://www.gongniu.cn'),
	(43,'2017-06-16 00:01:42','2017-06-16 00:01:42',0,43,'<p>妙洁家用品来自于在台湾超过50年历史的脱普企业集团，在中国深耕已有22年。妙洁本着为中国现代化家庭提供更健康、方便、轻松的生活理念，不断推出最新最好的产品满足消费者更高的生活需求！&nbsp;</p><p>至今妙洁家用品已有保鲜膜、保鲜袋、拖把、手套、抹布、百洁布、一次性用品、垃圾袋、保鲜盒9大类两百余种的家用系列产品。</p>','/b2b2c/5.0/201601/f8c283db-468f-4415-8b09-45fbb53d593c.gif','妙洁',1,'http://www.miaojie.com.cn'),
	(44,'2017-06-16 00:01:43','2017-06-16 00:01:43',0,44,'<p>中宇建材集团有限公司位于中国原海上丝绸之路（陶瓷之路）起点——福建泉州，是中国最具实力的整体厨卫家居研发、生产、销售一体化大型股份制企业，中国最大的卫浴水暖产品及配件制造商之一，亚洲最具规模的水龙头及铜阀门配件出口企业之一，中国卫浴水暖产品多项国家标准主要起草单位之一。 &nbsp;</p><p>集团始建于1979年，历经三十多年坚实而稳健的发展，总资产超40亿元人民币的集团公司，并成功推动中宇卫浴（德国）股份有限公司成为首家在欧洲上市的中国卫浴企业。 &nbsp;</p><p>目前集团已拥有强大的整体卫浴生产系统，涵盖卫生陶瓷厂，浴室家具厂、花洒厂、淋浴房厂、浴缸厂、龙头五金厂等，公司引进10条行业先进的卫生陶瓷隧道窑生产线，届时将建成国内最大的卫生陶瓷制造生产基地之一，为自主品牌及世界级卫浴品牌提供服务，促进行业全球化高速发展。 &nbsp;</p><p>产品涵盖卫生陶瓷、浴室家具、龙头五金、淋浴花洒、浴缸、淋浴房、不锈钢水槽、浴室挂件及铜阀门、铜材产品等。 &nbsp;</p><p>获得过多项国内外权威认证，如ISO国际质量管理、环境管理、职业安全卫生管理体系认证，美国NSF、英国WRAS、欧洲CE、加拿大CASS等多项国际权威认证，产品畅销德国、英国、美国、加拿大、东南亚及中国等近30个国家。 &nbsp;</p><p>集团创立之初就确定自主品牌全球化经营战略，现拥有“JOYOU•中宇卫浴”品牌，实行内外销渠道同步发展道路。并于2009年与世界卫浴行业巨头德国（高仪）达成全球战略合作伙伴关系，2011年全面接管高仪（中国）品牌及市场业务，加强吸纳与消化东西方管理模式，从管理、技术、人才诸方面实现品牌资源优势互补，未来，集团将持续致力于为全球消费者创造舒适、健康、环保、时尚的卫浴家居产品， 把“JOYOU•中宇卫浴”打造成世界名牌。&nbsp;</p>','/b2b2c/5.0/201601/4a4fd5eb-8aa2-4d0c-92dd-468c843af3f6.gif','中宇',1,'http://www.joyou.com.cn'),
	(45,'2017-06-16 00:01:44','2017-06-16 00:01:44',0,45,'<p>多喜爱家纺股份有限公司为家用纺织品企业，自成立以来一直致力于以套件类产品（含枕套、被套、床单、床笠等）、芯类产品（含枕芯、被芯）为主的家纺用品的研发设计、外包生产、品牌推广、渠道建设和销售等业务，具备行业领先的自主研发设计能力、严格的供应商筛选机制、完善的生产控制体系、强大的渠道拓展能力及健全的销售服务体系。公司一直着力打造“时尚家纺”概念，注重产品设计风格，通过主题、色彩、花型等方式突出时尚、新潮的品牌内涵，并始终坚持对产品功能性的开发和提升，通过各种技术手段有效提高了产品的抗菌、防霉和保健等功能，对追求简约、时尚、个性的细分市场受众具有较强的品牌粘性，在广大消费者人群中获得了较高的美誉度。</p><p>“Dohia多喜爱”品牌注册于1999年，自公司成立以来，多喜爱商标多次被湖南省工商局认定为湖南省著名商标，2009年多喜爱品牌被湖南省商务局、湖南省国际知名品牌认定委员会授予湖南省国际知名品牌证书。</p><p>2007年“多喜爱”被认定为中国驰名商标。</p><p>2008年公司获得IS09001质量认证，同年被认定为高新技术企业。</p><p>2010年公司担任全国卫生产业企业管理协会抗菌产业分会理事单位，负责主持制订《含银抗菌溶液》行业标准。</p><p>2011年公司获得中国纺织工业协会2011年度产品开发贡献奖。</p><p>2011年公司获得清科集团颁发“中国最具投资价值企业50强”。</p><p>2012年公司获得湖南省科学技术进步二等奖。</p><p>公司现已成为家纺行业时尚的前沿品牌，公司产品设计以欧洲时尚简约风格为主，产品设计风格不但国内领先，也与世界时尚潮流同步，公司同时还代理美国华纳弟兄（WB）、美国3M等品牌的产品，近年来公司的高速成长已使公司成为家纺行业无法取代的新锐力量。</p>','/b2b2c/5.0/201601/51e0e307-7ade-47ea-ab92-c7260f1e4323.gif','多喜爱',1,'http://www.dohia.com'),
	(46,'2017-06-16 00:01:45','2017-06-16 00:01:45',0,46,'<p>&quot;北极绒&quot;属上海赛洋集团旗下品牌，诞生于1998年，是中国最早的保暖内衣龙头品牌之一。产品一经问世，依靠先进的科技理念、优良的品质、大众化消费，以一骑绝尘之势迅速占领市场。赵本山代言广告语&quot;怕冷就穿北极绒，地球人都知道&quot;，更是迅速传遍全国各地、街头巷尾，成为人们茶余饭后的谈资。北极绒也借此迅速蹿升为中国保暖内衣行业的重要领导品牌之一。</p>','/b2b2c/5.0/201601/e493a288-1385-44fd-a96d-c43439019fc9.gif','北极绒',1,'http://www.bejirog.com'),
	(47,'2017-06-16 00:01:46','2017-06-16 00:01:46',0,47,'<p>1989年，恒源祥（集团）有限公司正式将“恒源祥”字号注册为主商标。从1991年到现在，公司成功地探索实践出了一条品牌经营之路——通过实施品牌战略，充分利用品牌的无形资产调动和组合社会有形资产和资源，组成特许生产和特许经营的战略联盟，实现了规模经营和快速发展。</p><p>现今，恒源祥（集团）有限公司已经发展成为一家拥有15家子公司、国家级企业技术中心、近百家特许生产加盟工厂、近万家特许经销商、覆盖四大主要产业（绒线、家纺、服饰、针织）、年度品牌零售额近60亿元的现代服务型企业。在发展过程中，恒源祥（集团）有限公司十分注重提升品牌经营能力，不断挖掘品牌和文化的深刻内涵，在品牌和文化的理论和实践上不断突破和创新，真正实践出了一条通过实施品牌经营战略、可持续的现代服务型企业创新之路。</p><p>“持续为社会创造价值，推动人类社会的进步和发展”是公司对于社会责任的理解和承诺，公司确立了以使命、精神和价值观为核心的文化体系，正在努力探索和实践一个能生、能长(zhang)、能长(chang)的企业发展模式。</p>','/b2b2c/5.0/201601/b5511810-3d02-4457-9133-6c996ce05758.gif','恒源祥',1,'http://www.hyx1927.com'),
	(48,'2017-06-16 00:01:47','2017-09-27 09:33:09',3,49,'<p>深圳市富安娜家居用品股份有限公司，成立于1994年8月，于2009年12月在深圳A股成功上市（股票代码：002327），是一家集研发、设计、生产、销售于一体的综合型家纺龙头企业，产品现已涉及家居床品、饰品、居家用品等多个系列，为成千上万消费者引领了独特的艺术家居生活方式。</p><p>目前富安娜拥有“富安娜”、“维莎”、 “馨而乐”、“酷奇智”、“圣之花”五大品牌，并拥有300人的专职研发队伍，每年推出新款花型达200多种、新产品600多款，拥有发明专利1件，实用新型专利10件，美术作品著作权1050件，计算机软件著作权3件，是国内同行业中拥有自主知识产权最多的企业之一。</p><p>公司在全国各地布局了先进的生产物流基地，目前，富安娜拥有深圳龙华、江苏常熟、四川南充三大生产基地，并采用国际先进的ERP系统实施信息化管理。</p><p>富安娜拥有健全的营销服务体系，截止2013年底，在全国已拥有32家子公司，开设2200余家专卖店/柜，全面进驻全国一、二线城市知名商圈，确立了其在家纺行业的领导者品牌地位，从自营店销售的单一模式发展成为直营销售、加盟经销、电子商务、电购团购等多渠道营销推广模式。</p><p>作为家纺行业的领军企业，富安娜公司及其董事长林国芳先生一直勇于承担社会责任，共向社会捐赠超过1亿元，用于教育、医疗、扶贫济困等公益事业。</p><p>富安娜公司一直保持稳定发展，2013年的销售收入超过18亿元，净利润比上年增长近20%，奉献了家纺行业内最优的业绩表现。目前公司正在从单纯的产品品牌经营向大家居渠道品牌建设转变。</p>','/b2b2c/5.0/201601/65358ab6-405c-41d6-95fa-216a72dfae85.gif','富安娜',1,'http://www.fuanna.com.cn');

/*!40000 ALTER TABLE `brand` ENABLE KEYS */;
UNLOCK TABLES;


# Dump of table business
# ------------------------------------------------------------

DROP TABLE IF EXISTS `business`;

CREATE TABLE `business` (
  `id` bigint(20) NOT NULL COMMENT 'ID',
  `created_date` datetime DEFAULT NULL COMMENT '创建日期',
  `last_modified_date` datetime DEFAULT NULL COMMENT '最后修改日期',
  `version` bigint(20) DEFAULT NULL COMMENT '版本',
  `is_enabled` bit(1) NOT NULL COMMENT '是否启用',
  `is_locked` bit(1) NOT NULL COMMENT '是否锁定',
  `last_login_date` datetime DEFAULT NULL COMMENT '最后登录日期',
  `last_login_ip` varchar(255) DEFAULT NULL COMMENT '最后登录IP',
  `lock_date` datetime DEFAULT NULL COMMENT '锁定日期',
  `attribute_value0` varchar(255) DEFAULT NULL COMMENT '商家注册项值0',
  `attribute_value1` varchar(255) DEFAULT NULL COMMENT '商家注册项值1',
  `attribute_value10` varchar(255) DEFAULT NULL COMMENT '商家注册项值10',
  `attribute_value11` varchar(255) DEFAULT NULL COMMENT '商家注册项值11',
  `attribute_value12` varchar(255) DEFAULT NULL COMMENT '商家注册项值12',
  `attribute_value13` varchar(255) DEFAULT NULL COMMENT '商家注册项值13',
  `attribute_value14` varchar(255) DEFAULT NULL COMMENT '商家注册项值14',
  `attribute_value15` varchar(255) DEFAULT NULL COMMENT '商家注册项值15',
  `attribute_value16` varchar(255) DEFAULT NULL COMMENT '商家注册项值16',
  `attribute_value17` varchar(255) DEFAULT NULL COMMENT '商家注册项值17',
  `attribute_value18` varchar(255) DEFAULT NULL COMMENT '商家注册项值18',
  `attribute_value19` varchar(255) DEFAULT NULL COMMENT '商家注册项值19',
  `attribute_value2` varchar(255) DEFAULT NULL COMMENT '商家注册项值2',
  `attribute_value3` varchar(255) DEFAULT NULL COMMENT '商家注册项值3',
  `attribute_value4` varchar(255) DEFAULT NULL COMMENT '商家注册项值4',
  `attribute_value5` varchar(255) DEFAULT NULL COMMENT '商家注册项值5',
  `attribute_value6` varchar(255) DEFAULT NULL COMMENT '商家注册项值6',
  `attribute_value7` varchar(255) DEFAULT NULL COMMENT '商家注册项值7',
  `attribute_value8` varchar(255) DEFAULT NULL COMMENT '商家注册项值8',
  `attribute_value9` varchar(255) DEFAULT NULL COMMENT '商家注册项值9',
  `balance` decimal(27,12) NOT NULL COMMENT '余额',
  `bank_account` varchar(255) DEFAULT NULL COMMENT '银行账号',
  `bank_name` varchar(255) DEFAULT NULL COMMENT '银行开户名',
  `email` varchar(255) NOT NULL DEFAULT '' COMMENT 'E-mail',
  `frozen_fund` decimal(27,12) NOT NULL COMMENT '冻结金额',
  `id_card` varchar(255) DEFAULT NULL COMMENT '法人代表身份证',
  `id_card_image` varchar(255) DEFAULT NULL COMMENT '法人代表身份证图片',
  `identification_number` varchar(255) DEFAULT NULL COMMENT '纳税人识别号',
  `legal_person` varchar(255) DEFAULT NULL COMMENT '法人代表姓名',
  `license_image` varchar(255) DEFAULT NULL COMMENT '营业执照号图片',
  `license_number` varchar(255) DEFAULT NULL COMMENT '营业执照号',
  `mobile` varchar(255) DEFAULT NULL COMMENT '手机',
  `name` varchar(255) DEFAULT NULL COMMENT '名称',
  `organization_code` varchar(255) DEFAULT NULL COMMENT '组织机构代码',
  `organization_image` varchar(255) DEFAULT NULL COMMENT '组织机构代码证图片',
  `phone` varchar(255) DEFAULT NULL COMMENT '电话',
  `safeKey_expire` datetime DEFAULT NULL COMMENT '安全密匙',
  `safeKey_value` varchar(255) DEFAULT NULL COMMENT '安全密匙',
  `tax_image` varchar(255) DEFAULT NULL COMMENT '税务登记证图片',
  `hasher` varchar(255) DEFAULT NULL COMMENT '加密类型',
  `salt` varchar(255) DEFAULT NULL COMMENT '加密盐',
  `password` varchar(255) NOT NULL DEFAULT '' COMMENT '加密密码',
  `username` varchar(255) NOT NULL DEFAULT '' COMMENT '用户名',
  PRIMARY KEY (`id`),
  UNIQUE KEY `uni_Business_email` (`email`),
  UNIQUE KEY `uni_Business_username` (`username`),
  UNIQUE KEY `uni_Business_mobile` (`mobile`)
) ENGINE=InnoDB DEFAULT CHARSET=utf8 COMMENT='商家';

LOCK TABLES `business` WRITE;
/*!40000 ALTER TABLE `business` DISABLE KEYS */;

INSERT INTO `business` (`id`, `created_date`, `last_modified_date`, `version`, `is_enabled`, `is_locked`, `last_login_date`, `last_login_ip`, `lock_date`, `attribute_value0`, `attribute_value1`, `attribute_value10`, `attribute_value11`, `attribute_value12`, `attribute_value13`, `attribute_value14`, `attribute_value15`, `attribute_value16`, `attribute_value17`, `attribute_value18`, `attribute_value19`, `attribute_value2`, `attribute_value3`, `attribute_value4`, `attribute_value5`, `attribute_value6`, `attribute_value7`, `attribute_value8`, `attribute_value9`, `balance`, `bank_account`, `bank_name`, `email`, `frozen_fund`, `id_card`, `id_card_image`, `identification_number`, `legal_person`, `license_image`, `license_number`, `mobile`, `name`, `organization_code`, `organization_image`, `phone`, `safeKey_expire`, `safeKey_value`, `tax_image`, `hasher`, `salt`, `password`, `username`)
VALUES
	(2,'2017-06-16 00:57:33','2017-11-08 18:05:25',38,b'1',b'0','2017-11-13 14:11:16','0:0:0:0:0:0:0:1',NULL,NULL,NULL,NULL,NULL,NULL,NULL,NULL,NULL,NULL,NULL,NULL,NULL,NULL,NULL,NULL,NULL,NULL,NULL,NULL,NULL,6872.620000000000,'xxxxxxx',NULL,'jfinalshop_sj@shopxx.com',64.000000000000,NULL,NULL,'xxxxxx','小明',NULL,NULL,'15846897421','手机旗舰店',NULL,NULL,NULL,NULL,NULL,NULL,'default_hasher','','$shiro1$SHA-256$500000$1F5JvFQj+pf6EioyVDkAZg==$OjmYdtLXwsR60T0M0fhj2nd+uLCeAqzNz5w9DzYzABM=','jfinalshop_sj'),
	(3,'2017-06-16 00:57:33','2017-06-16 00:57:33',0,b'1',b'0','2017-09-12 15:10:19','192.168.1.113',NULL,NULL,NULL,NULL,NULL,NULL,NULL,NULL,NULL,NULL,NULL,NULL,NULL,NULL,NULL,NULL,NULL,NULL,NULL,NULL,NULL,0.000000000000,NULL,NULL,'jfinalshop_zc@shopxx.com',900000.000000000000,NULL,NULL,NULL,'小李',NULL,NULL,'13999999999','中彩旗舰店',NULL,NULL,NULL,NULL,NULL,'','default_hasher','','$shiro1$SHA-256$500000$UQoIgmLxsgSvquY30fuQGQ==$6YewAYgZGeyqz4iXz58k5Few9adFo73ov1VZC3gVfX0=','jfinalshop_zc');

/*!40000 ALTER TABLE `business` ENABLE KEYS */;
UNLOCK TABLES;


# Dump of table business_attribute
# ------------------------------------------------------------

DROP TABLE IF EXISTS `business_attribute`;

CREATE TABLE `business_attribute` (
  `id` bigint(20) NOT NULL COMMENT 'ID',
  `created_date` datetime NOT NULL COMMENT '创建日期',
  `last_modified_date` datetime NOT NULL COMMENT '最后修改日期',
  `version` bigint(20) NOT NULL COMMENT '版本',
  `orders` int(11) DEFAULT NULL COMMENT '排序',
  `is_enabled` bit(1) NOT NULL COMMENT '是否启用',
  `is_required` bit(1) NOT NULL COMMENT '是否必填',
  `name` varchar(255) NOT NULL DEFAULT '' COMMENT '名称',
  `options` longtext COMMENT '可选项',
  `pattern` varchar(255) DEFAULT NULL COMMENT '配比',
  `property_index` int(11) DEFAULT NULL COMMENT '属性序号',
  `type` int(11) NOT NULL COMMENT '类型',
  PRIMARY KEY (`id`)
) ENGINE=InnoDB DEFAULT CHARSET=utf8 COMMENT='商家注册项';

LOCK TABLES `business_attribute` WRITE;
/*!40000 ALTER TABLE `business_attribute` DISABLE KEYS */;

INSERT INTO `business_attribute` (`id`, `created_date`, `last_modified_date`, `version`, `orders`, `is_enabled`, `is_required`, `name`, `options`, `pattern`, `property_index`, `type`)
VALUES
	(1,'2017-06-16 00:57:33','2017-06-16 00:57:33',0,1,b'1',b'1','名称',NULL,NULL,NULL,0),
	(2,'2017-06-16 00:57:34','2017-10-10 14:57:26',4,2,b'1',b'0','营业执照',NULL,NULL,NULL,1),
	(3,'2017-06-16 00:57:35','2017-06-16 00:57:35',0,3,b'1',b'0','营业执照图片',NULL,'',NULL,2),
	(4,'2017-06-16 00:57:36','2017-06-16 00:57:36',0,4,b'1',b'1','法人姓名',NULL,NULL,NULL,3),
	(5,'2017-06-16 00:57:37','2017-09-29 17:15:59',1,5,b'1',b'0','法人身份证',NULL,NULL,NULL,4),
	(6,'2017-06-16 00:57:38','2017-09-29 17:18:38',1,6,b'1',b'0','法人身份证图片',NULL,NULL,NULL,5),
	(7,'2017-06-16 00:57:39','2017-09-29 17:18:33',1,7,b'1',b'0','电话',NULL,'^\\d{3,4}-?\\d{7,9}$',NULL,6),
	(8,'2017-06-16 00:57:40','2017-09-29 17:18:30',1,8,b'1',b'0','组织机构代码',NULL,NULL,NULL,7),
	(9,'2017-06-16 00:57:41','2017-09-29 17:18:27',1,9,b'1',b'0','组织机构代码证图片',NULL,NULL,NULL,8),
	(10,'2017-06-16 00:57:42','2017-09-29 17:18:18',1,10,b'1',b'1','纳税人识别号',NULL,NULL,NULL,9),
	(11,'2017-06-16 00:57:43','2017-09-29 17:18:02',2,11,b'1',b'0','税务登记证图片',NULL,NULL,NULL,10),
	(12,'2017-06-16 00:57:44','2017-09-29 17:15:46',1,12,b'1',b'0','银行开户名',NULL,NULL,NULL,11),
	(13,'2017-06-16 00:57:45','2017-09-29 17:18:14',1,13,b'1',b'1','公司银行账号',NULL,NULL,NULL,12);

/*!40000 ALTER TABLE `business_attribute` ENABLE KEYS */;
UNLOCK TABLES;


# Dump of table business_deposit_log
# ------------------------------------------------------------

DROP TABLE IF EXISTS `business_deposit_log`;

CREATE TABLE `business_deposit_log` (
  `id` bigint(20) NOT NULL COMMENT 'ID',
  `created_date` datetime NOT NULL COMMENT '创建日期',
  `last_modified_date` datetime NOT NULL COMMENT '最后修改日期',
  `version` bigint(20) NOT NULL COMMENT '版本',
  `balance` decimal(21,6) NOT NULL COMMENT '当前余额',
  `credit` decimal(21,6) NOT NULL COMMENT '收入金额',
  `debit` decimal(21,6) NOT NULL COMMENT '支出金额',
  `memo` varchar(255) DEFAULT NULL COMMENT '备注',
  `type` int(11) NOT NULL COMMENT '类型',
  `business_id` bigint(20) NOT NULL COMMENT '商家',
  PRIMARY KEY (`id`),
  KEY `ind_BusinessDepositLog_business_id` (`business_id`),
  CONSTRAINT `FKmmrx8r1tv4nix27j1cdsh78xb` FOREIGN KEY (`business_id`) REFERENCES `business` (`id`)
) ENGINE=InnoDB DEFAULT CHARSET=utf8 COMMENT='商家预存款记录';



# Dump of table business_role
# ------------------------------------------------------------

DROP TABLE IF EXISTS `business_role`;

CREATE TABLE `business_role` (
  `business_id` bigint(20) NOT NULL COMMENT '商家',
  `roles_id` bigint(20) NOT NULL COMMENT '角色',
  PRIMARY KEY (`business_id`,`roles_id`),
  KEY `ind_business_role_roles_id` (`roles_id`),
  CONSTRAINT `FK_business_role_business` FOREIGN KEY (`business_id`) REFERENCES `business` (`id`),
  CONSTRAINT `FK_business_role_role` FOREIGN KEY (`roles_id`) REFERENCES `role` (`id`)
) ENGINE=InnoDB DEFAULT CHARSET=utf8 COMMENT='商家角色中间表';

LOCK TABLES `business_role` WRITE;
/*!40000 ALTER TABLE `business_role` DISABLE KEYS */;

INSERT INTO `business_role` (`business_id`, `roles_id`)
VALUES
	(2,2),
	(3,2);

/*!40000 ALTER TABLE `business_role` ENABLE KEYS */;
UNLOCK TABLES;


# Dump of table cart
# ------------------------------------------------------------

DROP TABLE IF EXISTS `cart`;

CREATE TABLE `cart` (
  `id` bigint(20) NOT NULL COMMENT 'ID',
  `created_date` datetime NOT NULL COMMENT '创建日期',
  `last_modified_date` datetime NOT NULL COMMENT '最后修改日期',
  `version` bigint(20) NOT NULL COMMENT '版本',
  `expire` datetime DEFAULT NULL COMMENT '过期时间',
  `cart_key` varchar(255) NOT NULL DEFAULT '' COMMENT '密钥',
  `member_id` bigint(20) DEFAULT NULL COMMENT '会员',
  PRIMARY KEY (`id`),
  UNIQUE KEY `uni_Cart_cartKey` (`cart_key`),
  KEY `ind_Cart_member_id` (`member_id`),
  CONSTRAINT `FK62b80wq5in3dmemy7ac86n6b1` FOREIGN KEY (`member_id`) REFERENCES `member` (`id`)
) ENGINE=InnoDB DEFAULT CHARSET=utf8 COMMENT='购物车';



# Dump of table cart_item
# ------------------------------------------------------------

DROP TABLE IF EXISTS `cart_item`;

CREATE TABLE `cart_item` (
  `id` bigint(20) NOT NULL COMMENT 'ID',
  `created_date` datetime NOT NULL COMMENT '创建日期',
  `last_modified_date` datetime NOT NULL COMMENT '最后修改日期',
  `version` bigint(20) NOT NULL COMMENT '版本',
  `quantity` int(11) NOT NULL COMMENT '数量',
  `cart_id` bigint(20) NOT NULL COMMENT '购物车',
  `sku_id` bigint(20) NOT NULL COMMENT 'SKU',
  PRIMARY KEY (`id`),
  KEY `ind_CartItem_cart_id` (`cart_id`),
  KEY `ind_CartItem_sku_id` (`sku_id`),
  CONSTRAINT `FKes77rm51hdhw46u6wdlblndq2` FOREIGN KEY (`cart_id`) REFERENCES `cart` (`id`),
  CONSTRAINT `FKsksqjqm9qmw31yddtbk5pag3` FOREIGN KEY (`sku_id`) REFERENCES `sku` (`id`)
) ENGINE=InnoDB DEFAULT CHARSET=utf8 COMMENT='购物车项';



# Dump of table cash
# ------------------------------------------------------------

DROP TABLE IF EXISTS `cash`;

CREATE TABLE `cash` (
  `id` bigint(20) NOT NULL COMMENT 'ID',
  `created_date` datetime NOT NULL COMMENT '创建日期',
  `last_modified_date` datetime NOT NULL COMMENT '最后修改日期',
  `version` bigint(20) NOT NULL COMMENT '版本',
  `account` varchar(255) NOT NULL DEFAULT '' COMMENT '收款账号',
  `amount` decimal(21,6) NOT NULL COMMENT '金额',
  `bank` varchar(255) NOT NULL DEFAULT '' COMMENT '收款银行',
  `status` int(11) NOT NULL COMMENT '状态',
  `business_id` bigint(20) NOT NULL COMMENT '商家',
  PRIMARY KEY (`id`),
  KEY `ind_Cash_business_id` (`business_id`),
  CONSTRAINT `FKkiq4pw9oi939dkpbcr5hx3803` FOREIGN KEY (`business_id`) REFERENCES `business` (`id`)
) ENGINE=InnoDB DEFAULT CHARSET=utf8 COMMENT='提现';



# Dump of table category_application
# ------------------------------------------------------------

DROP TABLE IF EXISTS `category_application`;

CREATE TABLE `category_application` (
  `id` bigint(20) NOT NULL COMMENT 'ID',
  `created_Date` datetime NOT NULL COMMENT '创建日期',
  `last_modified_date` datetime NOT NULL COMMENT '最后修改日期',
  `version` bigint(20) NOT NULL COMMENT '版本',
  `rate` double NOT NULL COMMENT '分佣比例',
  `status` int(11) NOT NULL COMMENT '状态',
  `product_category_id` bigint(20) NOT NULL COMMENT '经营分类',
  `store_id` bigint(20) NOT NULL COMMENT '店铺',
  PRIMARY KEY (`id`),
  KEY `ind_CategoryApplication_productCategory_id` (`product_category_id`),
  KEY `ind_CategoryApplication_store_id` (`store_id`),
  CONSTRAINT `FKf15j9jtk5tffj0bffqgureykj` FOREIGN KEY (`product_category_id`) REFERENCES `product_category` (`id`),
  CONSTRAINT `FKopdwnlj340r6ve4cd0eaoyibm` FOREIGN KEY (`store_id`) REFERENCES `store` (`id`)
) ENGINE=InnoDB DEFAULT CHARSET=utf8 COMMENT='经营分类申请';



# Dump of table consultation
# ------------------------------------------------------------

DROP TABLE IF EXISTS `consultation`;

CREATE TABLE `consultation` (
  `id` bigint(20) NOT NULL COMMENT 'ID',
  `created_date` datetime NOT NULL COMMENT '创建日期',
  `last_modified_date` datetime NOT NULL COMMENT '最后修改日期',
  `version` bigint(20) NOT NULL COMMENT '版本',
  `content` varchar(255) NOT NULL DEFAULT '' COMMENT '内容',
  `ip` varchar(255) NOT NULL DEFAULT '' COMMENT 'IP',
  `is_show` bit(1) NOT NULL COMMENT '是否显示',
  `for_consultation_id` bigint(20) DEFAULT NULL COMMENT '咨询',
  `member_id` bigint(20) DEFAULT NULL COMMENT '会员',
  `product_id` bigint(20) DEFAULT NULL COMMENT '商品',
  `store_id` bigint(20) DEFAULT NULL COMMENT '店铺',
  PRIMARY KEY (`id`),
  KEY `ind_Consultation_forConsultation_id` (`for_consultation_id`),
  KEY `ind_Consultation_member_id` (`member_id`),
  KEY `ind_Consultation_product_id` (`product_id`),
  KEY `ind_Consultation_store_id` (`store_id`),
  CONSTRAINT `FK4ik4266c26noo2qih2ap56cxv` FOREIGN KEY (`store_id`) REFERENCES `store` (`id`),
  CONSTRAINT `FK6o49rf9p1uojlpss5meeic1a1` FOREIGN KEY (`for_consultation_id`) REFERENCES `consultation` (`id`),
  CONSTRAINT `FKd6wimue1f7j2uuabba5x3y023` FOREIGN KEY (`product_id`) REFERENCES `product` (`id`),
  CONSTRAINT `FKn5m8eajtpfpgm6erjfps4n1d2` FOREIGN KEY (`member_id`) REFERENCES `member` (`id`)
) ENGINE=InnoDB DEFAULT CHARSET=utf8 COMMENT='咨询';



# Dump of table coupon
# ------------------------------------------------------------

DROP TABLE IF EXISTS `coupon`;

CREATE TABLE `coupon` (
  `id` bigint(20) NOT NULL COMMENT 'ID',
  `created_date` datetime NOT NULL COMMENT '创建日期',
  `last_modified_date` datetime NOT NULL COMMENT '最后修改日期',
  `version` bigint(20) NOT NULL COMMENT '版本',
  `begin_date` datetime DEFAULT NULL COMMENT '使用起始日期',
  `end_date` datetime DEFAULT NULL COMMENT '使用结束日期',
  `introduction` longtext COMMENT '介绍',
  `is_enabled` bit(1) NOT NULL COMMENT '是否启用',
  `is_exchange` bit(1) NOT NULL COMMENT '是否允许积分兑换',
  `maximum_price` decimal(21,6) DEFAULT NULL COMMENT '最大商品价格',
  `maximum_quantity` int(11) DEFAULT NULL COMMENT '最大商品数量',
  `minimum_price` decimal(21,6) DEFAULT NULL COMMENT '最小商品价格',
  `minimum_quantity` int(11) DEFAULT NULL COMMENT '最小商品数量',
  `name` varchar(255) NOT NULL DEFAULT '' COMMENT '名称',
  `point` bigint(20) DEFAULT NULL COMMENT '积分兑换数',
  `prefix` varchar(255) NOT NULL DEFAULT '' COMMENT '前缀',
  `price_expression` varchar(255) DEFAULT NULL COMMENT '价格运算表达式',
  `store_id` bigint(20) DEFAULT NULL COMMENT '店铺',
  PRIMARY KEY (`id`),
  KEY `ind_Coupon_store_id` (`store_id`),
  CONSTRAINT `FKdyjpab204wgegl38gsglcxqti` FOREIGN KEY (`store_id`) REFERENCES `store` (`id`)
) ENGINE=InnoDB DEFAULT CHARSET=utf8 COMMENT='优惠券';



# Dump of table coupon_code
# ------------------------------------------------------------

DROP TABLE IF EXISTS `coupon_code`;

CREATE TABLE `coupon_code` (
  `id` bigint(20) NOT NULL COMMENT 'ID',
  `created_date` datetime NOT NULL COMMENT '创建日期',
  `last_modified_date` datetime NOT NULL COMMENT '最后修改日期',
  `version` bigint(20) NOT NULL COMMENT '版本',
  `code` varchar(255) NOT NULL DEFAULT '' COMMENT '号码',
  `is_used` bit(1) NOT NULL COMMENT '是否已使用',
  `used_date` datetime DEFAULT NULL COMMENT '使用日期',
  `coupon_id` bigint(20) NOT NULL COMMENT '优惠券',
  `member_id` bigint(20) DEFAULT NULL COMMENT '会员',
  PRIMARY KEY (`id`),
  UNIQUE KEY `uni_CouponCode_code` (`code`),
  KEY `ind_CouponCode_coupon_id` (`coupon_id`),
  KEY `ind_CouponCode_member_id` (`member_id`),
  CONSTRAINT `FK31s7yj1calggsyj8dktq8nff0` FOREIGN KEY (`coupon_id`) REFERENCES `coupon` (`id`),
  CONSTRAINT `FKkcq97qfb00bhwxk8wukuekiw3` FOREIGN KEY (`member_id`) REFERENCES `member` (`id`)
) ENGINE=InnoDB DEFAULT CHARSET=utf8 COMMENT='优惠码';



# Dump of table default_freight_config
# ------------------------------------------------------------

DROP TABLE IF EXISTS `default_freight_config`;

CREATE TABLE `default_freight_config` (
  `id` bigint(20) NOT NULL COMMENT 'ID',
  `created_date` datetime NOT NULL COMMENT '创建日期',
  `last_modified_date` datetime NOT NULL COMMENT '最后修改日期',
  `version` bigint(20) NOT NULL COMMENT '版本',
  `continue_price` decimal(21,6) NOT NULL COMMENT '续重价格',
  `continue_weight` int(11) NOT NULL COMMENT '续重量',
  `first_price` decimal(21,6) NOT NULL COMMENT '首重价格',
  `first_weight` int(11) NOT NULL COMMENT '首重量',
  `shipping_method_id` bigint(20) NOT NULL COMMENT '配送方式',
  `store_id` bigint(20) NOT NULL COMMENT '店铺',
  PRIMARY KEY (`id`),
  KEY `ind_DefaultFreightConfig_shippingMethod_id` (`shipping_method_id`),
  KEY `ind_DefaultFreightConfig_store_id` (`store_id`),
  CONSTRAINT `FKgl1he7e2moykk7nlvo1p1mcfh` FOREIGN KEY (`store_id`) REFERENCES `store` (`id`),
  CONSTRAINT `FKi7tp6bego7n8a8tr69mfcqjat` FOREIGN KEY (`shipping_method_id`) REFERENCES `shipping_method` (`id`)
) ENGINE=InnoDB DEFAULT CHARSET=utf8 COMMENT='默认运费配置';



# Dump of table delivery_center
# ------------------------------------------------------------

DROP TABLE IF EXISTS `delivery_center`;

CREATE TABLE `delivery_center` (
  `id` bigint(20) NOT NULL COMMENT 'ID',
  `created_date` datetime NOT NULL COMMENT '创建日期',
  `last_modified_date` datetime NOT NULL COMMENT '最后修改日期',
  `version` bigint(20) NOT NULL COMMENT '版本',
  `address` varchar(255) NOT NULL DEFAULT '' COMMENT '地址',
  `area_name` varchar(255) NOT NULL DEFAULT '' COMMENT '地区名称',
  `contact` varchar(255) NOT NULL DEFAULT '' COMMENT '联系人',
  `is_default` bit(1) NOT NULL COMMENT '是否默认',
  `memo` varchar(255) DEFAULT NULL COMMENT '备注',
  `mobile` varchar(255) DEFAULT NULL COMMENT '手机',
  `name` varchar(255) NOT NULL DEFAULT '' COMMENT '名称',
  `phone` varchar(255) DEFAULT NULL COMMENT '电话',
  `zip_code` varchar(255) DEFAULT NULL COMMENT '邮编',
  `area_id` bigint(20) DEFAULT NULL COMMENT '地区',
  `store_id` bigint(20) DEFAULT NULL COMMENT '店铺',
  PRIMARY KEY (`id`),
  KEY `ind_DeliveryCenter_area_id` (`area_id`),
  KEY `ind_DeliveryCenter_store_id` (`store_id`),
  CONSTRAINT `FKks7qes713pgc6ccn5g7lndvwe` FOREIGN KEY (`store_id`) REFERENCES `store` (`id`),
  CONSTRAINT `FKnop2cv2lryiqpgxs4hmw4u6fd` FOREIGN KEY (`area_id`) REFERENCES `area` (`id`)
) ENGINE=InnoDB DEFAULT CHARSET=utf8 COMMENT='发货点';



# Dump of table delivery_corp
# ------------------------------------------------------------

DROP TABLE IF EXISTS `delivery_corp`;

CREATE TABLE `delivery_corp` (
  `id` bigint(20) NOT NULL COMMENT 'ID',
  `created_date` datetime NOT NULL COMMENT '创建日期',
  `last_modified_date` datetime NOT NULL COMMENT '最后修改日期',
  `version` bigint(20) NOT NULL COMMENT '版本',
  `orders` int(11) DEFAULT NULL COMMENT '排序',
  `code` varchar(255) DEFAULT NULL COMMENT '代码',
  `name` varchar(255) NOT NULL DEFAULT '' COMMENT '名称',
  `url` varchar(255) DEFAULT NULL COMMENT '网址',
  PRIMARY KEY (`id`)
) ENGINE=InnoDB DEFAULT CHARSET=utf8 COMMENT='物流公司';

LOCK TABLES `delivery_corp` WRITE;
/*!40000 ALTER TABLE `delivery_corp` DISABLE KEYS */;

INSERT INTO `delivery_corp` (`id`, `created_date`, `last_modified_date`, `version`, `orders`, `code`, `name`, `url`)
VALUES
	(1,'2017-06-16 00:57:46','2017-06-16 00:57:46',0,1,'yuantong','圆通速递','http://www.yto.net.cn'),
	(2,'2017-06-16 00:57:47','2017-06-16 00:57:47',0,2,'shentong','申通快递','http://www.sto.cn'),
	(3,'2017-06-16 00:57:48','2017-06-16 00:57:48',0,3,'shunfeng','顺丰速运','http://www.sf-express.com'),
	(4,'2017-06-16 00:57:49','2017-06-16 00:57:49',0,4,'yunda','韵达快递','http://www.yundaex.com');

/*!40000 ALTER TABLE `delivery_corp` ENABLE KEYS */;
UNLOCK TABLES;


# Dump of table delivery_template
# ------------------------------------------------------------

DROP TABLE IF EXISTS `delivery_template`;

CREATE TABLE `delivery_template` (
  `id` bigint(20) NOT NULL COMMENT 'ID',
  `created_date` datetime NOT NULL COMMENT '创建日期',
  `last_modified_date` datetime NOT NULL COMMENT '最后修改日期',
  `version` bigint(20) NOT NULL COMMENT '版本',
  `background` varchar(255) DEFAULT NULL COMMENT '背景图',
  `content` longtext NOT NULL COMMENT '内容',
  `height` int(11) NOT NULL COMMENT '高度',
  `is_default` bit(1) NOT NULL COMMENT '是否默认',
  `memo` varchar(255) DEFAULT NULL COMMENT '备注',
  `name` varchar(255) NOT NULL DEFAULT '' COMMENT '名称',
  `offset_x` int(11) NOT NULL COMMENT '偏移量X',
  `offset_y` int(11) NOT NULL COMMENT '偏移量Y',
  `width` int(11) NOT NULL COMMENT '宽度',
  `store_id` bigint(20) NOT NULL COMMENT '店铺',
  PRIMARY KEY (`id`),
  KEY `ind_DeliveryTemplate_store_id` (`store_id`),
  CONSTRAINT `FKgw1jvi65gvxmqpdg1waef6h8o` FOREIGN KEY (`store_id`) REFERENCES `store` (`id`)
) ENGINE=InnoDB DEFAULT CHARSET=utf8;



# Dump of table friend_link
# ------------------------------------------------------------

DROP TABLE IF EXISTS `friend_link`;

CREATE TABLE `friend_link` (
  `id` bigint(20) NOT NULL COMMENT 'ID',
  `created_date` datetime NOT NULL COMMENT '创建日期',
  `last_modified_date` datetime NOT NULL COMMENT '最后修改日期',
  `version` bigint(20) NOT NULL COMMENT '版本',
  `orders` int(11) DEFAULT NULL COMMENT '排序',
  `logo` varchar(255) DEFAULT NULL COMMENT 'logo',
  `name` varchar(255) NOT NULL DEFAULT '' COMMENT '名称',
  `type` int(11) NOT NULL COMMENT '类型',
  `url` varchar(255) NOT NULL DEFAULT '' COMMENT '链接地址',
  PRIMARY KEY (`id`)
) ENGINE=InnoDB DEFAULT CHARSET=utf8 COMMENT='友情链接';

LOCK TABLES `friend_link` WRITE;
/*!40000 ALTER TABLE `friend_link` DISABLE KEYS */;

INSERT INTO `friend_link` (`id`, `created_date`, `last_modified_date`, `version`, `orders`, `logo`, `name`, `type`, `url`)
VALUES
	(2,'2017-06-16 00:57:51','2017-06-16 00:57:51',0,2,'/b2b2c/5.0/201601/ae13eddc-25ac-427a-875d-d1799d751076.gif','支付宝',1,'http://www.alipay.com'),
	(3,'2017-06-16 00:57:52','2017-06-16 00:57:52',0,3,'/b2b2c/5.0/201601/adaa9ac5-9994-4aa3-a336-b65613c85d50.gif','财付通',1,'http://www.tenpay.com'),
	(4,'2017-06-16 00:57:53','2017-06-16 00:57:53',0,4,'/b2b2c/5.0/201601/41c18c8d-f69a-49fe-ace3-f16c2eb07983.gif','中国银联',1,'https://www.95516.com'),
	(5,'2017-06-16 00:57:54','2017-06-16 00:57:54',0,5,'/b2b2c/5.0/201601/ea46ca0a-e8f0-4e2c-938a-5cb19a07cb9a.gif','快递100',1,'http://www.kuaidi100.com'),
	(6,'2017-06-16 00:57:55','2017-06-16 00:57:55',0,6,'/b2b2c/5.0/201601/e12f226b-07f9-4895-bcc2-78dbe551964b.gif','站长统计',1,'http://www.cnzz.com'),
	(7,'2017-06-16 00:57:56','2017-06-16 00:57:56',0,7,'/b2b2c/5.0/201601/fd9d6268-e4e2-41f6-856d-4cb8a49eadd1.gif','A5下载',1,'http://down.admin5.com'),
	(8,'2017-06-16 00:57:57','2017-06-16 00:57:57',0,8,'/b2b2c/5.0/201601/6c57f398-0498-4044-80d8-20f6c40d5cef.gif','中国建设银行',1,'http://www.ccb.com');

/*!40000 ALTER TABLE `friend_link` ENABLE KEYS */;
UNLOCK TABLES;


# Dump of table id_generator
# ------------------------------------------------------------

DROP TABLE IF EXISTS `id_generator`;

CREATE TABLE `id_generator` (
  `sequence_name` varchar(255) NOT NULL DEFAULT '' COMMENT '序列名',
  `next_val` bigint(20) DEFAULT NULL COMMENT '序列值',
  PRIMARY KEY (`sequence_name`)
) ENGINE=InnoDB DEFAULT CHARSET=utf8 COMMENT='ID管理表';

LOCK TABLES `id_generator` WRITE;
/*!40000 ALTER TABLE `id_generator` DISABLE KEYS */;

INSERT INTO `id_generator` (`sequence_name`, `next_val`)
VALUES
	('ad',105),
	('admin',103),
	('ad_position',103),
	('area',3304),
	('area_freight_config',105),
	('article',103),
	('article_category',113),
	('article_tag',102),
	('attribute',110),
	('audit_log',100),
	('brand',104),
	('business',146),
	('business_attribute',107),
	('business_deposit_log',126),
	('cart',290),
	('cart_item',325),
	('cash',103),
	('category_application',139),
	('consultation',121),
	('coupon',102),
	('coupon_code',902),
	('default_freight_config',112),
	('delivery_center',105),
	('delivery_corp',103),
	('delivery_template',109),
	('friend_link',101),
	('instant_message',105),
	('member',119),
	('member_attribute',104),
	('member_deposit_log',110),
	('member_rank',105),
	('menu',208),
	('message',133),
	('message_config',100),
	('navigation',104),
	('order',222),
	('order_item',221),
	('order_log',406),
	('order_payment',130),
	('order_refunds',101),
	('order_returns',102),
	('order_returns_item',102),
	('order_shipping',132),
	('order_shipping_item',130),
	('parameter',110),
	('payment_method',105),
	('payment_transaction',245),
	('permission',189),
	('platform_svc',100),
	('plugin_config',102),
	('point_log',126),
	('product',168),
	('product_category',311),
	('product_favorite',114),
	('product_notify',111),
	('product_tag',107),
	('promotion',118),
	('promotion_plugin_svc',100),
	('receiver',165),
	('review',127),
	('role',105),
	('seo',100),
	('shipping_method',103),
	('sku',271),
	('sms',105),
	('sn',100),
	('social_user',100),
	('specification',105),
	('statistic',100),
	('stock_log',331),
	('store',131),
	('store_ad_image',109),
	('store_category',109),
	('store_favorite',111),
	('store_product_category',125),
	('store_product_tag',111),
	('store_rank',104),
	('svc',111),
	('users',150);

/*!40000 ALTER TABLE `id_generator` ENABLE KEYS */;
UNLOCK TABLES;


# Dump of table instant_message
# ------------------------------------------------------------

DROP TABLE IF EXISTS `instant_message`;

CREATE TABLE `instant_message` (
  `id` bigint(20) NOT NULL COMMENT 'ID',
  `created_date` datetime NOT NULL COMMENT '创建日期',
  `last_modified_date` datetime NOT NULL COMMENT '最后修改日期',
  `version` bigint(20) NOT NULL COMMENT '版本',
  `orders` int(11) DEFAULT NULL COMMENT '排序',
  `account` varchar(255) NOT NULL DEFAULT '' COMMENT '账号',
  `name` varchar(255) NOT NULL DEFAULT '' COMMENT '名称',
  `type` int(11) NOT NULL COMMENT '类型',
  `store_id` bigint(20) DEFAULT NULL COMMENT '店铺',
  PRIMARY KEY (`id`),
  KEY `ind_InstantMessage_store_id` (`store_id`),
  CONSTRAINT `FK8tsj0h8ov98pkmurlb8j7sfak` FOREIGN KEY (`store_id`) REFERENCES `store` (`id`)
) ENGINE=InnoDB DEFAULT CHARSET=utf8 COMMENT='即时通讯';

LOCK TABLES `instant_message` WRITE;
/*!40000 ALTER TABLE `instant_message` DISABLE KEYS */;

INSERT INTO `instant_message` (`id`, `created_date`, `last_modified_date`, `version`, `orders`, `account`, `name`, `type`, `store_id`)
VALUES
	(1,'2017-06-16 00:01:48','2017-06-16 00:01:48',0,2,'88888888','QQ',0,1),
	(2,'2017-06-16 00:01:49','2017-06-16 00:01:49',0,1,'99999999','旺旺',1,1),
	(3,'2017-06-16 00:01:50','2017-06-16 00:01:50',0,2,'888888888','QQ',0,2),
	(4,'2017-06-16 00:01:51','2017-06-16 00:01:51',0,1,'999999999','旺旺',1,2);

/*!40000 ALTER TABLE `instant_message` ENABLE KEYS */;
UNLOCK TABLES;


# Dump of table member
# ------------------------------------------------------------

DROP TABLE IF EXISTS `member`;

CREATE TABLE `member` (
  `id` bigint(20) NOT NULL COMMENT 'ID',
  `created_date` datetime DEFAULT NULL COMMENT '创建日期',
  `last_modified_date` datetime DEFAULT NULL COMMENT '最后修改日期',
  `version` bigint(20) DEFAULT NULL COMMENT '版本',
  `is_enabled` bit(1) NOT NULL COMMENT '是否启用',
  `is_locked` bit(1) NOT NULL COMMENT '是否锁定',
  `last_login_date` datetime DEFAULT NULL COMMENT '最后登录日期',
  `last_login_ip` varchar(255) DEFAULT NULL COMMENT '最后登录IP',
  `lock_date` datetime DEFAULT NULL COMMENT '锁定日期',
  `address` varchar(255) DEFAULT NULL COMMENT '地址',
  `amount` decimal(27,12) NOT NULL COMMENT '消费金额',
  `attribute_value0` varchar(255) DEFAULT NULL COMMENT '会员注册项值0',
  `attribute_value1` varchar(255) DEFAULT NULL COMMENT '会员注册项值1',
  `attribute_value2` varchar(255) DEFAULT NULL COMMENT '会员注册项值2',
  `attribute_value3` varchar(255) DEFAULT NULL COMMENT '会员注册项值3',
  `attribute_value4` varchar(255) DEFAULT NULL COMMENT '会员注册项值4',
  `attribute_value5` varchar(255) DEFAULT NULL COMMENT '会员注册项值5',
  `attribute_value6` varchar(255) DEFAULT NULL COMMENT '会员注册项值6',
  `attribute_value7` varchar(255) DEFAULT NULL COMMENT '会员注册项值7',
  `attribute_value8` varchar(255) DEFAULT NULL COMMENT '会员注册项值8',
  `attribute_value9` varchar(255) DEFAULT NULL COMMENT '会员注册项值9',
  `balance` decimal(27,12) NOT NULL COMMENT '余额',
  `birth` datetime DEFAULT NULL COMMENT '出生日期',
  `email` varchar(255) NOT NULL DEFAULT '' COMMENT 'E-mail',
  `password` varchar(255) NOT NULL DEFAULT '' COMMENT '加密密码',
  `hasher` varchar(255) DEFAULT NULL COMMENT '加密类型',
  `salt` varchar(255) DEFAULT NULL COMMENT '加密盐',
  `gender` int(11) DEFAULT NULL COMMENT '性别',
  `mobile` varchar(255) DEFAULT NULL COMMENT '手机',
  `name` varchar(255) DEFAULT NULL COMMENT '姓名',
  `open_id` varchar(255) DEFAULT NULL COMMENT 'openID',
  `phone` varchar(255) DEFAULT NULL COMMENT '电话',
  `point` bigint(20) NOT NULL COMMENT '积分',
  `safeKey_expire` datetime DEFAULT NULL COMMENT '安全密匙',
  `safeKey_value` varchar(255) DEFAULT NULL COMMENT '安全密匙',
  `username` varchar(255) NOT NULL DEFAULT '' COMMENT '用户名',
  `avatar` varchar(255) DEFAULT NULL COMMENT '头像',
  `zip_code` varchar(255) DEFAULT NULL COMMENT '邮编',
  `area_id` bigint(20) DEFAULT NULL COMMENT '地区',
  `store_id` bigint(20) DEFAULT NULL COMMENT '店铺(内部用户)',
  `member_rank_id` bigint(20) NOT NULL COMMENT '会员等级',
  PRIMARY KEY (`id`),
  UNIQUE KEY `uni_member_username` (`username`),
  UNIQUE KEY `uni_member_mobile` (`mobile`),
  KEY `ind_member_area_id` (`area_id`),
  KEY `ind_member_member_rank_id` (`member_rank_id`),
  CONSTRAINT `FKecctjmlfghgfvt828fer2yxbu` FOREIGN KEY (`area_id`) REFERENCES `area` (`id`),
  CONSTRAINT `FKkj8u091o5wk5rhse2hkc4uyvh` FOREIGN KEY (`member_rank_id`) REFERENCES `member_rank` (`id`)
) ENGINE=InnoDB DEFAULT CHARSET=utf8;



# Dump of table member_attribute
# ------------------------------------------------------------

DROP TABLE IF EXISTS `member_attribute`;

CREATE TABLE `member_attribute` (
  `id` bigint(20) NOT NULL COMMENT 'ID',
  `created_date` datetime NOT NULL COMMENT '创建日期',
  `last_modified_date` datetime NOT NULL COMMENT '最后修改日期',
  `version` bigint(20) NOT NULL COMMENT '版本',
  `orders` int(11) DEFAULT NULL COMMENT '排序',
  `is_enabled` bit(1) NOT NULL COMMENT '是否启用',
  `is_required` bit(1) NOT NULL COMMENT '是否必填',
  `name` varchar(255) NOT NULL DEFAULT '' COMMENT '名称',
  `options` longtext COMMENT '可选项',
  `pattern` varchar(255) DEFAULT NULL COMMENT '配比',
  `property_index` int(11) DEFAULT NULL COMMENT '属性序号',
  `type` int(11) NOT NULL COMMENT '类型',
  PRIMARY KEY (`id`)
) ENGINE=InnoDB DEFAULT CHARSET=utf8;

LOCK TABLES `member_attribute` WRITE;
/*!40000 ALTER TABLE `member_attribute` DISABLE KEYS */;

INSERT INTO `member_attribute` (`id`, `created_date`, `last_modified_date`, `version`, `orders`, `is_enabled`, `is_required`, `name`, `options`, `pattern`, `property_index`, `type`)
VALUES
	(1,'2017-06-16 00:59:14','2017-10-09 09:23:54',1,1,b'1',b'1','姓名',NULL,NULL,NULL,0),
	(2,'2017-06-16 00:59:15','2017-10-10 10:27:02',3,2,b'1',b'1','性别',NULL,NULL,NULL,1),
	(3,'2017-06-16 00:59:16','2017-10-18 15:00:23',4,3,b'0',b'1','出生日期',NULL,NULL,NULL,2),
	(4,'2017-06-16 00:59:17','2017-10-18 14:58:53',3,4,b'0',b'1','地区',NULL,NULL,NULL,3),
	(5,'2017-06-16 00:59:18','2017-10-18 14:59:35',3,5,b'0',b'1','地址',NULL,NULL,NULL,4),
	(6,'2017-06-16 00:59:19','2017-10-18 14:59:26',2,6,b'0',b'0','邮编',NULL,'^\\d{6}$',NULL,5),
	(7,'2017-06-16 00:59:20','2017-10-18 15:00:15',4,7,b'1',b'0','电话',NULL,'^\\d{3,4}-?\\d{7,9}$',NULL,6);

/*!40000 ALTER TABLE `member_attribute` ENABLE KEYS */;
UNLOCK TABLES;


# Dump of table member_deposit_log
# ------------------------------------------------------------

DROP TABLE IF EXISTS `member_deposit_log`;

CREATE TABLE `member_deposit_log` (
  `id` bigint(20) NOT NULL COMMENT 'ID',
  `created_date` datetime NOT NULL COMMENT '创建日期',
  `last_modified_date` datetime NOT NULL COMMENT '最后修改日期',
  `version` bigint(20) NOT NULL COMMENT '版本',
  `balance` decimal(21,6) NOT NULL COMMENT '当前余额',
  `credit` decimal(21,6) NOT NULL COMMENT '收入金额',
  `debit` decimal(21,6) NOT NULL COMMENT '支出金额',
  `memo` varchar(255) DEFAULT NULL COMMENT '备注',
  `type` int(11) NOT NULL COMMENT '类型',
  `member_id` bigint(20) NOT NULL COMMENT '会员',
  PRIMARY KEY (`id`),
  KEY `ind_MemberDepositLog_member_id` (`member_id`),
  CONSTRAINT `FKdksaa28sykofd17hdthfbwsx3` FOREIGN KEY (`member_id`) REFERENCES `member` (`id`)
) ENGINE=InnoDB DEFAULT CHARSET=utf8 COMMENT='会员预存款记录';



# Dump of table member_rank
# ------------------------------------------------------------

DROP TABLE IF EXISTS `member_rank`;

CREATE TABLE `member_rank` (
  `id` bigint(20) NOT NULL COMMENT 'ID',
  `created_date` datetime NOT NULL COMMENT '创建日期',
  `last_modified_date` datetime NOT NULL COMMENT '最后修改日期',
  `version` bigint(20) NOT NULL COMMENT '版本',
  `amount` decimal(21,6) DEFAULT NULL COMMENT '消费金额',
  `is_default` bit(1) NOT NULL COMMENT '是否默认',
  `is_special` bit(1) NOT NULL COMMENT '是否特殊',
  `name` varchar(255) NOT NULL DEFAULT '' COMMENT '名称',
  `scale` double NOT NULL COMMENT '优惠比例',
  PRIMARY KEY (`id`)
) ENGINE=InnoDB DEFAULT CHARSET=utf8 COMMENT='会员等级';

LOCK TABLES `member_rank` WRITE;
/*!40000 ALTER TABLE `member_rank` DISABLE KEYS */;

INSERT INTO `member_rank` (`id`, `created_date`, `last_modified_date`, `version`, `amount`, `is_default`, `is_special`, `name`, `scale`)
VALUES
	(1,'2017-06-16 00:59:21','2017-09-29 17:33:47',5,500.000000,b'1',b'0','普通会员',1),
	(2,'2017-06-16 00:59:22','2017-06-16 00:59:22',0,1000.000000,b'0',b'0','铜牌会员',1),
	(3,'2017-06-16 00:59:23','2017-06-16 00:59:23',0,10000.000000,b'0',b'0','银牌会员',1),
	(4,'2017-06-16 00:59:24','2017-09-27 16:27:38',2,100000.000000,b'0',b'0','金牌会员',1),
	(5,'2017-11-07 15:10:36','2017-11-07 15:10:36',0,NULL,b'0',b'1','内部会员',1);

/*!40000 ALTER TABLE `member_rank` ENABLE KEYS */;
UNLOCK TABLES;


# Dump of table member_role
# ------------------------------------------------------------

DROP TABLE IF EXISTS `member_role`;

CREATE TABLE `member_role` (
  `members_id` bigint(20) NOT NULL COMMENT '会员',
  `roles_id` bigint(20) NOT NULL COMMENT '角色',
  PRIMARY KEY (`members_id`,`roles_id`),
  KEY `ind_member_role_roles_id` (`roles_id`),
  CONSTRAINT `FK_member_role_member` FOREIGN KEY (`members_id`) REFERENCES `member` (`id`),
  CONSTRAINT `FK_member_role_role` FOREIGN KEY (`roles_id`) REFERENCES `role` (`id`)
) ENGINE=InnoDB DEFAULT CHARSET=utf8 COMMENT='会员角色中间表';



# Dump of table menu
# ------------------------------------------------------------

DROP TABLE IF EXISTS `menu`;

CREATE TABLE `menu` (
  `id` bigint(20) NOT NULL COMMENT 'id',
  `created_date` datetime DEFAULT NULL COMMENT '创建日期',
  `last_modified_date` datetime DEFAULT NULL COMMENT '最后修改日期',
  `version` int(11) DEFAULT NULL COMMENT '版本',
  `grade` int(11) NOT NULL COMMENT '层级',
  `level_code` varchar(36) NOT NULL DEFAULT '' COMMENT '代码',
  `is_enabled` bit(1) NOT NULL COMMENT '是否启用',
  `type` int(11) NOT NULL COMMENT '类型',
  `icon` varchar(255) DEFAULT '' COMMENT '图标',
  `name` varchar(255) NOT NULL DEFAULT '' COMMENT '名称',
  `url` varchar(255) DEFAULT NULL COMMENT 'URL',
  `parent_id` bigint(20) NOT NULL COMMENT '父菜单',
  PRIMARY KEY (`id`)
) ENGINE=InnoDB DEFAULT CHARSET=utf8;

LOCK TABLES `menu` WRITE;
/*!40000 ALTER TABLE `menu` DISABLE KEYS */;

INSERT INTO `menu` (`id`, `created_date`, `last_modified_date`, `version`, `grade`, `level_code`, `is_enabled`, `type`, `icon`, `name`, `url`, `parent_id`)
VALUES
	(100,'2016-08-11 15:06:53','2016-08-30 14:06:15',5,0,'100001',b'1',0,'fa fa-calendar-check-o','店铺管理','',0),
	(101,'2016-08-13 10:56:39','2016-12-05 09:58:40',2,1,'100001000001',b'1',0,'fa fa-circle-o','商家管理','/admin/business/list',100),
	(102,'2016-08-11 15:06:53','2016-08-11 15:06:53',0,1,'100001000002',b'1',0,'fa fa-circle-o','店铺管理','/admin/store/list',100),
	(103,'2016-08-11 15:06:53','2016-08-11 15:06:53',0,1,'100001000003',b'1',0,'fa fa-circle-o','店铺分类','/admin/store_category/list',100),
	(104,'2016-08-11 15:06:53','2016-08-11 15:06:53',0,1,'100001000004',b'1',0,'fa fa-circle-o','店铺等级','/admin/store_rank/list',100),
	(105,'2016-08-11 15:06:53','2016-08-11 15:06:53',0,1,'100001000005',b'1',0,'fa fa-circle-o','商家注册项','/admin/business_attribute/list',100),
	(106,'2016-08-11 15:06:53','2016-08-11 15:06:53',0,1,'100001000006',b'1',0,'fa fa-circle-o','提现管理','/admin/cash/list',100),
	(107,'2016-08-11 15:06:53','2016-08-11 15:06:53',0,1,'100001000007',b'1',0,'fa fa-circle-o','经营分类申请','/admin/category_application/list',100),
	(108,'2016-08-11 15:06:53','2016-08-11 15:06:53',0,1,'100001000008',b'1',0,'fa fa-circle-o','商家预存款','/admin/business_deposit/log',100),
	(109,'2016-08-14 12:50:41','2016-12-05 15:12:59',3,0,'100002',b'1',0,'fa fa-table','商品管理','',0),
	(110,'2016-08-14 12:51:11','2016-12-05 16:22:21',5,1,'100002000001',b'1',0,'fa fa-circle-o','商品管理','/admin/product/list',109),
	(111,'2016-10-08 11:36:02','2016-10-08 11:36:02',0,1,'100002000002',b'1',0,'fa fa-circle-o','库存管理','/admin/stock/log',109),
	(112,'2016-12-05 16:23:40','2016-12-05 16:23:40',0,1,'100002000003',b'1',0,'fa fa-circle-o','商品分类','/admin/product_category/list',109),
	(113,'2016-08-11 15:06:53','2016-08-11 15:06:53',0,1,'100002000004',b'1',0,'fa fa-circle-o','商品标签','/admin/product_tag/list',109),
	(114,'2016-08-11 15:06:53','2016-08-11 15:06:53',0,1,'100002000005',b'1',0,'fa fa-circle-o','商品参数','/admin/parameter/list',109),
	(115,'2016-08-11 15:06:53','2016-08-11 15:06:53',0,1,'100002000006',b'1',0,'fa fa-circle-o','商品属性','/admin/attribute/list',109),
	(116,'2016-08-11 15:06:53','2016-08-11 15:06:53',0,1,'100002000007',b'1',0,'fa fa-circle-o','规格管理','/admin/specification/list',109),
	(117,'2016-08-11 15:06:53','2016-08-11 15:06:53',0,1,'100002000008',b'1',0,'fa fa-circle-o','品牌管理','/admin/brand/list',109),
	(118,'2017-01-29 21:25:39','2017-02-06 14:34:24',2,0,'100003',b'1',0,'fa fa-server','订单管理','',0),
	(119,'2017-01-29 21:27:35','2017-02-25 12:31:32',3,1,'100003000001',b'1',0,'fa fa-circle-o','订单管理','/admin/order/list',118),
	(120,'2017-02-25 12:31:15','2017-02-25 12:31:15',0,1,'100003000002',b'1',0,'fa fa-circle-o','订单支付','/admin/order_payment/list',118),
	(121,'2017-03-09 14:10:46','2017-03-09 14:10:46',0,1,'100003000003',b'1',0,'fa fa-circle-o','订单退款','/admin/refunds/list',118),
	(122,'2016-08-11 15:06:53','2016-08-11 15:06:53',0,1,'100003000004',b'1',0,'fa fa-circle-o','订单发货','/admin/shipping/list',118),
	(123,'2016-08-11 15:06:53','2016-08-11 15:06:53',0,1,'100003000005',b'1',0,'fa fa-circle-o','订单退货','/admin/returns/list',118),
	(124,'2016-08-11 15:06:53','2016-08-11 15:06:53',0,1,'100003000006',b'1',0,'fa fa-circle-o','发货点管理','/admin/delivery_center/list',118),
	(125,'2016-08-11 15:06:53','2016-08-11 15:06:53',0,1,'100003000007',b'1',0,'fa fa-circle-o','快递单模板','/admin/delivery_template/list',118),
	(126,'2016-12-07 22:19:55','2016-12-07 22:19:55',0,0,'100004',b'1',0,'fa fa-user','会员管理','',0),
	(127,'2016-12-11 09:35:53','2016-12-11 09:35:53',0,1,'100004000001',b'1',0,'fa fa-circle-o','会员管理','/admin/member/list',126),
	(128,'2016-12-07 22:21:59','2016-12-12 09:59:46',3,1,'100004000002',b'1',0,'fa fa-circle-o','会员等级','/admin/member_rank/list',126),
	(129,'2017-02-08 09:06:36','2017-02-13 13:40:04',1,1,'100004000003',b'1',0,'fa fa-circle-o','会员注册项','/admin/member_attribute/list',126),
	(130,'2017-02-13 13:44:51','2017-05-29 13:53:50',3,1,'100004000004',b'1',0,'fa fa-circle-o','积分管理','/admin/point/log',126),
	(131,'2017-02-25 12:33:39','2017-02-25 12:33:57',1,1,'100004000005',b'1',0,'fa fa-circle-o','会员预存款','/admin/member_deposit/log',126),
	(132,'2017-02-28 18:22:34','2017-02-28 18:22:34',0,1,'100004000006',b'1',0,'fa fa-circle-o','评论管理','/admin/review/list',126),
	(133,'2016-08-11 15:06:53','2016-08-11 15:06:53',0,1,'100004000007',b'1',0,'fa fa-circle-o','咨询管理','/admin/consultation/list',126),
	(134,'2016-08-11 15:06:53','2016-08-11 15:06:53',0,1,'100004000008',b'1',0,'fa fa-circle-o','消息配置','/admin/message_config/list',126),
	(135,'2016-08-29 10:14:11','2016-08-29 10:14:11',0,0,'100005',b'1',0,'fa fa-tv','内容管理','',0),
	(136,'2016-08-29 10:15:09','2017-07-04 19:50:32',1,1,'100005000001',b'1',0,'fa fa-circle-o','导航管理','/admin/navigation/list',135),
	(137,'2017-06-19 14:07:47','2017-06-19 14:08:16',1,1,'100005000002',b'1',0,'fa fa-circle-o','文章管理','/admin/article/list',135),
	(138,'2016-08-29 10:24:58','2017-01-03 16:51:49',2,1,'100005000003',b'1',0,'fa fa-circle-o','文章分类','/admin/article_category/list',135),
	(139,'2016-08-29 14:11:55','2016-08-30 13:44:07',1,1,'100005000004',b'1',0,'fa fa-circle-o','文章标签','/admin/article_tag/list',135),
	(140,'2017-01-03 16:14:33','2017-01-03 16:14:33',0,1,'100005000005',b'1',0,'fa fa-circle-o','友情链接','/admin/friend_link/list',135),
	(141,'2016-08-29 10:17:10','2017-06-19 14:04:58',1,1,'100005000006',b'1',0,'fa fa-circle-o','广告位','/admin/ad_position/list',135),
	(142,'2016-08-11 15:06:53','2016-08-11 15:06:53',0,1,'100005000007',b'1',0,'fa fa-circle-o','广告管理','/admin/ad/list',135),
	(143,'2016-08-11 15:06:53','2016-08-11 15:06:53',0,1,'100005000008',b'1',0,'fa fa-circle-o','模板管理','/admin/template/list',135),
	(144,'2016-08-11 15:06:53','2016-08-11 15:06:53',0,1,'100005000009',b'1',0,'fa fa-circle-o','缓存管理','/admin/cache/clear',135),
	(145,'2016-08-11 15:06:53','2016-08-11 15:06:53',0,1,'100005000010',b'1',0,'fa fa-circle-o','索引管理','/admin/generate/list',135),
	(146,'2017-05-01 16:42:49','2017-06-03 21:26:43',0,0,'100006',b'1',0,'fa fa-edit','营销管理','',0),
	(147,'2017-06-05 14:57:31','2017-06-05 15:43:10',0,1,'100006000001',b'1',0,'fa fa-circle-o','促销管理','/admin/promotion/list',146),
	(148,'2017-07-02 17:45:46','2017-07-02 17:56:10',0,1,'100006000002',b'1',0,'fa fa-circle-o','优惠券管理','/admin/coupon/list',146),
	(149,'2017-05-01 16:48:00','2017-07-02 17:47:19',0,1,'100006000003',b'1',0,'fa fa-circle-o','SEO设置','/admin/seo/list',146),
	(150,'2017-07-04 13:25:21','2017-07-04 13:25:21',0,0,'100007',b'1',0,'fa fa-wrench','系统设置',NULL,0),
	(151,'2017-07-04 13:25:56','2017-07-04 13:45:39',0,1,'100007000001',b'1',0,'fa fa-circle-o','系统设置','/admin/setting/edit',150),
	(152,'2017-07-05 20:17:27','2017-07-05 20:17:27',0,1,'100007000004',b'1',0,'fa fa-circle-o','地区管理','/admin/area/list',150),
	(153,'2017-07-09 15:41:08','2017-07-09 15:41:08',0,1,'100007000005',b'1',0,'fa fa-circle-o','支付方式','/admin/payment_method/list',150),
	(154,'2016-08-11 15:06:53','2016-08-11 15:06:53',0,1,'100007000006',b'1',0,'fa fa-circle-o','配送方式','/admin/shipping_method/list',150),
	(155,'2016-08-11 15:06:53','2016-08-11 15:06:53',0,1,'100007000007',b'1',0,'fa fa-circle-o','物流公司','/admin/delivery_corp/list',150),
	(156,'2016-08-11 15:06:53','2016-08-11 15:06:53',0,1,'100007000008',b'1',0,'fa fa-circle-o','支付插件','/admin/payment_plugin/list',150),
	(157,'2016-08-11 15:06:53','2016-08-11 15:06:53',0,1,'100007000009',b'1',0,'fa fa-circle-o','存储插件','/admin/storage_plugin/list',150),
	(158,'2016-08-11 15:06:53','2016-08-11 15:06:53',0,1,'100007000010',b'1',0,'fa fa-circle-o','登录插件','/admin/login_plugin/list',150),
	(159,'2016-08-11 15:06:53','2016-08-11 15:06:53',0,1,'100007000011',b'1',0,'fa fa-circle-o','促销插件','/admin/promotion_plugin/list',150),
	(160,'2016-08-11 15:06:53','2016-08-11 15:06:53',0,1,'100007000010',b'1',0,'fa fa-circle-o','管理员','/admin/admin/list',150),
	(161,'2016-08-11 15:06:53','2016-08-11 15:06:53',0,1,'100007000011',b'1',0,'fa fa-circle-o','角色管理','/admin/role/list',150),
	(162,'2016-08-11 15:06:53','2016-08-11 15:06:53',0,1,'100007000012',b'1',0,'fa fa-circle-o','权限管理','/admin/permission/list',150),
	(163,'2016-08-11 15:06:53','2016-08-11 15:06:53',0,1,'100007000013',b'1',0,'fa fa-circle-o','发送消息','/admin/message/send',150),
	(164,'2016-08-11 15:06:53','2016-08-11 15:06:53',0,1,'100007000014',b'1',0,'fa fa-circle-o','消息列表','/admin/message/list',150),
	(165,'2016-08-11 15:06:53','2016-08-11 15:06:53',0,1,'100007000015',b'1',0,'fa fa-circle-o','草稿箱','/admin/message/draft',150),
	(166,'2016-08-11 15:06:53','2016-08-11 15:06:53',0,1,'100007000016',b'1',0,'fa fa-circle-o','审计日志','/admin/audit_log/list',150),
	(167,'2017-07-04 13:25:21','2017-07-04 13:25:21',0,0,'100008',b'1',1,'fa fa-clone','商品管理',NULL,0),
	(168,'2016-08-11 15:06:53','2016-08-11 15:06:53',0,1,'100008000001',b'1',1,'fa fa-circle-o','商品列表','/business/product/list',167),
	(169,'2016-08-11 15:06:53','2016-08-11 15:06:53',0,1,'100008000002',b'1',1,'fa fa-circle-o','库存记录','/business/stock/log',167),
	(170,'2016-08-11 15:06:53','2016-08-11 15:06:53',0,1,'100008000003',b'1',1,'fa fa-circle-o','到货通知','/business/product_notify/list',167),
	(171,'2016-08-11 15:06:53','2016-08-11 15:06:53',0,1,'100008000004',b'1',1,'fa fa-circle-o','商品咨询','/business/consultation/list',167),
	(172,'2016-08-11 15:06:53','2016-08-11 15:06:53',0,1,'100008000005',b'1',1,'fa fa-circle-o','商品评论','/business/review/list',167),
	(173,'2017-07-04 13:25:21','2017-07-04 13:25:21',0,0,'100009',b'1',1,'fa fa-list-ul','订单管理',NULL,0),
	(174,'2016-08-11 15:06:53','2016-08-11 15:06:53',0,1,'100009000001',b'1',1,'fa fa-circle-o','订单列表','/business/order/list',173),
	(175,'2016-08-11 15:06:53','2016-08-11 15:06:53',0,1,'100009000002',b'1',1,'fa fa-circle-o','快递单模板','/business/delivery_template/list',173),
	(176,'2016-08-11 15:06:53','2016-08-11 15:06:53',0,1,'100009000003',b'1',1,'fa fa-circle-o','发货点管理','/business/delivery_center/list',173),
	(177,'2017-07-04 13:25:21','2017-07-04 13:25:21',0,0,'100010',b'1',1,'fa fa-tags','店铺管理',NULL,0),
	(178,'2016-08-11 15:06:53','2016-08-11 15:06:53',0,1,'100010000001',b'1',1,'fa fa-circle-o','店铺设置','/business/store/setting',177),
	(179,'2016-08-11 15:06:53','2016-08-11 15:06:53',0,1,'100010000002',b'1',1,'fa fa-circle-o','店铺商品分类','/business/store_product_category/list',177),
	(180,'2016-08-11 15:06:53','2016-08-11 15:06:53',0,1,'100010000003',b'1',1,'fa fa-circle-o','店铺商品标签','/business/store_product_tag/list',177),
	(181,'2016-08-11 15:06:53','2016-08-11 15:06:53',0,1,'100010000004',b'1',1,'fa fa-circle-o','经营分类申请','/business/category_application/list',177),
	(182,'2016-08-11 15:06:53','2016-08-11 15:06:53',0,1,'100010000005',b'1',1,'fa fa-circle-o','店铺缴费','/business/store/payment',177),
	(183,'2016-08-11 15:06:53','2016-08-11 15:06:53',0,1,'100010000006',b'1',1,'fa fa-circle-o','配送方式','/business/shipping_method/list',177),
	(184,'2016-08-11 15:06:53','2016-08-11 15:06:53',0,1,'100010000007',b'1',1,'fa fa-circle-o','店铺广告图片','/business/store_ad_image/list',177),
	(185,'2017-07-04 13:25:21','2017-07-04 13:25:21',0,0,'100011',b'1',1,'fa fa-heart-o','促销管理',NULL,0),
	(186,'2016-08-11 15:06:53','2016-08-11 15:06:53',0,1,'100011000001',b'1',1,'fa fa-circle-o','折扣促销','/business/discount_promotion/list',185),
	(187,'2016-08-11 15:06:53','2016-08-11 15:06:53',0,1,'100011000002',b'1',1,'fa fa-circle-o','满减促销','/business/full_reduction_promotion/list',185),
	(188,'2016-08-11 15:06:53','2016-08-11 15:06:53',0,1,'100011000003',b'1',1,'fa fa-circle-o','优惠券','/business/coupon/list',185),
	(189,'2017-07-04 13:25:21','2017-07-04 13:25:21',0,0,'100012',b'1',1,'fa fa-credit-card','预存款管理',NULL,0),
	(190,'2016-08-11 15:06:53','2016-08-11 15:06:53',0,1,'100012000001',b'1',1,'fa fa-circle-o','预存款充值','/business/deposit/recharge',189),
	(191,'2016-08-11 15:06:53','2016-08-11 15:06:53',0,1,'100012000002',b'1',1,'fa fa-circle-o','预存款提现','/business/cash/list',189),
	(192,'2016-08-11 15:06:53','2016-08-11 15:06:53',0,1,'100012000003',b'1',1,'fa fa-circle-o','预存款记录','/business/deposit/log',189),
	(193,'2017-07-04 13:25:21','2017-07-04 13:25:21',0,0,'100013',b'1',1,'fa fa-user-o','个人资料',NULL,0),
	(194,'2016-08-11 15:06:53','2016-08-11 15:06:53',0,1,'100013000001',b'1',1,'fa fa-circle-o','个人资料','/business/profile/edit',193),
	(195,'2016-08-11 15:06:53','2016-08-11 15:06:53',0,1,'100013000002',b'1',1,'fa fa-circle-o','密码修改','/business/password/edit',193),
	(196,'2017-07-04 13:25:21','2017-07-04 13:25:21',0,0,'100014',b'1',1,'fa fa-comment-o','客服设置',NULL,0),
	(197,'2016-08-11 15:06:53','2016-08-11 15:06:53',0,1,'100014000001',b'1',1,'fa fa-circle-o','即时通讯列表','/business/instant_message/list',196),
	(198,'2017-07-04 13:25:21','2017-07-04 13:25:21',0,0,'100015',b'1',1,'fa fa-table','统计信息',NULL,0),
	(199,'2016-08-11 15:06:53','2016-08-11 15:06:53',0,1,'100015000001',b'1',1,'fa fa-circle-o','订单统计','/business/order_statistic/list',198),
	(200,'2016-08-11 15:06:53','2016-08-11 15:06:53',0,1,'100015000002',b'1',1,'fa fa-circle-o','商品排名','/business/product_ranking/list',198),
	(201,'2016-08-11 15:06:53','2016-08-11 15:06:53',0,1,'100007000017',b'1',0,'fa fa-circle-o','菜单管理','/admin/menu/list',150);

/*!40000 ALTER TABLE `menu` ENABLE KEYS */;
UNLOCK TABLES;


# Dump of table message
# ------------------------------------------------------------

DROP TABLE IF EXISTS `message`;

CREATE TABLE `message` (
  `id` bigint(20) NOT NULL COMMENT 'ID',
  `created_date` datetime NOT NULL COMMENT '创建日期',
  `last_modified_date` datetime NOT NULL COMMENT '最后修改日期',
  `version` bigint(20) NOT NULL COMMENT '版本',
  `content` longtext NOT NULL COMMENT '内容',
  `ip` varchar(255) NOT NULL DEFAULT '' COMMENT 'IP',
  `is_draft` bit(1) NOT NULL COMMENT '是否为草稿',
  `receiver_delete` bit(1) NOT NULL COMMENT '收件人删除',
  `receiver_read` bit(1) NOT NULL COMMENT '收件人已读',
  `sender_delete` bit(1) NOT NULL COMMENT '发件人删除',
  `sender_read` bit(1) NOT NULL COMMENT '发件人已读',
  `title` varchar(255) NOT NULL DEFAULT '' COMMENT '标题',
  `for_message_id` bigint(20) DEFAULT NULL COMMENT '原消息',
  `receiver_id` bigint(20) DEFAULT NULL COMMENT '收件人',
  `sender_id` bigint(20) DEFAULT NULL COMMENT '发件人',
  PRIMARY KEY (`id`),
  KEY `ind_Message_forMessage_id` (`for_message_id`),
  KEY `ind_Message_receiver_id` (`receiver_id`),
  KEY `ind_Message_sender_id` (`sender_id`),
  CONSTRAINT `FKjw5elb14c6uqpns59rx6c5fbo` FOREIGN KEY (`receiver_id`) REFERENCES `member` (`id`),
  CONSTRAINT `FKlt55cfeh33edh2ual1bf7nitb` FOREIGN KEY (`for_message_id`) REFERENCES `message` (`id`),
  CONSTRAINT `FKt7htrq16cpp69he7whli3f93x` FOREIGN KEY (`sender_id`) REFERENCES `member` (`id`)
) ENGINE=InnoDB DEFAULT CHARSET=utf8 COMMENT='消息';



# Dump of table message_config
# ------------------------------------------------------------

DROP TABLE IF EXISTS `message_config`;

CREATE TABLE `message_config` (
  `id` bigint(20) NOT NULL COMMENT 'ID',
  `created_date` datetime NOT NULL COMMENT '创建日期',
  `last_modified_date` datetime NOT NULL COMMENT '最后修改日期',
  `version` bigint(20) NOT NULL COMMENT '版本',
  `is_mail_enabled` bit(1) NOT NULL COMMENT '是否启用邮件',
  `is_sms_enabled` bit(1) NOT NULL COMMENT '是否启用短信',
  `type` int(11) NOT NULL COMMENT '类型',
  PRIMARY KEY (`id`),
  UNIQUE KEY `uni_MessageConfig_type` (`type`)
) ENGINE=InnoDB DEFAULT CHARSET=utf8 COMMENT='消息配置';

LOCK TABLES `message_config` WRITE;
/*!40000 ALTER TABLE `message_config` DISABLE KEYS */;

INSERT INTO `message_config` (`id`, `created_date`, `last_modified_date`, `version`, `is_mail_enabled`, `is_sms_enabled`, `type`)
VALUES
	(1,'2017-06-16 00:59:25','2017-06-16 00:59:25',0,b'0',b'0',0),
	(2,'2017-06-16 00:59:26','2017-06-16 00:59:26',0,b'0',b'0',1),
	(3,'2017-06-16 00:59:27','2017-06-16 00:59:27',0,b'0',b'0',2),
	(4,'2017-06-16 00:59:28','2017-06-16 00:59:28',0,b'0',b'0',3),
	(5,'2017-06-16 00:59:29','2017-06-16 00:59:29',0,b'0',b'0',4),
	(6,'2017-06-16 00:59:30','2017-06-16 00:59:30',0,b'0',b'0',5),
	(7,'2017-06-16 00:59:31','2017-09-27 17:26:24',3,b'1',b'1',6),
	(8,'2017-06-16 00:59:32','2017-06-16 00:59:32',0,b'0',b'0',7),
	(9,'2017-06-16 00:59:33','2017-10-10 10:36:16',1,b'1',b'1',8),
	(10,'2017-06-16 00:59:34','2017-06-16 00:59:34',0,b'0',b'0',9),
	(11,'2017-06-16 00:59:35','2017-06-16 00:59:35',0,b'0',b'0',10),
	(12,'2017-06-16 00:59:36','2017-06-16 00:59:36',0,b'0',b'0',11),
	(13,'2017-06-16 00:59:37','2017-09-29 17:44:22',3,b'1',b'1',12),
	(14,'2017-06-16 00:59:38','2017-10-10 10:53:02',5,b'1',b'1',13);

/*!40000 ALTER TABLE `message_config` ENABLE KEYS */;
UNLOCK TABLES;


# Dump of table navigation
# ------------------------------------------------------------

DROP TABLE IF EXISTS `navigation`;

CREATE TABLE `navigation` (
  `id` bigint(20) NOT NULL COMMENT 'ID',
  `created_date` datetime NOT NULL COMMENT '创建日期',
  `last_modified_date` datetime NOT NULL COMMENT '最后修改日期',
  `version` bigint(20) NOT NULL COMMENT '版本',
  `orders` int(11) DEFAULT NULL COMMENT '排序',
  `is_blank_target` bit(1) NOT NULL COMMENT '是否新窗口打开',
  `name` varchar(255) NOT NULL DEFAULT '' COMMENT '名称',
  `position` int(11) NOT NULL COMMENT '位置',
  `url` varchar(255) NOT NULL DEFAULT '' COMMENT '链接地址',
  PRIMARY KEY (`id`)
) ENGINE=InnoDB DEFAULT CHARSET=utf8 COMMENT='导航';

LOCK TABLES `navigation` WRITE;
/*!40000 ALTER TABLE `navigation` DISABLE KEYS */;

INSERT INTO `navigation` (`id`, `created_date`, `last_modified_date`, `version`, `orders`, `is_blank_target`, `name`, `position`, `url`)
VALUES
	(1,'2017-06-16 00:59:39','2017-06-16 00:59:39',0,1,b'0','会员中心',0,'/member/index'),
	(2,'2017-06-16 00:59:40','2017-06-16 00:59:40',0,2,b'0','商家中心',0,'/business/login'),
	(3,'2017-06-16 00:59:41','2017-06-16 00:59:41',0,3,b'0','帮助中心',0,'/article/list/3'),
	(4,'2017-06-16 00:59:42','2017-06-16 00:59:42',0,4,b'0','首页',1,'/'),
	(5,'2017-06-16 00:59:43','2017-06-16 00:59:43',0,5,b'0','手机数码',1,'/product/list/1'),
	(6,'2017-06-16 00:59:44','2017-06-16 00:59:44',0,6,b'0','电脑办公',1,'/product/list/2'),
	(7,'2017-06-16 00:59:45','2017-06-16 00:59:45',0,7,b'0','家用电器',1,'/product/list/3'),
	(8,'2017-06-16 00:59:46','2017-06-16 00:59:46',0,8,b'0','服装鞋靴',1,'/product/list/4'),
	(9,'2017-06-16 00:59:47','2017-06-16 00:59:47',0,9,b'0','化妆护理',1,'/product/list/5'),
	(10,'2017-06-16 00:59:48','2017-06-16 00:59:48',0,10,b'0','积分商城',1,'/product/list?type=exchange'),
	(11,'2017-06-16 00:59:49','2017-06-16 00:59:49',0,11,b'0','关于我们',2,'#'),
	(12,'2017-06-16 00:59:50','2017-06-16 00:59:50',0,12,b'0','联系我们',2,'#'),
	(13,'2017-06-16 00:59:51','2017-06-16 00:59:51',0,13,b'0','诚聘英才',2,'#'),
	(14,'2017-06-16 00:59:52','2017-06-16 00:59:52',0,14,b'0','隐私政策',2,'#'),
	(15,'2017-06-16 00:59:53','2017-06-16 00:59:53',0,15,b'0','法律声明',2,'#'),
	(16,'2017-06-16 00:59:54','2017-06-16 00:59:54',0,16,b'0','客户服务',2,'#'),
	(17,'2017-06-16 00:59:55','2017-06-16 00:59:55',0,17,b'0','友情链接',2,'/friend_link');

/*!40000 ALTER TABLE `navigation` ENABLE KEYS */;
UNLOCK TABLES;


# Dump of table order
# ------------------------------------------------------------

DROP TABLE IF EXISTS `order`;

CREATE TABLE `order` (
  `id` bigint(20) NOT NULL COMMENT 'ID',
  `created_date` datetime NOT NULL COMMENT '创建日期',
  `last_modified_date` datetime NOT NULL COMMENT '最后修改日期',
  `version` bigint(20) NOT NULL COMMENT '版本',
  `address` varchar(255) DEFAULT NULL COMMENT '地址',
  `amount` decimal(21,6) NOT NULL COMMENT '订单金额',
  `amount_paid` decimal(21,6) NOT NULL COMMENT '已付金额',
  `area_name` varchar(255) DEFAULT NULL COMMENT '地区名称',
  `complete_date` datetime DEFAULT NULL COMMENT '完成日期',
  `consignee` varchar(255) DEFAULT NULL COMMENT '收货人',
  `coupon_discount` decimal(21,6) NOT NULL COMMENT '优惠券折扣',
  `exchange_point` bigint(20) NOT NULL COMMENT '兑换积分',
  `expire` datetime DEFAULT NULL COMMENT '过期时间',
  `fee` decimal(21,6) NOT NULL COMMENT '支付手续费',
  `freight` decimal(21,6) NOT NULL COMMENT '运费',
  `invoice_content` varchar(255) DEFAULT NULL COMMENT '发票',
  `invoice_title` varchar(255) DEFAULT NULL COMMENT '发票',
  `is_allocated_stock` bit(1) NOT NULL COMMENT '是否已分配库存',
  `is_exchange_point` bit(1) NOT NULL COMMENT '是否已兑换积分',
  `is_use_coupon_code` bit(1) NOT NULL COMMENT '是否已使用优惠码',
  `memo` varchar(255) DEFAULT NULL COMMENT '附言',
  `offset_amount` decimal(21,6) NOT NULL COMMENT '调整金额',
  `payment_method_name` varchar(255) DEFAULT NULL COMMENT '支付方式名称',
  `payment_method_type` int(11) DEFAULT NULL COMMENT '支付方式类型',
  `phone` varchar(255) DEFAULT NULL COMMENT '电话',
  `price` decimal(21,6) NOT NULL COMMENT '价格',
  `promotion_discount` decimal(21,6) NOT NULL COMMENT '促销折扣',
  `promotion_names` longtext COMMENT '促销名称',
  `quantity` int(11) NOT NULL COMMENT '数量',
  `refund_amount` decimal(21,6) NOT NULL COMMENT '退款金额',
  `returned_quantity` int(11) NOT NULL COMMENT '已退货数量',
  `reward_point` bigint(20) NOT NULL COMMENT '赠送积分',
  `shipped_quantity` int(11) NOT NULL COMMENT '已发货数量',
  `shipping_method_name` varchar(255) DEFAULT NULL COMMENT '配送方式名称',
  `sn` varchar(255) NOT NULL DEFAULT '' COMMENT '编号',
  `status` int(11) NOT NULL COMMENT '状态',
  `source` int(11) NOT NULL COMMENT '订单来源',
  `tax` decimal(21,6) NOT NULL COMMENT '税金',
  `type` int(11) NOT NULL COMMENT '类型',
  `weight` int(11) NOT NULL COMMENT '重量',
  `zip_code` varchar(255) DEFAULT NULL COMMENT '邮编',
  `area_id` bigint(20) DEFAULT NULL COMMENT '地区',
  `coupon_code_id` bigint(20) DEFAULT NULL COMMENT '优惠码',
  `member_id` bigint(20) NOT NULL COMMENT '会员',
  `payment_method_id` bigint(20) DEFAULT NULL COMMENT '支付方式',
  `shipping_method_id` bigint(20) DEFAULT NULL COMMENT '配送方式',
  `store_id` bigint(20) NOT NULL COMMENT '店铺',
  PRIMARY KEY (`id`),
  UNIQUE KEY `uni_Orders_sn` (`sn`),
  KEY `ind_Orders_area_id` (`area_id`),
  KEY `ind_Orders_couponCode_id` (`coupon_code_id`),
  KEY `ind_Orders_member_id` (`member_id`),
  KEY `ind_Orders_paymentMethod_id` (`payment_method_id`),
  KEY `ind_Orders_shippingMethod_id` (`shipping_method_id`),
  KEY `ind_Orders_store_id` (`store_id`),
  CONSTRAINT `FK134k7ig0kuobpn7qndeuaav12` FOREIGN KEY (`payment_method_id`) REFERENCES `payment_method` (`id`),
  CONSTRAINT `FKcwlp54012e0kpdc9ldla4rgmn` FOREIGN KEY (`coupon_code_id`) REFERENCES `coupon_code` (`id`),
  CONSTRAINT `FKl4n2qmc3gf6grt81re6td0sf3` FOREIGN KEY (`store_id`) REFERENCES `store` (`id`),
  CONSTRAINT `FKl7wd8pbflpscqk7dds8ukia5b` FOREIGN KEY (`shipping_method_id`) REFERENCES `shipping_method` (`id`),
  CONSTRAINT `FKleg7wy1ic99waq6gm71sf8tdc` FOREIGN KEY (`member_id`) REFERENCES `member` (`id`),
  CONSTRAINT `FKp4pvifrisoir4ijx4o3emyrum` FOREIGN KEY (`area_id`) REFERENCES `area` (`id`)
) ENGINE=InnoDB DEFAULT CHARSET=utf8 COMMENT='订单';



# Dump of table order_coupon
# ------------------------------------------------------------

DROP TABLE IF EXISTS `order_coupon`;

CREATE TABLE `order_coupon` (
  `orders_id` bigint(20) NOT NULL COMMENT '订单',
  `coupons_id` bigint(20) NOT NULL COMMENT '赠送优惠券',
  KEY `ind_Orders_Coupon_coupons_id` (`coupons_id`),
  KEY `ind_Orders_Coupon_orders_id` (`orders_id`),
  CONSTRAINT `FK9uctouekltt5jps0ann0vqh4x` FOREIGN KEY (`coupons_id`) REFERENCES `coupon` (`id`),
  CONSTRAINT `FKm6e160opav829j22oiy7t01p` FOREIGN KEY (`orders_id`) REFERENCES `order` (`id`)
) ENGINE=InnoDB DEFAULT CHARSET=utf8 COMMENT='订单优惠券中间表';



# Dump of table order_item
# ------------------------------------------------------------

DROP TABLE IF EXISTS `order_item`;

CREATE TABLE `order_item` (
  `id` bigint(20) NOT NULL COMMENT 'ID',
  `created_date` datetime DEFAULT NULL COMMENT '创建日期',
  `last_modified_date` datetime DEFAULT NULL COMMENT '最后修改日期',
  `version` bigint(20) DEFAULT NULL COMMENT '版本',
  `commission_totals` decimal(21,6) NOT NULL COMMENT '佣金小计',
  `is_delivery` bit(1) NOT NULL COMMENT '是否需要物流',
  `is_review` bit(1) DEFAULT b'0' COMMENT '是否评论',
  `name` varchar(255) NOT NULL DEFAULT '' COMMENT '名称',
  `price` decimal(21,6) NOT NULL COMMENT '价格',
  `quantity` int(11) NOT NULL COMMENT '数量',
  `returned_quantity` int(11) NOT NULL COMMENT '已退货数量',
  `shipped_quantity` int(11) NOT NULL COMMENT '已发货数量',
  `sn` varchar(255) NOT NULL DEFAULT '' COMMENT '编号',
  `specifications` longtext COMMENT '规格',
  `thumbnail` varchar(255) DEFAULT NULL COMMENT '缩略图',
  `type` int(11) NOT NULL COMMENT '类型',
  `weight` int(11) DEFAULT NULL COMMENT '重量',
  `order_id` bigint(20) NOT NULL COMMENT '订单',
  `sku_id` bigint(20) DEFAULT NULL COMMENT 'SKU',
  PRIMARY KEY (`id`),
  KEY `ind_OrderItem_orders` (`order_id`),
  KEY `ind_OrderItem_sku_id` (`sku_id`),
  CONSTRAINT `FK2uknp9absph5yehl7fjw9vj2n` FOREIGN KEY (`sku_id`) REFERENCES `sku` (`id`),
  CONSTRAINT `FKo2urikg1hstomwtd5a36ygcbi` FOREIGN KEY (`order_id`) REFERENCES `order` (`id`)
) ENGINE=InnoDB DEFAULT CHARSET=utf8 COMMENT='订单项';



# Dump of table order_log
# ------------------------------------------------------------

DROP TABLE IF EXISTS `order_log`;

CREATE TABLE `order_log` (
  `id` bigint(20) NOT NULL COMMENT 'ID',
  `created_date` datetime DEFAULT NULL COMMENT '创建日期',
  `last_modified_date` datetime DEFAULT NULL COMMENT '最后修改日期',
  `version` bigint(20) DEFAULT NULL COMMENT '版本',
  `detail` varchar(255) DEFAULT NULL COMMENT '详情',
  `type` int(11) NOT NULL COMMENT '类型',
  `order_id` bigint(20) NOT NULL COMMENT '订单',
  PRIMARY KEY (`id`),
  KEY `ind_OrderLog_orders` (`order_id`),
  CONSTRAINT `FKfi7t2nrsubhu8coxypd79uh83` FOREIGN KEY (`order_id`) REFERENCES `order` (`id`)
) ENGINE=InnoDB DEFAULT CHARSET=utf8 COMMENT='订单记录';



# Dump of table order_payment
# ------------------------------------------------------------

DROP TABLE IF EXISTS `order_payment`;

CREATE TABLE `order_payment` (
  `id` bigint(20) NOT NULL COMMENT 'ID',
  `created_date` datetime DEFAULT NULL COMMENT '创建日期',
  `last_modified_date` datetime DEFAULT NULL COMMENT '最后修改日期',
  `version` bigint(20) DEFAULT NULL COMMENT '版本',
  `account` varchar(255) DEFAULT NULL COMMENT '收款账号',
  `amount` decimal(21,6) NOT NULL COMMENT '付款金额',
  `bank` varchar(255) DEFAULT NULL COMMENT '收款银行',
  `fee` decimal(21,6) NOT NULL COMMENT '支付手续费',
  `memo` varchar(255) DEFAULT NULL COMMENT '备注',
  `method` int(11) NOT NULL COMMENT '方式',
  `payer` varchar(255) DEFAULT NULL COMMENT '付款人',
  `payment_method` varchar(255) DEFAULT NULL COMMENT '支付方式',
  `sn` varchar(255) NOT NULL DEFAULT '' COMMENT '编号',
  `order_id` bigint(20) NOT NULL COMMENT '订单',
  PRIMARY KEY (`id`),
  UNIQUE KEY `uni_OrderPayment_sn` (`sn`),
  KEY `ind_OrderPayment_orders` (`order_id`),
  CONSTRAINT `FK72rk4n6a04x13e5xurxe8qo7w` FOREIGN KEY (`order_id`) REFERENCES `order` (`id`)
) ENGINE=InnoDB DEFAULT CHARSET=utf8 COMMENT='订单支付';



# Dump of table order_refunds
# ------------------------------------------------------------

DROP TABLE IF EXISTS `order_refunds`;

CREATE TABLE `order_refunds` (
  `id` bigint(20) NOT NULL COMMENT 'ID',
  `created_date` datetime DEFAULT NULL COMMENT '创建日期',
  `last_modified_date` datetime DEFAULT NULL COMMENT '最后修改日期',
  `version` bigint(20) DEFAULT NULL COMMENT '版本',
  `account` varchar(255) DEFAULT NULL COMMENT '退款账号',
  `amount` decimal(21,6) NOT NULL COMMENT '退款金额',
  `bank` varchar(255) DEFAULT NULL COMMENT '退款银行',
  `memo` varchar(255) DEFAULT NULL COMMENT '备注',
  `method` int(11) NOT NULL COMMENT '方式',
  `payee` varchar(255) DEFAULT NULL COMMENT '收款人',
  `payment_method` varchar(255) DEFAULT NULL COMMENT '支付方式',
  `sn` varchar(255) NOT NULL DEFAULT '' COMMENT '编号',
  `order_id` bigint(20) NOT NULL COMMENT '订单',
  PRIMARY KEY (`id`),
  UNIQUE KEY `uni_OrderRefunds_sn` (`sn`),
  KEY `ind_OrderRefunds_orders` (`order_id`),
  CONSTRAINT `FKfvtvr34kf8gxmb6i0o26ioyfg` FOREIGN KEY (`order_id`) REFERENCES `order` (`id`)
) ENGINE=InnoDB DEFAULT CHARSET=utf8 COMMENT='订单退款';



# Dump of table order_returns
# ------------------------------------------------------------

DROP TABLE IF EXISTS `order_returns`;

CREATE TABLE `order_returns` (
  `id` bigint(20) NOT NULL COMMENT 'ID',
  `created_date` datetime DEFAULT NULL COMMENT '创建日期',
  `last_modified_date` datetime DEFAULT NULL COMMENT '最后修改日期',
  `version` bigint(20) DEFAULT NULL COMMENT '版本',
  `address` varchar(255) DEFAULT NULL COMMENT '地址',
  `area` varchar(255) DEFAULT NULL COMMENT '地区',
  `delivery_corp` varchar(255) DEFAULT NULL COMMENT '物流公司',
  `freight` decimal(21,6) DEFAULT NULL COMMENT '物流费用',
  `memo` varchar(255) DEFAULT NULL COMMENT '备注',
  `phone` varchar(255) DEFAULT NULL COMMENT '电话',
  `shipper` varchar(255) DEFAULT NULL COMMENT '发货人',
  `shipping_method` varchar(255) DEFAULT NULL COMMENT '配送方式',
  `sn` varchar(255) NOT NULL DEFAULT '' COMMENT '编号',
  `tracking_no` varchar(255) DEFAULT NULL COMMENT '运单号',
  `zip_code` varchar(255) DEFAULT NULL COMMENT '邮编',
  `order_id` bigint(20) NOT NULL COMMENT '订单',
  PRIMARY KEY (`id`),
  UNIQUE KEY `uni_OrderReturns_sn` (`sn`),
  KEY `ind_OrderReturns_orders` (`order_id`),
  CONSTRAINT `FKkw162e0v5abrrtnmad04cbbfm` FOREIGN KEY (`order_id`) REFERENCES `order` (`id`)
) ENGINE=InnoDB DEFAULT CHARSET=utf8 COMMENT='订单退货';



# Dump of table order_returns_item
# ------------------------------------------------------------

DROP TABLE IF EXISTS `order_returns_item`;

CREATE TABLE `order_returns_item` (
  `id` bigint(20) NOT NULL COMMENT 'ID',
  `created_date` datetime DEFAULT NULL COMMENT '创建日期',
  `last_modified_date` datetime DEFAULT NULL COMMENT '最后修改日期',
  `version` bigint(20) DEFAULT NULL COMMENT '版本',
  `name` varchar(255) NOT NULL DEFAULT '' COMMENT '名称',
  `quantity` int(11) NOT NULL COMMENT '数量',
  `sn` varchar(255) NOT NULL DEFAULT '' COMMENT '编号',
  `specifications` longtext COMMENT '规格',
  `order_returns_id` bigint(20) NOT NULL COMMENT '订单退货',
  PRIMARY KEY (`id`),
  KEY `ind_OrderReturnsItem_orderReturns_id` (`order_returns_id`),
  CONSTRAINT `FKemvf4d2xtrh80379g3jlig29v` FOREIGN KEY (`order_returns_id`) REFERENCES `order_returns` (`id`)
) ENGINE=InnoDB DEFAULT CHARSET=utf8 COMMENT='退货项';



# Dump of table order_shipping
# ------------------------------------------------------------

DROP TABLE IF EXISTS `order_shipping`;

CREATE TABLE `order_shipping` (
  `id` bigint(20) NOT NULL COMMENT 'ID',
  `created_date` datetime DEFAULT NULL COMMENT '创建日期',
  `last_modified_date` datetime DEFAULT NULL COMMENT '最后修改日期',
  `version` bigint(20) DEFAULT NULL COMMENT '版本',
  `address` varchar(255) DEFAULT NULL COMMENT '地址',
  `area` varchar(255) DEFAULT NULL COMMENT '地区',
  `consignee` varchar(255) DEFAULT NULL COMMENT '收货人',
  `delivery_corp` varchar(255) DEFAULT NULL COMMENT '物流公司',
  `delivery_corp_code` varchar(255) DEFAULT NULL COMMENT '物流公司代码',
  `delivery_corp_url` varchar(255) DEFAULT NULL COMMENT '物流公司网址',
  `freight` decimal(21,6) DEFAULT NULL COMMENT '物流费用',
  `memo` varchar(255) DEFAULT NULL COMMENT '备注',
  `phone` varchar(255) DEFAULT NULL COMMENT '电话',
  `shipping_method` varchar(255) DEFAULT NULL COMMENT '配送方式',
  `sn` varchar(255) NOT NULL DEFAULT '' COMMENT '编号',
  `tracking_no` varchar(255) DEFAULT NULL COMMENT '运单号',
  `zip_code` varchar(255) DEFAULT NULL COMMENT '邮编',
  `order_id` bigint(20) NOT NULL COMMENT '订单',
  PRIMARY KEY (`id`),
  UNIQUE KEY `uni_OrderShipping_sn` (`sn`),
  KEY `ind_OrderShipping_orders` (`order_id`),
  CONSTRAINT `FKdtitpbp3rycigje3wmp84qrnh` FOREIGN KEY (`order_id`) REFERENCES `order` (`id`)
) ENGINE=InnoDB DEFAULT CHARSET=utf8 COMMENT='订单发货';



# Dump of table order_shipping_item
# ------------------------------------------------------------

DROP TABLE IF EXISTS `order_shipping_item`;

CREATE TABLE `order_shipping_item` (
  `id` bigint(20) NOT NULL COMMENT 'ID',
  `created_date` datetime DEFAULT NULL COMMENT '创建日期',
  `last_modified_date` datetime DEFAULT NULL COMMENT '最后修改日期',
  `version` bigint(20) DEFAULT NULL COMMENT '版本',
  `is_delivery` bit(1) NOT NULL COMMENT '是否需要物流',
  `name` varchar(255) NOT NULL DEFAULT '' COMMENT 'SKU名称',
  `quantity` int(11) NOT NULL COMMENT '数量',
  `sn` varchar(255) NOT NULL DEFAULT '' COMMENT 'SKU编号',
  `specifications` longtext COMMENT '规格',
  `order_shipping_id` bigint(20) NOT NULL COMMENT '订单发货',
  `sku_id` bigint(20) DEFAULT NULL COMMENT 'SKU',
  PRIMARY KEY (`id`),
  KEY `ind_OrderShippingItem_orderShipping_id` (`order_shipping_id`),
  KEY `ind_OrderShippingItem_sku_id` (`sku_id`),
  CONSTRAINT `FK5wjf89vmicks4pbs1gdwnl1ww` FOREIGN KEY (`order_shipping_id`) REFERENCES `order_shipping` (`id`),
  CONSTRAINT `FKeqmysbua8ry7lhcstcm5bi7k3` FOREIGN KEY (`sku_id`) REFERENCES `sku` (`id`)
) ENGINE=InnoDB DEFAULT CHARSET=utf8 COMMENT='发货项';



# Dump of table parameter
# ------------------------------------------------------------

DROP TABLE IF EXISTS `parameter`;

CREATE TABLE `parameter` (
  `id` bigint(20) NOT NULL COMMENT 'ID',
  `created_date` datetime DEFAULT NULL COMMENT '创建日期',
  `last_modified_date` datetime DEFAULT NULL COMMENT '最后修改日期',
  `version` bigint(20) DEFAULT NULL COMMENT '版本',
  `orders` int(11) DEFAULT NULL COMMENT '排序',
  `parameter_group` varchar(255) NOT NULL DEFAULT '' COMMENT '参数组',
  `names` longtext NOT NULL COMMENT '参数名称',
  `product_category_id` bigint(20) NOT NULL COMMENT '绑定分类',
  PRIMARY KEY (`id`),
  KEY `ind_parameter_product_category_id` (`product_category_id`),
  CONSTRAINT `FKe8url905xg1nu4y41nrvhs2yy` FOREIGN KEY (`product_category_id`) REFERENCES `product_category` (`id`)
) ENGINE=InnoDB DEFAULT CHARSET=utf8 COMMENT='参数';

LOCK TABLES `parameter` WRITE;
/*!40000 ALTER TABLE `parameter` DISABLE KEYS */;

INSERT INTO `parameter` (`id`, `created_date`, `last_modified_date`, `version`, `orders`, `parameter_group`, `names`, `product_category_id`)
VALUES
	(1,'2017-06-16 00:01:52','2017-06-16 00:01:52',0,1,'基本参数','[\"操作系统\",\"CPU频率\",\"核心数\",\"电池类型\",\"电池容量\"]',41),
	(2,'2017-06-16 00:01:53','2017-06-16 00:01:53',0,2,'显示','[\"屏幕尺寸\",\"触摸屏类型\",\"分辨率\"]',41),
	(3,'2017-06-16 00:01:54','2017-06-16 00:01:54',0,3,'存储','[\"运行内存\",\"机身内存\"]',41),
	(4,'2017-06-16 00:01:55','2017-06-16 00:01:55',0,4,'基本参数','[\"有效像素\",\"显示屏尺寸\",\"储存介质\",\"电池类型\",\"电池容量\"]',49),
	(5,'2017-06-16 00:01:56','2017-06-16 00:01:56',0,5,'镜头','[\"镜头类型\",\"变焦方式\",\"对焦方式\",\"焦距\",\"微距\"]',49),
	(6,'2017-06-16 00:01:57','2017-06-16 00:01:57',0,6,'曝光','[\"曝光模式\",\"ISO感光度\",\"白平衡模式\",\"场景模式\"]',49),
	(7,'2017-06-16 00:01:58','2017-06-16 00:01:58',0,7,'显示','[\"屏幕尺寸\",\"显示比例\",\"屏幕类型\",\"分辨率\"]',79),
	(8,'2017-06-16 00:01:59','2017-06-16 00:01:59',0,8,'CPU','[\"CPU类型\",\"CPU频率\",\"CPU缓存\"]',79),
	(9,'2017-06-16 00:02:00','2017-06-16 00:02:00',0,9,'内存','[\"内存容量\",\"内存类型\",\"最大支持容量\"]',79),
	(10,'2017-06-16 00:02:01','2017-06-16 00:02:01',0,10,'显示','[\"屏幕尺寸\",\"显示比例\",\"屏幕类型\",\"分辨率\"]',82),
	(11,'2017-06-16 00:02:02','2017-06-16 00:02:02',0,11,'连接','[\"WiFi\",\"3G\",\"蓝牙\"]',82),
	(12,'2017-06-16 00:02:03','2017-06-16 00:02:03',0,12,'电池','[\"电池类型\",\"电池容量\",\"续航时间\"]',82),
	(13,'2017-06-16 00:02:04','2017-06-16 00:02:04',0,13,'显示','[\"屏幕尺寸\",\"显示比例\",\"屏幕类型\",\"分辨率\",\"响应时间\"]',145),
	(14,'2017-06-16 00:02:05','2017-10-10 14:07:02',2,14,'端口','[\"USB\",\"HDMI\",\"光纤\"]',145),
	(15,'2017-06-16 00:02:06','2017-06-16 00:02:06',0,15,'功耗','[\"电源功率\",\"待机功率\",\"工作电压\"]',145),
	(16,'2017-06-16 00:02:07','2017-06-16 00:02:07',0,16,'基本参数','[\"制冷类型\",\"工作方式\",\"空调功率\",\"能效等级\",\"制冷量\",\"制冷功率\",\"制热量\",\"制热功率\"]',150),
	(17,'2017-06-16 00:02:08','2017-06-16 00:02:08',0,17,'功能','[\"静音设计\",\"自动清洁\",\"独立除湿\",\"除甲醛\"]',150),
	(18,'2017-06-16 00:02:09','2017-09-26 10:19:05',6,19,'规格','[\"内机尺寸\",\"外机尺寸\",\"内机重量\",\"外机重量\"]',150),
	(107,'2017-09-26 14:43:40','2017-09-26 14:43:40',0,19,'基本参数','[\"操作系统\",\"CPU频率\",\"核心数\",\"电池类型\",\"电池容量\"]',1),
	(108,'2017-09-26 14:46:24','2017-09-26 14:46:24',0,20,'显示','[\"屏幕尺寸\",\"触摸屏类型\",\"分辨率\"]',1),
	(109,'2017-09-26 14:47:24','2017-10-10 14:06:55',2,21,'存储','[\"运行内存\",\"机身内存\"]',1);

/*!40000 ALTER TABLE `parameter` ENABLE KEYS */;
UNLOCK TABLES;


# Dump of table payment_method
# ------------------------------------------------------------

DROP TABLE IF EXISTS `payment_method`;

CREATE TABLE `payment_method` (
  `id` bigint(20) NOT NULL COMMENT 'ID',
  `created_date` datetime DEFAULT NULL COMMENT '创建日期',
  `last_modified_date` datetime DEFAULT NULL COMMENT '最后修改日期',
  `version` bigint(20) DEFAULT NULL COMMENT '版本',
  `orders` int(11) DEFAULT NULL COMMENT '排序',
  `content` longtext COMMENT '内容',
  `description` varchar(255) DEFAULT NULL COMMENT '介绍',
  `icon` varchar(255) DEFAULT NULL COMMENT '图标',
  `method` int(11) NOT NULL COMMENT '方式',
  `name` varchar(255) NOT NULL DEFAULT '' COMMENT '名称',
  `timeout` int(11) DEFAULT NULL COMMENT '超时时间',
  `type` int(11) NOT NULL COMMENT '类型',
  PRIMARY KEY (`id`)
) ENGINE=InnoDB DEFAULT CHARSET=utf8 COMMENT='支付方式';

LOCK TABLES `payment_method` WRITE;
/*!40000 ALTER TABLE `payment_method` DISABLE KEYS */;

INSERT INTO `payment_method` (`id`, `created_date`, `last_modified_date`, `version`, `orders`, `content`, `description`, `icon`, `method`, `name`, `timeout`, `type`)
VALUES
	(1,'2017-06-16 00:59:56','2017-06-16 00:59:56',0,1,NULL,'支持支付宝、财付通、快钱以及大多数网上银行支付','/b2b2c/5.0/201601/b0b6da31-6abf-4824-8dfa-c1f251732e20.gif',0,'网上支付',1440,0),
	(2,'2017-06-16 00:59:57','2017-06-16 00:59:57',0,2,'<p><img src=\"/b2b2c/5.0/201601/c4e81c9e-7ce0-4cb8-b7b4-1473d2233110.jpg\"/></p>','支持工商银行、建设银行、农业银行汇款支付，收款时间一般为汇款后的1-2个工作日','/b2b2c/5.0/201601/c0a00d6b-b144-43c3-ad49-ac226be9288f.gif',1,'银行汇款',10080,0),
	(3,'2017-06-16 00:59:58','2017-06-16 00:59:58',0,3,NULL,'由快递公司送货上门，您签收后直接将货款交付给快递员','/b2b2c/5.0/201601/ac183b5f-edcb-48b7-9961-f50f1b16d45c.gif',1,'货到付款',NULL,1),
	(4,'2017-11-10 10:37:24','2017-11-10 10:39:42',1,4,NULL,NULL,NULL,1,'微信支付(线下)',NULL,0),
	(5,'2017-11-10 10:39:14','2017-11-10 10:39:33',1,5,NULL,NULL,NULL,1,'支付宝支付(线下)',NULL,0);

/*!40000 ALTER TABLE `payment_method` ENABLE KEYS */;
UNLOCK TABLES;


# Dump of table payment_transaction
# ------------------------------------------------------------

DROP TABLE IF EXISTS `payment_transaction`;

CREATE TABLE `payment_transaction` (
  `id` bigint(20) NOT NULL COMMENT 'ID',
  `created_date` datetime DEFAULT NULL COMMENT '创建日期',
  `last_modified_date` datetime DEFAULT NULL COMMENT '最后修改日期',
  `version` bigint(20) DEFAULT NULL COMMENT '版本',
  `amount` decimal(21,6) NOT NULL COMMENT '金额',
  `expire` datetime DEFAULT NULL COMMENT '过期时间',
  `fee` decimal(21,6) NOT NULL COMMENT '支付手续费',
  `is_success` bit(1) DEFAULT NULL COMMENT '是否成功',
  `payment_plugin_id` varchar(255) DEFAULT NULL COMMENT '支付插件ID',
  `payment_plugin_name` varchar(255) DEFAULT NULL COMMENT '支付插件名称',
  `sn` varchar(255) NOT NULL DEFAULT '' COMMENT '编号',
  `type` int(11) DEFAULT NULL COMMENT '类型',
  `order_id` bigint(20) DEFAULT NULL COMMENT '订单',
  `parent_id` bigint(20) DEFAULT NULL COMMENT '父事务',
  `store_id` bigint(20) DEFAULT NULL COMMENT '店铺',
  `svc_id` bigint(20) DEFAULT NULL COMMENT '服务',
  `member_id` bigint(20) DEFAULT NULL COMMENT '会员',
  `business_id` bigint(20) DEFAULT NULL COMMENT '商家',
  PRIMARY KEY (`id`),
  UNIQUE KEY `uni_PaymentTransaction_sn` (`sn`),
  KEY `ind_PaymentTransaction_orders` (`order_id`),
  KEY `ind_PaymentTransaction_parent_id` (`parent_id`),
  KEY `ind_PaymentTransaction_store_id` (`store_id`),
  KEY `ind_PaymentTransaction_svc_id` (`svc_id`),
  KEY `ind_PaymentTransaction_user_id` (`member_id`),
  KEY `FK_payment_transaction_business` (`business_id`),
  CONSTRAINT `FK32whl2lw5ve762wo9fx1pfqff` FOREIGN KEY (`store_id`) REFERENCES `store` (`id`),
  CONSTRAINT `FK3chhq4oduomnibn41iby7ut8l` FOREIGN KEY (`member_id`) REFERENCES `member` (`id`),
  CONSTRAINT `FK8dku94ypl7mykw3cyb8tg5x45` FOREIGN KEY (`parent_id`) REFERENCES `payment_transaction` (`id`),
  CONSTRAINT `FK_payment_transaction_business` FOREIGN KEY (`business_id`) REFERENCES `business` (`id`),
  CONSTRAINT `FKn0detletwjdhf0iudial4hkfh` FOREIGN KEY (`svc_id`) REFERENCES `svc` (`id`),
  CONSTRAINT `FKof4pxa51c2wrkcchogi9nfoko` FOREIGN KEY (`order_id`) REFERENCES `order` (`id`)
) ENGINE=InnoDB DEFAULT CHARSET=utf8 COMMENT='支付事务';



# Dump of table permission
# ------------------------------------------------------------

DROP TABLE IF EXISTS `permission`;

CREATE TABLE `permission` (
  `id` bigint(20) NOT NULL COMMENT 'ID',
  `created_date` datetime NOT NULL COMMENT '创建日期',
  `last_modified_date` datetime NOT NULL COMMENT '修改日期',
  `version` bigint(20) NOT NULL COMMENT '版本号',
  `description` varchar(255) DEFAULT NULL COMMENT '描述',
  `is_enabled` bit(1) NOT NULL COMMENT '是否启用',
  `module` varchar(255) DEFAULT NULL COMMENT '模块',
  `url` varchar(255) NOT NULL DEFAULT '' COMMENT '链接地址',
  `value` varchar(255) NOT NULL DEFAULT '' COMMENT '权限值',
  `name` varchar(255) NOT NULL DEFAULT '' COMMENT '名称',
  PRIMARY KEY (`id`),
  UNIQUE KEY `value` (`value`)
) ENGINE=InnoDB DEFAULT CHARSET=utf8 COMMENT='权限';

LOCK TABLES `permission` WRITE;
/*!40000 ALTER TABLE `permission` DISABLE KEYS */;

INSERT INTO `permission` (`id`, `created_date`, `last_modified_date`, `version`, `description`, `is_enabled`, `module`, `url`, `value`, `name`)
VALUES
	(100,'2017-08-11 17:32:28','2017-08-11 17:26:58',0,NULL,b'1','storeGroup','/admin/business/**','admin:business','商家管理'),
	(101,'2017-08-11 17:32:27','2017-08-11 17:28:21',0,NULL,b'1','storeGroup','/admin/store/**','admin:store','店铺管理'),
	(102,'2017-08-11 17:32:26','2017-08-11 17:29:13',0,NULL,b'1','storeGroup','/admin/store_category/**','admin:storeCategory','店铺分类'),
	(103,'2017-08-11 17:32:25','2017-08-11 17:30:01',0,NULL,b'1','storeGroup','/admin/store_rank/**','admin:storeRank','店铺等级'),
	(104,'2017-08-11 17:32:24','2017-08-11 17:30:39',0,NULL,b'1','storeGroup','/admin/business_attribute/**','admin:businessAttribute','商家注册管理'),
	(105,'2017-08-11 17:32:23','2017-08-11 17:31:12',0,NULL,b'1','storeGroup','/admin/cash/**','admin:cash','提现管理'),
	(106,'2017-08-11 17:32:22','2017-08-11 17:31:55',0,NULL,b'1','storeGroup','/admin/category_application/**','admin:categoryApplication','经营分类申请'),
	(107,'2017-08-11 17:32:21','2017-08-11 17:32:27',0,NULL,b'1','storeGroup','/admin/business_deposit/**','admin:businessDeposit','商家预存款'),
	(108,'2017-08-11 17:38:38','2017-08-11 17:34:25',0,NULL,b'1','productGroup','/admin/product/**','admin:product','商品管理'),
	(109,'2017-08-11 17:38:37','2017-08-11 17:35:26',0,NULL,b'1','productGroup','/admin/stock/**','admin:stock','库存管理'),
	(110,'2017-08-11 17:38:36','2017-08-11 17:35:55',0,NULL,b'1','productGroup','/admin/product_category/**','admin:productCategory','商品分类管理'),
	(111,'2017-08-11 17:38:35','2017-08-11 17:36:25',0,NULL,b'1','productGroup','/admin/product_tag/**','admin:productTag','商品标签管理'),
	(112,'2017-08-11 17:38:34','2017-08-11 17:37:00',0,NULL,b'1','productGroup','/admin/parameter/**','admin:parameter','商品参数管理'),
	(113,'2017-08-11 17:38:33','2017-08-11 17:37:28',0,NULL,b'1','productGroup','/admin/attribute/**','admin:attribute','商品属性管理'),
	(114,'2017-08-11 17:38:32','2017-08-11 17:38:07',0,NULL,b'1','productGroup','/admin/specification/**','admin:specification','规格管理'),
	(115,'2017-08-11 17:38:31','2017-08-11 17:38:34',0,NULL,b'1','productGroup','/admin/brand/**','admin:brand','品牌管理'),
	(116,'2017-08-11 17:39:38','2017-08-11 17:39:36',0,NULL,b'1','orderGroup','/admin/order/**','admin:order','订单管理'),
	(117,'2017-08-11 17:39:37','2017-08-11 17:40:16',0,NULL,b'1','orderGroup','/admin/print/**','admin:print','打印管理'),
	(118,'2017-08-11 17:39:36','2017-08-11 17:40:53',0,NULL,b'1','orderGroup','/admin/order_payment/**','admin:orderPayment','订单支付'),
	(119,'2017-08-11 17:39:35','2017-08-11 17:41:24',0,NULL,b'1','orderGroup','/admin/order_refunds/**','admin:orderRefunds','订单退款'),
	(120,'2017-08-11 17:39:34','2017-08-11 17:41:57',0,NULL,b'1','orderGroup','/admin/order_shipping/**','admin:orderShipping','订单发货'),
	(121,'2017-08-11 17:39:33','2017-08-11 17:42:35',0,NULL,b'1','orderGroup','/admin/order_returns/**','admin:orderReturns','订单退货'),
	(122,'2017-08-11 17:39:32','2017-08-11 17:43:08',0,NULL,b'1','orderGroup','/admin/delivery_center/**','admin:deliveryCenter','发货点管理'),
	(123,'2017-08-11 17:39:31','2017-08-11 17:43:39',0,NULL,b'1','orderGroup','/admin/delivery_template/**','admin:deliveryTemplate','快递单模板管理'),
	(124,'2017-08-11 17:44:28','2017-08-11 17:44:21',0,NULL,b'1','memberGroup','/admin/member/**','admin:member','会员管理'),
	(125,'2017-08-11 17:44:27','2017-08-11 17:45:19',0,NULL,b'1','memberGroup','/admin/member_rank/**','admin:memberRank','会员等级管理'),
	(126,'2017-08-11 17:44:26','2017-08-11 17:45:51',0,NULL,b'1','memberGroup','/admin/member_attribute/**','admin:memberAttribute','会员注册项管理'),
	(127,'2017-08-11 17:44:25','2017-08-11 17:46:20',0,NULL,b'1','memberGroup','/admin/point/**','admin:point','积分管理'),
	(128,'2017-08-11 17:44:24','2017-08-11 17:46:56',0,NULL,b'1','memberGroup','/admin/member_deposit/**','admin:memberDeposit','会员预存款'),
	(129,'2017-08-11 17:44:23','2017-08-11 17:47:32',0,NULL,b'1','memberGroup','/admin/review/**','admin:review','评论管理'),
	(130,'2017-08-11 17:44:22','2017-08-11 17:48:03',0,NULL,b'1','memberGroup','/admin/consultation/**','admin:consultation','咨询管理'),
	(131,'2017-08-11 17:44:21','2017-08-11 17:48:45',0,NULL,b'1','memberGroup','/admin/message_config/**','admin:messageConfig','消息配置'),
	(132,'2017-08-11 17:49:39','2017-08-11 17:49:36',0,NULL,b'1','contentGroup','/admin/navigation/**','admin:navigation','导航管理'),
	(133,'2017-08-11 17:49:38','2017-08-11 17:50:14',0,NULL,b'1','contentGroup','/admin/article/**','admin:article','文章管理'),
	(134,'2017-08-11 17:49:37','2017-08-11 17:50:51',0,NULL,b'1','contentGroup','/admin/article_category/**','admin:articleCategory','文章分类管理'),
	(135,'2017-08-11 17:49:36','2017-08-11 17:51:24',0,NULL,b'1','contentGroup','/admin/article_tag/**','admin:articleTag','文章标签管理'),
	(136,'2017-08-11 17:49:35','2017-08-11 17:51:56',0,NULL,b'1','contentGroup','/admin/friend_link/**','admin:friendLink','友情链接管理'),
	(137,'2017-08-11 17:49:34','2017-08-11 17:52:50',0,NULL,b'1','contentGroup','/admin/ad_position/**','admin:adPosition','广告位管理'),
	(138,'2017-08-11 17:49:33','2017-08-11 17:54:07',0,NULL,b'1','contentGroup','/admin/ad/**','admin:ad','广告管理'),
	(139,'2017-08-11 17:49:32','2017-08-11 17:54:44',0,NULL,b'1','contentGroup','/admin/template/**','admin:template','模板管理'),
	(140,'2017-08-11 17:49:31','2017-08-11 17:55:11',0,NULL,b'1','contentGroup','/admin/cache/**','admin:cache','缓存管理'),
	(141,'2017-08-11 17:56:04','2017-08-11 17:56:04',0,NULL,b'1','marketingGroup','/admin/promotion/**','admin:promotion','促销管理'),
	(142,'2017-08-11 17:56:03','2017-08-11 17:56:38',0,NULL,b'1','marketingGroup','/admin/coupon/**','admin:coupon','优惠券管理'),
	(143,'2017-08-11 17:56:02','2017-08-11 17:57:04',0,NULL,b'1','marketingGroup','/admin/seo/**','admin:seo','SEO设置'),
	(144,'2017-08-11 17:57:13','2017-08-11 17:57:42',0,NULL,b'1','systemGroup','/admin/setting/**','admin:setting','系统设置'),
	(145,'2017-08-11 17:57:12','2017-08-11 17:58:18',0,NULL,b'1','systemGroup','/admin/area/**','admin:area','地区管理'),
	(146,'2017-08-11 17:57:11','2017-08-11 17:58:47',0,NULL,b'1','systemGroup','/admin/payment_method/**','admin:paymentMethod','支付方式管理'),
	(147,'2017-08-11 17:57:10','2017-08-11 17:59:18',0,NULL,b'1','systemGroup','/admin/shipping_method/**','admin:shippingMethod','配送方式管理'),
	(148,'2017-08-11 17:57:09','2017-08-11 17:59:46',0,NULL,b'1','systemGroup','/admin/delivery_corp/**','admin:deliveryCorp','物流公司管理'),
	(149,'2017-08-11 17:57:08','2017-08-11 18:00:21',0,NULL,b'1','systemGroup','/admin/payment_plugin/**','admin:paymentPlugin','支付插件'),
	(150,'2017-08-11 17:57:07','2017-08-11 18:05:14',0,NULL,b'1','systemGroup','/admin/storage_plugin/**','admin:storagePlugin','存储插件'),
	(151,'2017-08-11 17:57:06','2017-08-11 18:05:53',0,NULL,b'1','systemGroup','/admin/login_plugin/**','admin:loginPlugin','登录插件'),
	(152,'2017-08-11 17:57:05','2017-08-11 18:06:23',0,NULL,b'1','systemGroup','/admin/promotion_plugin/**','admin:promotionPlugin','促销插件'),
	(153,'2017-08-11 17:57:04','2017-08-11 18:06:54',0,NULL,b'1','systemGroup','/admin/admin/**','admin:admin','管理员管理'),
	(154,'2017-08-11 17:57:04','2017-08-11 18:06:54',0,NULL,b'1','systemGroup','/admin/permission/**','admin:permission','权限管理'),
	(155,'2017-08-11 17:57:03','2017-08-11 18:08:44',0,NULL,b'1','systemGroup','/admin/role/**','admin:role','角色管理'),
	(156,'2017-08-11 17:57:02','2017-08-11 18:09:19',0,NULL,b'1','systemGroup','/admin/message/**','admin:message','消息管理'),
	(157,'2017-08-11 17:57:01','2017-08-11 18:09:45',0,NULL,b'1','systemGroup','/admin/audit_log/**','admin:auditLog','审计日志'),
	(158,'2017-08-17 16:21:51','2017-08-17 16:21:51',0,NULL,b'1','product','/business/product/**','business:product','商品列表'),
	(159,'2017-08-17 16:24:44','2017-08-17 16:24:44',0,NULL,b'1','product','/business/stock/**','business:stock','库存记录'),
	(160,'2017-08-17 16:26:29','2017-08-17 16:26:29',0,NULL,b'1','product','/business/product_notify/**','business:productNotify','到货通知'),
	(161,'2017-08-17 16:27:12','2017-08-17 16:27:12',0,NULL,b'1','product','/business/consultation/**','business:consultation','商品咨询'),
	(162,'2017-08-17 16:27:48','2017-08-17 16:27:48',0,NULL,b'1','product','/business/review/**','business:review','商品评论'),
	(163,'2017-08-17 16:30:53','2017-08-17 16:30:53',0,NULL,b'1','order','/business/order/**','business:order','订单列表'),
	(164,'2017-08-17 16:33:00','2017-08-17 16:33:00',0,NULL,b'1','order','/business/print/**','business:print','订单打印'),
	(165,'2017-08-17 16:33:38','2017-08-17 16:33:38',0,NULL,b'1','order','/business/delivery_template/**','business:deliveryTemplate','快递单模板'),
	(166,'2017-08-17 16:34:30','2017-08-17 16:34:30',0,NULL,b'1','order','/business/delivery_center/**','business:deliveryCenter','发货点管理'),
	(167,'2017-08-17 16:35:36','2017-08-17 16:35:36',0,NULL,b'1','store','/business/store/register','business:storeRegister','店铺注册'),
	(168,'2017-08-17 16:36:28','2017-08-17 16:36:28',0,NULL,b'1','store','/business/store/setting','business:storeSetting','店铺设置'),
	(169,'2017-08-17 16:37:35','2017-08-17 16:37:35',0,NULL,b'1','store','/business/store/payment','business:storePayment','店铺缴费'),
	(170,'2017-08-17 16:38:22','2017-08-17 16:38:22',0,NULL,b'1','store','/business/store/reapply','business:storeReapply','店铺申请'),
	(171,'2017-08-17 16:39:08','2017-08-17 16:39:08',0,NULL,b'1','store','/business/store_product_category/**','business:storeProductCategory','店铺商品分类'),
	(172,'2017-08-17 16:39:53','2017-08-17 16:39:53',0,NULL,b'1','store','/business/store_product_tag/**','business:storeProductTag',' 店铺商品标签'),
	(173,'2017-08-17 16:40:41','2017-08-17 16:40:41',0,NULL,b'1','store','/business/category_application/**','business:categoryApplication','经营分类申请'),
	(174,'2017-08-17 16:44:18','2017-08-17 16:44:18',0,NULL,b'1','store','/business/shipping_method/**','business:shippingMethod',' 配送方式'),
	(175,'2017-08-17 16:48:35','2017-08-17 16:48:35',0,NULL,b'1','store','/business/area_freight_config/**','business:areaFreightConfig','区域货运配置'),
	(176,'2017-08-17 16:53:09','2017-08-17 16:53:09',0,NULL,b'1','store','/business/store_ad_image/**','business:storeAdImage','店铺广告图片'),
	(177,'2017-08-17 17:07:05','2017-08-17 17:07:05',0,NULL,b'1','promotion','/business/discount_promotion/**','business:discountPromotion','折扣促销'),
	(178,'2017-08-17 17:08:01','2017-08-17 17:08:01',0,NULL,b'1','promotion','/business/full_reduction_promotion/**','business:fullReductionPromotion','满减促销'),
	(179,'2017-08-17 17:08:41','2017-08-17 17:08:41',0,NULL,b'1','promotion','/business/coupon/**','business:coupon','优惠券'),
	(180,'2017-08-17 17:14:49','2017-08-17 17:14:49',0,NULL,b'1','deposit','/business/deposit/**','business:deposit','预存款充值'),
	(181,'2017-08-17 17:21:24','2017-08-17 17:21:24',0,NULL,b'1','deposit','/business/cash/**','business:cash','预存款提现'),
	(182,'2017-08-17 17:23:00','2017-08-17 17:23:00',0,NULL,b'1','profile','/business/profile/**','business:profile','个人资料'),
	(183,'2017-08-17 17:26:50','2017-08-17 17:26:50',0,NULL,b'1','profile','/business/password/**','business:password','密码修改'),
	(184,'2017-08-17 17:32:55','2017-08-17 17:32:55',0,NULL,b'1','message','/business/instant_message/**','business:instantMessage','客服设置'),
	(185,'2017-08-17 17:33:59','2017-08-17 17:33:59',0,NULL,b'1','message','/business/order_statistic/**','business:orderStatistic','订单统计'),
	(186,'2017-08-17 17:34:39','2017-08-17 17:34:39',0,NULL,b'1','message','/business/product_ranking/**','business:productRanking','商品排名'),
	(187,'2017-09-14 09:36:56','2017-09-14 09:36:56',0,NULL,b'1','contentGroup','/admin/generate/**','admin:generate','索引管理'),
	(188,'2017-10-18 10:38:08','2017-10-18 10:38:08',0,NULL,b'1','systemGroup','/admin/menu/**','admin:menu','菜单管理');

/*!40000 ALTER TABLE `permission` ENABLE KEYS */;
UNLOCK TABLES;


# Dump of table permission_role
# ------------------------------------------------------------

DROP TABLE IF EXISTS `permission_role`;

CREATE TABLE `permission_role` (
  `permissions_id` bigint(20) NOT NULL,
  `roles_id` bigint(20) NOT NULL,
  PRIMARY KEY (`permissions_id`,`roles_id`),
  KEY `roles_id` (`roles_id`),
  CONSTRAINT `FK_permission_role_permission` FOREIGN KEY (`permissions_id`) REFERENCES `permission` (`id`),
  CONSTRAINT `FK_permission_role_role` FOREIGN KEY (`roles_id`) REFERENCES `role` (`id`)
) ENGINE=InnoDB DEFAULT CHARSET=utf8 COMMENT='权限与角色';

LOCK TABLES `permission_role` WRITE;
/*!40000 ALTER TABLE `permission_role` DISABLE KEYS */;

INSERT INTO `permission_role` (`permissions_id`, `roles_id`)
VALUES
	(100,1),
	(101,1),
	(102,1),
	(103,1),
	(104,1),
	(105,1),
	(106,1),
	(107,1),
	(108,1),
	(109,1),
	(110,1),
	(111,1),
	(112,1),
	(113,1),
	(114,1),
	(115,1),
	(116,1),
	(117,1),
	(118,1),
	(119,1),
	(120,1),
	(121,1),
	(122,1),
	(123,1),
	(124,1),
	(125,1),
	(126,1),
	(127,1),
	(128,1),
	(129,1),
	(130,1),
	(131,1),
	(132,1),
	(133,1),
	(134,1),
	(135,1),
	(136,1),
	(137,1),
	(138,1),
	(139,1),
	(140,1),
	(141,1),
	(142,1),
	(143,1),
	(144,1),
	(145,1),
	(146,1),
	(147,1),
	(148,1),
	(149,1),
	(150,1),
	(151,1),
	(152,1),
	(153,1),
	(154,1),
	(155,1),
	(156,1),
	(157,1),
	(187,1),
	(188,1),
	(158,2),
	(159,2),
	(160,2),
	(161,2),
	(162,2),
	(163,2),
	(164,2),
	(165,2),
	(166,2),
	(167,2),
	(168,2),
	(169,2),
	(170,2),
	(171,2),
	(172,2),
	(173,2),
	(174,2),
	(175,2),
	(176,2),
	(177,2),
	(178,2),
	(179,2),
	(180,2),
	(181,2),
	(182,2),
	(183,2),
	(184,2),
	(185,2),
	(186,2);

/*!40000 ALTER TABLE `permission_role` ENABLE KEYS */;
UNLOCK TABLES;


# Dump of table platform_svc
# ------------------------------------------------------------

DROP TABLE IF EXISTS `platform_svc`;

CREATE TABLE `platform_svc` (
  `id` bigint(20) NOT NULL COMMENT 'ID',
  PRIMARY KEY (`id`),
  CONSTRAINT `FKjg1fv4s2qhl7ng60g4s37nh2d` FOREIGN KEY (`id`) REFERENCES `svc` (`id`)
) ENGINE=InnoDB DEFAULT CHARSET=utf8;



# Dump of table plugin_config
# ------------------------------------------------------------

DROP TABLE IF EXISTS `plugin_config`;

CREATE TABLE `plugin_config` (
  `id` bigint(20) NOT NULL COMMENT 'ID',
  `created_date` datetime DEFAULT NULL COMMENT '创建日期',
  `last_modified_date` datetime DEFAULT NULL COMMENT '最后修改日期',
  `version` bigint(20) DEFAULT NULL COMMENT '版本',
  `orders` int(11) DEFAULT NULL COMMENT '排序',
  `attributes` longtext COMMENT '属性',
  `is_enabled` bit(1) NOT NULL COMMENT '是否启用',
  `plugin_id` varchar(255) NOT NULL DEFAULT '' COMMENT '插件ID',
  PRIMARY KEY (`id`),
  UNIQUE KEY `uni_PluginConfig_pluginId` (`plugin_id`)
) ENGINE=InnoDB DEFAULT CHARSET=utf8 COMMENT='插件配置';

LOCK TABLES `plugin_config` WRITE;
/*!40000 ALTER TABLE `plugin_config` DISABLE KEYS */;

INSERT INTO `plugin_config` (`id`, `created_date`, `last_modified_date`, `version`, `orders`, `attributes`, `is_enabled`, `plugin_id`)
VALUES
	(1,'2017-06-16 00:59:59','2017-06-16 00:59:59',0,100,NULL,b'1','localStoragePlugin'),
	(2,'2017-06-16 01:00:00','2017-08-02 11:56:57',1,1,'{\"price\":\"1000\"}',b'1','discountPromotionPlugin'),
	(3,'2017-06-16 01:00:01','2017-06-16 01:00:01',0,2,'{\"price\":\"1000\"}',b'1','fullReductionPromotionPlugin'),
	(4,'2017-06-16 01:00:02','2017-10-18 10:56:32',4,1,'{\"mchId\":\"abc\",\"apiKey\":\"abc\",\"appId\":\"abc\",\"fee\":\"0\",\"logo\":\"/b2b2c/5.0/201601/ff3d7a85-8282-4d98-b4db-219be9cdfe12.gif\",\"description\":\"\",\"feeType\":\"scale\",\"paymentName\":\"微信支付扫码\"}',b'1','weixinNativePaymentPlugin'),
	(5,'2017-06-16 01:00:03','2017-11-06 10:55:22',1,2,'{\"mchId\":\"abc\",\"apiKey\":\"abc\",\"appId\":\"abc\",\"fee\":\"0\",\"logo\":\"/b2b2c/5.0/201601/87879506-2598-434f-862b-0ea57cd9bb80.gif\",\"description\":\"\",\"appSecret\":\"d1b5008dcb3eeb4cf3e6e69aabe38584\",\"feeType\":\"scale\",\"paymentName\":\"微信公众号支付\"}',b'1','weixinPublicPaymentPlugin'),
	(6,'2017-06-16 01:00:04','2017-11-13 15:22:50',4,3,'{\"partner\":\"abc\",\"fee\":\"0\",\"logo\":\"/b2b2c/5.0/201601/ea830132-c208-427b-86ca-383f17f95eae.gif\",\"description\":\"\",\"feeType\":\"scale\",\"paymentName\":\"支付宝\",\"key\":\"abc\"}',b'1','alipayDirectPaymentPlugin'),
	(7,'2017-06-16 01:00:05','2017-06-16 01:00:05',0,4,'{\"partner\":\"abc\",\"fee\":\"0\",\"logo\":\"/b2b2c/5.0/201601/2e05d165-ff0a-4bf7-ab32-0f5431b579e4.gif\",\"description\":\"\",\"feeType\":\"fixed\",\"paymentName\":\"财付通\",\"key\":\"abc\"}',b'1','tenpayDirectPaymentPlugin'),
	(8,'2017-06-16 01:00:06','2017-06-16 01:00:06',0,5,'{\"partner\":\"abc\",\"fee\":\"0\",\"logo\":\"/b2b2c/5.0/201601/ef1a9c58-4e4e-40a2-a8c4-e5bfc10314d0.gif\",\"description\":\"\",\"feeType\":\"scale\",\"paymentName\":\"易宝支付\",\"key\":\"abc\"}',b'1','yeepayPaymentPlugin'),
	(9,'2017-06-16 01:00:07','2017-06-16 01:00:07',0,6,'{\"partner\":\"abc\",\"fee\":\"0\",\"logo\":\"/b2b2c/5.0/201601/f13a757e-f744-44fb-89fa-7b6870ad7848.gif\",\"description\":\"\",\"feeType\":\"scale\",\"paymentName\":\"快钱支付\",\"key\":\"abc\"}',b'1','pay99billPaymentPlugin'),
	(10,'2017-06-16 01:00:08','2017-06-16 01:00:08',0,7,'{\"partner\":\"abc\",\"fee\":\"0\",\"logo\":\"/b2b2c/5.0/201601/3c866cca-c47d-497c-803e-3225e67af827.gif\",\"description\":\"\",\"currency\":\"USD\",\"feeType\":\"scale\",\"paymentName\":\"Paypal\"}',b'1','paypalPaymentPlugin'),
	(11,'2017-06-16 01:00:09','2017-06-16 01:00:09',0,8,'{\"branchId\":\"abc\",\"posId\":\"abc\",\"isPhishing\":\"false\",\"partner\":\"abc\",\"fee\":\"0\",\"logo\":\"/b2b2c/5.0/201601/598c2a1f-baf4-46c9-a262-a885b6304def.gif\",\"description\":\"\",\"feeType\":\"scale\",\"paymentName\":\"中国建设银行\",\"key\":\"abc\"}',b'1','ccbPaymentPlugin'),
	(12,'2017-06-16 01:00:10','2017-06-16 01:00:10',0,9,'{\"partner\":\"abc\",\"fee\":\"0\",\"logo\":\"/b2b2c/5.0/201601/cd4012cc-ae83-45e9-835f-6c94293a843c.gif\",\"description\":\"\",\"feeType\":\"scale\",\"paymentName\":\"银联在线\",\"key\":\"abc\"}',b'1','unionpayPaymentPlugin'),
	(13,'2017-06-16 01:00:11','2017-06-16 01:00:11',0,1,'{\"partner\":\"abc\",\"logo\":\"/b2b2c/5.0/201601/2a55c2e7-27a1-4c98-9f74-9f0cab6c1341.png\",\"description\":\"\",\"loginMethodName\":\"支付宝\",\"key\":\"abc\"}',b'1','alipayLoginPlugin'),
	(14,'2017-06-16 01:00:12','2017-09-28 10:27:01',3,2,'{\"oauthKey\":\"abc\",\"oauthSecret\":\"abc\",\"logo\":\"/b2b2c/5.0/201601/a368106f-8831-45bd-a893-d8d1391ea0f0.png\",\"description\":\"\",\"loginMethodName\":\"QQ\"}',b'1','qqLoginPlugin'),
	(15,'2017-06-16 01:00:13','2017-06-16 01:00:13',0,3,'{\"oauthKey\":\"abc\",\"oauthSecret\":\"abc\",\"logo\":\"/b2b2c/5.0/201601/d6a6b59b-f392-412a-8ee6-56cec59eb359.png\",\"description\":\"\",\"loginMethodName\":\"新浪微博\"}',b'1','weiboLoginPlugin'),
	(16,'2017-06-16 01:00:14','2017-09-28 10:30:26',1,4,'{\"appId\":\"abc\",\"logo\":\"/b2b2c/5.0/201601/57aa3e84-3c29-4e44-b5f5-327c17501c5c.png\",\"description\":\"\",\"appSecret\":\"abc\",\"loginMethodName\":\"微信登录\"}',b'1','weixinLoginPlugin'),
	(17,'2017-06-16 01:00:15','2017-06-16 01:00:15',0,1,'{\"price\":\"100\"}',b'1','discount'),
	(18,'2017-06-16 01:00:16','2017-06-16 01:00:16',0,2,'{\"price\":\"200\"}',b'1','fullReduction'),
	(19,'2017-11-10 09:35:47','2017-11-10 09:38:45',2,1,'{\"privateKey\":\"",\"appId\":\"abc\",\"fee\":\"0\",\"logo\":\"\",\"description\":\"\",\"publicKey\":\"abc",\"feeType\":\"scale\",\"paymentName\":\"支付宝支付\"}',b'1','alipayPaymentPlugin');

/*!40000 ALTER TABLE `plugin_config` ENABLE KEYS */;
UNLOCK TABLES;


# Dump of table point_log
# ------------------------------------------------------------

DROP TABLE IF EXISTS `point_log`;

CREATE TABLE `point_log` (
  `id` bigint(20) NOT NULL COMMENT 'ID',
  `created_date` datetime DEFAULT NULL COMMENT '创建日期',
  `last_modified_date` datetime DEFAULT NULL COMMENT '最后修改日期',
  `version` bigint(20) DEFAULT NULL COMMENT '版本',
  `balance` bigint(20) NOT NULL COMMENT '当前积分',
  `credit` bigint(20) NOT NULL COMMENT '获取积分',
  `debit` bigint(20) NOT NULL COMMENT '扣除积分',
  `memo` varchar(255) DEFAULT NULL COMMENT '备注',
  `type` int(11) NOT NULL COMMENT '类型',
  `member_id` bigint(20) NOT NULL COMMENT '会员',
  PRIMARY KEY (`id`),
  KEY `ind_PointLog_member_id` (`member_id`),
  CONSTRAINT `FKkm2lfgvxyppsm59rh12n2ste2` FOREIGN KEY (`member_id`) REFERENCES `member` (`id`)
) ENGINE=InnoDB DEFAULT CHARSET=utf8 COMMENT='积分记录';



# Dump of table product
# ------------------------------------------------------------

DROP TABLE IF EXISTS `product`;

CREATE TABLE `product` (
  `id` bigint(20) NOT NULL COMMENT 'ID',
  `created_date` datetime DEFAULT NULL COMMENT '创建日期',
  `last_modified_date` datetime DEFAULT NULL COMMENT '最后修改日期',
  `version` bigint(20) DEFAULT NULL COMMENT '版本',
  `attribute_value0` varchar(255) DEFAULT NULL COMMENT '属性值0',
  `attribute_value1` varchar(255) DEFAULT NULL COMMENT '属性值1',
  `attribute_value10` varchar(255) DEFAULT NULL COMMENT '属性值10',
  `attribute_value11` varchar(255) DEFAULT NULL COMMENT '属性值11',
  `attribute_value12` varchar(255) DEFAULT NULL COMMENT '属性值12',
  `attribute_value13` varchar(255) DEFAULT NULL COMMENT '属性值13',
  `attribute_value14` varchar(255) DEFAULT NULL COMMENT '属性值14',
  `attribute_value15` varchar(255) DEFAULT NULL COMMENT '属性值15',
  `attribute_value16` varchar(255) DEFAULT NULL COMMENT '属性值16',
  `attribute_value17` varchar(255) DEFAULT NULL COMMENT '属性值17',
  `attribute_value18` varchar(255) DEFAULT NULL COMMENT '属性值18',
  `attribute_value19` varchar(255) DEFAULT NULL COMMENT '属性值19',
  `attribute_value2` varchar(255) DEFAULT NULL COMMENT '属性值2',
  `attribute_value3` varchar(255) DEFAULT NULL COMMENT '属性值3',
  `attribute_value4` varchar(255) DEFAULT NULL COMMENT '属性值4',
  `attribute_value5` varchar(255) DEFAULT NULL COMMENT '属性值5',
  `attribute_value6` varchar(255) DEFAULT NULL COMMENT '属性值6',
  `attribute_value7` varchar(255) DEFAULT NULL COMMENT '属性值7',
  `attribute_value8` varchar(255) DEFAULT NULL COMMENT '属性值8',
  `attribute_value9` varchar(255) DEFAULT NULL COMMENT '属性值9',
  `caption` varchar(255) DEFAULT NULL COMMENT '副标题',
  `cost` decimal(21,6) DEFAULT NULL COMMENT '成本价',
  `hits` bigint(20) NOT NULL COMMENT '点击数',
  `image` varchar(255) DEFAULT NULL COMMENT '展示图片',
  `introduction` longtext COMMENT '介绍',
  `is_active` bit(1) NOT NULL COMMENT '是否有效',
  `is_delivery` bit(1) NOT NULL COMMENT '是否需要物流',
  `is_list` bit(1) NOT NULL COMMENT '是否列出',
  `is_marketable` bit(1) NOT NULL COMMENT '是否上架',
  `is_top` bit(1) NOT NULL COMMENT '是否置顶',
  `keyword` varchar(255) DEFAULT NULL COMMENT '搜索关键词',
  `market_price` decimal(21,6) NOT NULL COMMENT '市场价',
  `memo` varchar(255) DEFAULT NULL COMMENT '备注',
  `month_hits` bigint(20) NOT NULL COMMENT '月点击数',
  `month_hits_date` datetime NOT NULL COMMENT '月点击数更新日期',
  `month_sales` bigint(20) NOT NULL COMMENT '月销量',
  `month_sales_date` datetime NOT NULL COMMENT '月销量更新日期',
  `name` varchar(255) NOT NULL DEFAULT '' COMMENT '名称',
  `parameter_values` longtext COMMENT '参数值',
  `price` decimal(21,6) NOT NULL COMMENT '销售价',
  `product_images` longtext COMMENT '商品图片',
  `sales` bigint(20) NOT NULL COMMENT '销量',
  `score` float NOT NULL COMMENT '评分',
  `score_count` bigint(20) NOT NULL COMMENT '评分数',
  `sn` varchar(255) NOT NULL DEFAULT '' COMMENT '编号',
  `specificationItems` longtext COMMENT '规格项',
  `total_score` bigint(20) NOT NULL COMMENT '总评分',
  `type` int(11) NOT NULL COMMENT '类型',
  `unit` varchar(255) DEFAULT NULL COMMENT '单位',
  `week_hits` bigint(20) NOT NULL COMMENT '周点击数',
  `week_hits_date` datetime NOT NULL COMMENT '周点击数更新日期',
  `week_sales` bigint(20) NOT NULL COMMENT '周销量',
  `week_sales_date` datetime NOT NULL COMMENT '周销量更新日期',
  `weight` int(11) DEFAULT NULL COMMENT '重量',
  `brand_id` bigint(20) DEFAULT NULL COMMENT '品牌',
  `product_category_id` bigint(20) NOT NULL COMMENT '商品分类',
  `store_id` bigint(20) NOT NULL COMMENT '店铺',
  `store_product_category_id` bigint(20) DEFAULT NULL COMMENT '店铺商品分类',
  PRIMARY KEY (`id`),
  UNIQUE KEY `uni_Product_sn` (`sn`),
  KEY `ind_Product_brand_id` (`brand_id`),
  KEY `ind_Product_productCategory_id` (`product_category_id`),
  KEY `ind_Product_store_id` (`store_id`),
  KEY `ind_Product_storeProductCategory_id` (`store_product_category_id`),
  CONSTRAINT `FK8nutm44ujutsbg3pesy3milmh` FOREIGN KEY (`product_category_id`) REFERENCES `product_category` (`id`),
  CONSTRAINT `FKcbnyvs2x321b8yw2vi398b26h` FOREIGN KEY (`brand_id`) REFERENCES `brand` (`id`),
  CONSTRAINT `FKpmekj2l5nfcc960ceckt6sv7d` FOREIGN KEY (`store_id`) REFERENCES `store` (`id`),
  CONSTRAINT `FKt4ta26ootxmjirdenixver6ay` FOREIGN KEY (`store_product_category_id`) REFERENCES `store_product_category` (`id`)
) ENGINE=InnoDB DEFAULT CHARSET=utf8 COMMENT='商品';

LOCK TABLES `product` WRITE;
/*!40000 ALTER TABLE `product` DISABLE KEYS */;

INSERT INTO `product` (`id`, `created_date`, `last_modified_date`, `version`, `attribute_value0`, `attribute_value1`, `attribute_value10`, `attribute_value11`, `attribute_value12`, `attribute_value13`, `attribute_value14`, `attribute_value15`, `attribute_value16`, `attribute_value17`, `attribute_value18`, `attribute_value19`, `attribute_value2`, `attribute_value3`, `attribute_value4`, `attribute_value5`, `attribute_value6`, `attribute_value7`, `attribute_value8`, `attribute_value9`, `caption`, `cost`, `hits`, `image`, `introduction`, `is_active`, `is_delivery`, `is_list`, `is_marketable`, `is_top`, `keyword`, `market_price`, `memo`, `month_hits`, `month_hits_date`, `month_sales`, `month_sales_date`, `name`, `parameter_values`, `price`, `product_images`, `sales`, `score`, `score_count`, `sn`, `specificationItems`, `total_score`, `type`, `unit`, `week_hits`, `week_hits_date`, `week_sales`, `week_sales_date`, `weight`, `brand_id`, `product_category_id`, `store_id`, `store_product_category_id`)
VALUES
	(1,'2017-06-16 00:02:10','2017-11-07 09:58:03',10,'4-5英寸','移动4G',NULL,NULL,NULL,NULL,NULL,NULL,NULL,NULL,NULL,NULL,'单卡多模','iOS',NULL,NULL,NULL,NULL,NULL,NULL,'铝金属外壳，64位智能手机，畅享3G/4G网络',NULL,10,'/b2b2c/5.0/201601/e39f89ce-e08a-4546-8aee-67d4427e86e2-thumbnail.jpg','<p><img src=\"/b2b2c/5.0/201601/65feeba6-e840-486d-a617-7ebe77d1b244.png\"/></p>',b'0',b'1',b'1',b'1',b'1','苹果,apple,iPhone,iPhone5s',5040.000000,NULL,5,'2017-10-18 13:01:08',1,'2017-10-18 11:58:45','苹果 iPhone 5s','[{\"group\":\"基本参数\",\"entries\":[{\"name\":\"操作系统\",\"value\":\"iOS\"},{\"name\":\"CPU频率\",\"value\":\"1.3GHz\"},{\"name\":\"核心数\",\"value\":\"双核\"},{\"name\":\"电池类型\",\"value\":\"锂电池\"}]},{\"group\":\"显示\",\"entries\":[{\"name\":\"屏幕尺寸\",\"value\":\"4.0英寸\"},{\"name\":\"触摸屏类型\",\"value\":\"电容屏、多点触控\"},{\"name\":\"分辨率\",\"value\":\"1136 x 640\"}]},{\"group\":\"存储\",\"entries\":[{\"name\":\"运行内存\",\"value\":\"1GB\"},{\"name\":\"机身内存\",\"value\":\"16GB\"}]}]',4200.000000,'[{\"source\":\"/b2b2c/5.0/201601/e39f89ce-e08a-4546-8aee-67d4427e86e2-source.jpg\",\"large\":\"/b2b2c/5.0/201601/e39f89ce-e08a-4546-8aee-67d4427e86e2-large.jpg\",\"medium\":\"/b2b2c/5.0/201601/e39f89ce-e08a-4546-8aee-67d4427e86e2-medium.jpg\",\"thumbnail\":\"/b2b2c/5.0/201601/e39f89ce-e08a-4546-8aee-67d4427e86e2-thumbnail.jpg\",\"order\":0},{\"source\":\"/b2b2c/5.0/201601/00705b09-2f7c-438b-b0a2-cbe236c1407d-source.jpg\",\"large\":\"/b2b2c/5.0/201601/00705b09-2f7c-438b-b0a2-cbe236c1407d-large.jpg\",\"medium\":\"/b2b2c/5.0/201601/00705b09-2f7c-438b-b0a2-cbe236c1407d-medium.jpg\",\"thumbnail\":\"/b2b2c/5.0/201601/00705b09-2f7c-438b-b0a2-cbe236c1407d-thumbnail.jpg\",\"order\":1}]',1,0,1,'20160101101','[{\"name\":\"颜色\",\"entries\":[{\"id\":1,\"value\":\"黑色\"},{\"id\":2,\"value\":\"白色\"},{\"id\":3,\"value\":\"银色\",\"isSelected\":true},{\"id\":4,\"value\":\"灰色\",\"isSelected\":true},{\"id\":5,\"value\":\"红色\"},{\"id\":6,\"value\":\"金色\",\"isSelected\":true}]},{\"name\":\"内存容量\",\"entries\":[{\"id\":7,\"value\":\"16GB\",\"isSelected\":true},{\"id\":8,\"value\":\"32GB\",\"isSelected\":true},{\"id\":9,\"value\":\"64GB\",\"isSelected\":true},{\"id\":10,\"value\":\"128GB\"}]}]',5,0,'台',4,'2017-10-18 13:01:08',1,'2017-10-18 11:58:45',350,1,41,1,7),
	(2,'2017-06-16 00:02:11','2017-10-17 11:12:17',7,'4-5英寸','移动4G',NULL,NULL,NULL,NULL,NULL,NULL,NULL,NULL,NULL,NULL,'单卡多模','iOS',NULL,NULL,NULL,NULL,NULL,NULL,'至大至薄，强劲动力',NULL,6,'/b2b2c/5.0/201601/d7f59d79-1958-4059-852c-0d6531788b48-thumbnail.jpg','<p><img src=\"/b2b2c/5.0/201601/655abfa9-49b1-419c-af87-ca8b950dc4fe.png\"/></p>',b'0',b'1',b'1',b'1',b'1','苹果,apple,iPhone,iPhone6',6240.000000,NULL,2,'2017-10-17 11:12:17',0,'2017-06-16 00:02:11','苹果 iPhone 6','[{\"group\":\"基本参数\",\"entries\":[{\"name\":\"操作系统\",\"value\":\"iOS\"},{\"name\":\"电池类型\",\"value\":\"锂电池\"}]},{\"group\":\"显示\",\"entries\":[{\"name\":\"屏幕尺寸\",\"value\":\"4.7英寸\"},{\"name\":\"触摸屏类型\",\"value\":\"电容屏、多点触控\"},{\"name\":\"分辨率\",\"value\":\"1334 x 750\"}]}]',5200.000000,'[{\"source\":\"/b2b2c/5.0/201601/d7f59d79-1958-4059-852c-0d6531788b48-source.jpg\",\"large\":\"/b2b2c/5.0/201601/d7f59d79-1958-4059-852c-0d6531788b48-large.jpg\",\"medium\":\"/b2b2c/5.0/201601/d7f59d79-1958-4059-852c-0d6531788b48-medium.jpg\",\"thumbnail\":\"/b2b2c/5.0/201601/d7f59d79-1958-4059-852c-0d6531788b48-thumbnail.jpg\",\"order\":0},{\"source\":\"/b2b2c/5.0/201601/4146d7e4-1be0-4341-8718-91dd553c696c-source.jpg\",\"large\":\"/b2b2c/5.0/201601/4146d7e4-1be0-4341-8718-91dd553c696c-large.jpg\",\"medium\":\"/b2b2c/5.0/201601/4146d7e4-1be0-4341-8718-91dd553c696c-medium.jpg\",\"thumbnail\":\"/b2b2c/5.0/201601/4146d7e4-1be0-4341-8718-91dd553c696c-thumbnail.jpg\",\"order\":1}]',0,0,0,'20160101102','[{\"name\":\"颜色\",\"entries\":[{\"id\":0,\"value\":\"黑色\"},{\"id\":1,\"value\":\"白色\"},{\"id\":2,\"value\":\"银色\",\"isSelected\":true},{\"id\":3,\"value\":\"灰色\",\"isSelected\":true},{\"id\":4,\"value\":\"红色\"},{\"id\":5,\"value\":\"金色\",\"isSelected\":true}]},{\"name\":\"内存容量\",\"entries\":[{\"id\":6,\"value\":\"16GB\",\"isSelected\":true},{\"id\":7,\"value\":\"32GB\"},{\"id\":8,\"value\":\"64GB\",\"isSelected\":true},{\"id\":9,\"value\":\"128GB\",\"isSelected\":true}]}]',0,0,'台',2,'2017-10-17 11:12:17',0,'2017-06-16 00:02:11',400,1,41,1,7),
	(3,'2017-06-16 00:02:12','2017-11-10 16:19:48',25,'4-5英寸','移动3G',NULL,NULL,NULL,NULL,NULL,NULL,NULL,NULL,NULL,NULL,'单卡多模','Android',NULL,NULL,NULL,NULL,NULL,NULL,'时尚便携，畅享3G网络',NULL,13,'/b2b2c/5.0/201601/031e30a4-6237-4650-a14c-5132aa126acd-thumbnail.jpg','<p><img src=\"/b2b2c/5.0/201601/43aa7db7-cc85-4d3e-b0eb-99b582b24fb3.png\"></p>',b'0',b'1',b'1',b'0',b'1','三星,samsung,三星G3818,G3818',1440.000000,NULL,10,'2017-10-09 20:56:26',2,'2017-09-08 15:24:49','三星 G3818','[{\"group\":\"基本参数\",\"entries\":[{\"name\":\"操作系统\",\"value\":\"Android\"},{\"name\":\"CPU频率\",\"value\":\"1.2GHz\"},{\"name\":\"核心数\",\"value\":\"四核\"},{\"name\":\"电池类型\",\"value\":\"锂电池\"},{\"name\":\"电池容量\",\"value\":\"2100mAh\"}]},{\"group\":\"显示\",\"entries\":[{\"name\":\"屏幕尺寸\",\"value\":\"4.5英寸\"},{\"name\":\"触摸屏类型\",\"value\":\"电容屏、多点触控\"},{\"name\":\"分辨率\",\"value\":\"960 x 540\"}]},{\"group\":\"存储\",\"entries\":[{\"name\":\"运行内存\",\"value\":\"1GB\"},{\"name\":\"机身内存\",\"value\":\"4GB\"}]}]',1200.000000,'[{\"source\":\"/b2b2c/5.0/201601/031e30a4-6237-4650-a14c-5132aa126acd-source.jpg\",\"large\":\"/b2b2c/5.0/201601/031e30a4-6237-4650-a14c-5132aa126acd-large.jpg\",\"medium\":\"/b2b2c/5.0/201601/031e30a4-6237-4650-a14c-5132aa126acd-medium.jpg\",\"thumbnail\":\"/b2b2c/5.0/201601/031e30a4-6237-4650-a14c-5132aa126acd-thumbnail.jpg\",\"order\":0},{\"source\":\"/b2b2c/5.0/201601/75c56df2-e30c-4130-9ac1-2bdd764f61c7-source.jpg\",\"large\":\"/b2b2c/5.0/201601/75c56df2-e30c-4130-9ac1-2bdd764f61c7-large.jpg\",\"medium\":\"/b2b2c/5.0/201601/75c56df2-e30c-4130-9ac1-2bdd764f61c7-medium.jpg\",\"thumbnail\":\"/b2b2c/5.0/201601/75c56df2-e30c-4130-9ac1-2bdd764f61c7-thumbnail.jpg\",\"order\":1},{\"source\":\"/b2b2c/5.0/201601/a5bd8371-2f7e-48c2-814c-6231454ca0b2-source.jpg\",\"large\":\"/b2b2c/5.0/201601/a5bd8371-2f7e-48c2-814c-6231454ca0b2-large.jpg\",\"medium\":\"/b2b2c/5.0/201601/a5bd8371-2f7e-48c2-814c-6231454ca0b2-medium.jpg\",\"thumbnail\":\"/b2b2c/5.0/201601/a5bd8371-2f7e-48c2-814c-6231454ca0b2-thumbnail.jpg\",\"order\":2}]',2,0,0,'20160101103','[{\"name\":\"颜色\",\"entries\":[{\"id\":0,\"value\":\"黑色\",\"isSelected\":true},{\"id\":1,\"value\":\"白色\",\"isSelected\":true},{\"id\":2,\"value\":\"银色\"},{\"id\":3,\"value\":\"灰色\"},{\"id\":4,\"value\":\"红色\"},{\"id\":5,\"value\":\"金色\"}]}]',0,0,'台',10,'2017-10-09 20:56:26',2,'2017-09-08 15:24:49',300,2,41,1,9),
	(4,'2017-06-16 00:02:13','2017-10-17 11:04:51',12,'5-6英寸','电信4G',NULL,NULL,NULL,NULL,NULL,NULL,NULL,NULL,NULL,NULL,'双卡多模','Android',NULL,NULL,NULL,NULL,NULL,NULL,'IP67级防尘防水，超级续航，电力持久',NULL,14,'/b2b2c/5.0/201601/10ac8459-4110-47df-80f9-3a7d0486dd30-thumbnail.jpg','<p><img src=\"/b2b2c/5.0/201601/06185005-d60a-49c0-a1f0-466efb50fcdd.png\"/></p>',b'0',b'1',b'1',b'1',b'1','三星,samsung,Galaxy S5 G9009W',4560.000000,NULL,7,'2017-10-17 11:04:51',0,'2017-06-16 00:02:13','三星 Galaxy S5 G9009W','[{\"group\":\"基本参数\",\"entries\":[{\"name\":\"操作系统\",\"value\":\"Android\"},{\"name\":\"CPU频率\",\"value\":\"2.5GHz\"},{\"name\":\"核心数\",\"value\":\"四核\"},{\"name\":\"电池类型\",\"value\":\"锂电池\"},{\"name\":\"电池容量\",\"value\":\"2800mAh\"}]},{\"group\":\"显示\",\"entries\":[{\"name\":\"屏幕尺寸\",\"value\":\"5.1英寸\"},{\"name\":\"触摸屏类型\",\"value\":\"电容屏、多点触控\"},{\"name\":\"分辨率\",\"value\":\"1920 x 1080\"}]},{\"group\":\"存储\",\"entries\":[{\"name\":\"运行内存\",\"value\":\"2GB\"},{\"name\":\"机身内存\",\"value\":\"16GB\"}]}]',3800.000000,'[{\"source\":\"/b2b2c/5.0/201601/10ac8459-4110-47df-80f9-3a7d0486dd30-source.jpg\",\"large\":\"/b2b2c/5.0/201601/10ac8459-4110-47df-80f9-3a7d0486dd30-large.jpg\",\"medium\":\"/b2b2c/5.0/201601/10ac8459-4110-47df-80f9-3a7d0486dd30-medium.jpg\",\"thumbnail\":\"/b2b2c/5.0/201601/10ac8459-4110-47df-80f9-3a7d0486dd30-thumbnail.jpg\",\"order\":0},{\"source\":\"/b2b2c/5.0/201601/59c4693b-8601-4344-8c31-c94fa9b80d5c-source.jpg\",\"large\":\"/b2b2c/5.0/201601/59c4693b-8601-4344-8c31-c94fa9b80d5c-large.jpg\",\"medium\":\"/b2b2c/5.0/201601/59c4693b-8601-4344-8c31-c94fa9b80d5c-medium.jpg\",\"thumbnail\":\"/b2b2c/5.0/201601/59c4693b-8601-4344-8c31-c94fa9b80d5c-thumbnail.jpg\",\"order\":1},{\"source\":\"/b2b2c/5.0/201601/e81217d1-22d5-4e3d-b549-8f8a63db1439-source.jpg\",\"large\":\"/b2b2c/5.0/201601/e81217d1-22d5-4e3d-b549-8f8a63db1439-large.jpg\",\"medium\":\"/b2b2c/5.0/201601/e81217d1-22d5-4e3d-b549-8f8a63db1439-medium.jpg\",\"thumbnail\":\"/b2b2c/5.0/201601/e81217d1-22d5-4e3d-b549-8f8a63db1439-thumbnail.jpg\",\"order\":2},{\"source\":\"/b2b2c/5.0/201601/fb983ce1-ca9c-4276-9041-e0587f835201-source.jpg\",\"large\":\"/b2b2c/5.0/201601/fb983ce1-ca9c-4276-9041-e0587f835201-large.jpg\",\"medium\":\"/b2b2c/5.0/201601/fb983ce1-ca9c-4276-9041-e0587f835201-medium.jpg\",\"thumbnail\":\"/b2b2c/5.0/201601/fb983ce1-ca9c-4276-9041-e0587f835201-thumbnail.jpg\",\"order\":3},{\"source\":\"/b2b2c/5.0/201601/ddffe8ed-4f93-4d9a-bae5-07408f892804-source.jpg\",\"large\":\"/b2b2c/5.0/201601/ddffe8ed-4f93-4d9a-bae5-07408f892804-large.jpg\",\"medium\":\"/b2b2c/5.0/201601/ddffe8ed-4f93-4d9a-bae5-07408f892804-medium.jpg\",\"thumbnail\":\"/b2b2c/5.0/201601/ddffe8ed-4f93-4d9a-bae5-07408f892804-thumbnail.jpg\",\"order\":4}]',0,0,0,'20160101104','[{\"name\":\"颜色\",\"entries\":[{\"id\":0,\"value\":\"黑色\",\"isSelected\":true},{\"id\":1,\"value\":\"白色\",\"isSelected\":true},{\"id\":2,\"value\":\"银色\"},{\"id\":3,\"value\":\"灰色\"},{\"id\":4,\"value\":\"红色\"},{\"id\":5,\"value\":\"金色\"}]}]',0,0,'台',1,'2017-10-17 11:04:51',0,'2017-06-16 00:02:13',400,2,41,1,9),
	(5,'2017-06-16 00:02:14','2017-09-19 11:02:00',18,'5-6英寸','移动4G',NULL,NULL,NULL,NULL,NULL,NULL,NULL,NULL,NULL,NULL,'双卡多模','Android',NULL,NULL,NULL,NULL,NULL,NULL,'一体化设计，尖端工艺',NULL,13,'/b2b2c/5.0/201601/198bc691-83e8-42f5-9595-5a54367911c3-thumbnail.jpg','<p><img src=\"/b2b2c/5.0/201601/25606c77-73d6-4bf4-befc-d4721000b300.png\"/></p>',b'0',b'1',b'1',b'1',b'0','华为,huawei',2280.000000,NULL,12,'2017-09-19 10:53:12',0,'2017-06-16 00:02:14','华为 Ascend G7','[{\"group\":\"基本参数\",\"entries\":[{\"name\":\"操作系统\",\"value\":\"Android\"},{\"name\":\"CPU频率\",\"value\":\"1.2GHz\"},{\"name\":\"核心数\",\"value\":\"四核\"},{\"name\":\"电池类型\",\"value\":\"锂电池\"},{\"name\":\"电池容量\",\"value\":\"3000mAh\"}]},{\"group\":\"显示\",\"entries\":[{\"name\":\"屏幕尺寸\",\"value\":\"5.5英寸\"},{\"name\":\"触摸屏类型\",\"value\":\"电容屏、多点触控\"},{\"name\":\"分辨率\",\"value\":\"1280 x 720\"}]},{\"group\":\"存储\",\"entries\":[{\"name\":\"运行内存\",\"value\":\"2GB\"},{\"name\":\"机身内存\",\"value\":\"16GB\"}]}]',0.010000,'[{\"source\":\"/b2b2c/5.0/201601/198bc691-83e8-42f5-9595-5a54367911c3-source.jpg\",\"large\":\"/b2b2c/5.0/201601/198bc691-83e8-42f5-9595-5a54367911c3-large.jpg\",\"medium\":\"/b2b2c/5.0/201601/198bc691-83e8-42f5-9595-5a54367911c3-medium.jpg\",\"thumbnail\":\"/b2b2c/5.0/201601/198bc691-83e8-42f5-9595-5a54367911c3-thumbnail.jpg\",\"order\":0},{\"source\":\"/b2b2c/5.0/201601/36522eab-9938-4b55-90bf-345cdb329157-source.jpg\",\"large\":\"/b2b2c/5.0/201601/36522eab-9938-4b55-90bf-345cdb329157-large.jpg\",\"medium\":\"/b2b2c/5.0/201601/36522eab-9938-4b55-90bf-345cdb329157-medium.jpg\",\"thumbnail\":\"/b2b2c/5.0/201601/36522eab-9938-4b55-90bf-345cdb329157-thumbnail.jpg\",\"order\":1}]',0,0,0,'20160101105',NULL,0,0,'台',11,'2017-09-19 10:53:12',0,'2017-06-16 00:02:14',450,4,41,1,10),
	(6,'2017-06-16 00:02:15','2017-09-18 10:33:08',1,'6-7英寸','移动4G',NULL,NULL,NULL,NULL,NULL,NULL,NULL,NULL,NULL,NULL,'单卡多模','Android',NULL,NULL,NULL,NULL,NULL,NULL,'极速4G网络，一触即连',NULL,0,'/b2b2c/5.0/201601/5a9fbec8-b801-45f1-80a8-62205a2aff8c-thumbnail.jpg','<p><img src=\"/b2b2c/5.0/201601/2db01fed-3b55-4cfa-b981-2220e2c57e12.png\"/></p>',b'0',b'1',b'1',b'1',b'0','华为,huawei',1920.000000,NULL,0,'2017-06-16 00:02:15',0,'2017-06-16 00:02:15','华为 Mate2-L01','[{\"group\":\"基本参数\",\"entries\":[{\"name\":\"操作系统\",\"value\":\"Android\"},{\"name\":\"CPU频率\",\"value\":\"1.6GHz\"},{\"name\":\"核心数\",\"value\":\"四核\"},{\"name\":\"电池类型\",\"value\":\"锂电池\"},{\"name\":\"电池容量\",\"value\":\"4050mAh\"}]},{\"group\":\"显示\",\"entries\":[{\"name\":\"屏幕尺寸\",\"value\":\"6.1英寸\"},{\"name\":\"触摸屏类型\",\"value\":\"电容屏、多点触控\"},{\"name\":\"分辨率\",\"value\":\"1280 x 720\"}]},{\"group\":\"存储\",\"entries\":[{\"name\":\"运行内存\",\"value\":\"2GB\"},{\"name\":\"机身内存\",\"value\":\"16GB\"}]}]',1600.000000,'[{\"source\":\"/b2b2c/5.0/201601/5a9fbec8-b801-45f1-80a8-62205a2aff8c-source.jpg\",\"large\":\"/b2b2c/5.0/201601/5a9fbec8-b801-45f1-80a8-62205a2aff8c-large.jpg\",\"medium\":\"/b2b2c/5.0/201601/5a9fbec8-b801-45f1-80a8-62205a2aff8c-medium.jpg\",\"thumbnail\":\"/b2b2c/5.0/201601/5a9fbec8-b801-45f1-80a8-62205a2aff8c-thumbnail.jpg\",\"order\":0},{\"source\":\"/b2b2c/5.0/201601/7bcd1589-ac7a-4aac-aeb0-6d4af0f4929c-source.jpg\",\"large\":\"/b2b2c/5.0/201601/7bcd1589-ac7a-4aac-aeb0-6d4af0f4929c-large.jpg\",\"medium\":\"/b2b2c/5.0/201601/7bcd1589-ac7a-4aac-aeb0-6d4af0f4929c-medium.jpg\",\"thumbnail\":\"/b2b2c/5.0/201601/7bcd1589-ac7a-4aac-aeb0-6d4af0f4929c-thumbnail.jpg\",\"order\":1},{\"source\":\"/b2b2c/5.0/201601/6ad1e1f2-da6d-4e50-95c0-fab3cea27028-source.jpg\",\"large\":\"/b2b2c/5.0/201601/6ad1e1f2-da6d-4e50-95c0-fab3cea27028-large.jpg\",\"medium\":\"/b2b2c/5.0/201601/6ad1e1f2-da6d-4e50-95c0-fab3cea27028-medium.jpg\",\"thumbnail\":\"/b2b2c/5.0/201601/6ad1e1f2-da6d-4e50-95c0-fab3cea27028-thumbnail.jpg\",\"order\":2}]',0,0,0,'20160101106',NULL,0,0,'台',0,'2017-06-16 00:02:15',0,'2017-06-16 00:02:15',500,4,41,1,10),
	(7,'2017-06-16 00:02:16','2017-10-09 15:32:20',6,'4-5英寸','联通3G',NULL,NULL,NULL,NULL,NULL,NULL,NULL,NULL,NULL,NULL,'单卡多模','Android',NULL,NULL,NULL,NULL,NULL,NULL,'超视网膜屏幕，单玻璃一体化贴合',NULL,1,'/b2b2c/5.0/201601/b3c89b0a-ebc4-4a05-94f2-e087078a1b54-thumbnail.jpg','<p><img src=\"/b2b2c/5.0/201601/def38c63-113b-4fc1-bac9-2683495c9352.png\"/></p>',b'0',b'1',b'1',b'1',b'0','meizu',1200.000000,NULL,1,'2017-09-18 13:45:40',1,'2017-09-18 11:33:22','魅族 MX2','[{\"group\":\"基本参数\",\"entries\":[{\"name\":\"操作系统\",\"value\":\"Android\"},{\"name\":\"CPU频率\",\"value\":\"1.6GHz\"},{\"name\":\"核心数\",\"value\":\"四核\"},{\"name\":\"电池类型\",\"value\":\"锂电池\"},{\"name\":\"电池容量\",\"value\":\"1900mAh\"}]},{\"group\":\"显示\",\"entries\":[{\"name\":\"屏幕尺寸\",\"value\":\"4.4英寸\"},{\"name\":\"触摸屏类型\",\"value\":\"电容屏、多点触控\"},{\"name\":\"分辨率\",\"value\":\"1280 x 800\"}]},{\"group\":\"存储\",\"entries\":[{\"name\":\"运行内存\",\"value\":\"2GB\"},{\"name\":\"机身内存\",\"value\":\"16GB\"}]}]',1000.000000,'[{\"source\":\"/b2b2c/5.0/201601/b3c89b0a-ebc4-4a05-94f2-e087078a1b54-source.jpg\",\"large\":\"/b2b2c/5.0/201601/b3c89b0a-ebc4-4a05-94f2-e087078a1b54-large.jpg\",\"medium\":\"/b2b2c/5.0/201601/b3c89b0a-ebc4-4a05-94f2-e087078a1b54-medium.jpg\",\"thumbnail\":\"/b2b2c/5.0/201601/b3c89b0a-ebc4-4a05-94f2-e087078a1b54-thumbnail.jpg\",\"order\":0},{\"source\":\"/b2b2c/5.0/201601/ddfd4218-5b14-4003-833e-06ccfa4f0d38-source.jpg\",\"large\":\"/b2b2c/5.0/201601/ddfd4218-5b14-4003-833e-06ccfa4f0d38-large.jpg\",\"medium\":\"/b2b2c/5.0/201601/ddfd4218-5b14-4003-833e-06ccfa4f0d38-medium.jpg\",\"thumbnail\":\"/b2b2c/5.0/201601/ddfd4218-5b14-4003-833e-06ccfa4f0d38-thumbnail.jpg\",\"order\":1},{\"source\":\"/b2b2c/5.0/201601/9770078a-68e7-4138-88f1-6c9b11adbdb1-source.jpg\",\"large\":\"/b2b2c/5.0/201601/9770078a-68e7-4138-88f1-6c9b11adbdb1-large.jpg\",\"medium\":\"/b2b2c/5.0/201601/9770078a-68e7-4138-88f1-6c9b11adbdb1-medium.jpg\",\"thumbnail\":\"/b2b2c/5.0/201601/9770078a-68e7-4138-88f1-6c9b11adbdb1-thumbnail.jpg\",\"order\":2}]',1,0,1,'20160101107',NULL,5,0,'台',1,'2017-09-18 13:45:40',1,'2017-09-18 11:33:22',420,5,41,1,12),
	(8,'2017-06-16 00:02:17','2017-09-19 15:53:55',4,'5-6英寸','移动3G',NULL,NULL,NULL,NULL,NULL,NULL,NULL,NULL,NULL,NULL,'单卡多模','Android',NULL,NULL,NULL,NULL,NULL,NULL,'八核处理器，大容量电池',NULL,3,'/b2b2c/5.0/201601/6f62e931-2436-4f58-9d43-e8b5dcb4a89b-thumbnail.jpg','<p><img src=\"/b2b2c/5.0/201601/0ab08b76-ca01-4d62-8077-0aa0d6d7b390.png\"/></p>',b'0',b'1',b'1',b'1',b'0','meizu',2160.000000,NULL,3,'2017-09-18 15:07:08',2,'2017-09-19 15:53:55','魅族 MX3','[{\"group\":\"基本参数\",\"entries\":[{\"name\":\"操作系统\",\"value\":\"Android\"},{\"name\":\"CPU频率\",\"value\":\"1.6GHz\"},{\"name\":\"核心数\",\"value\":\"八核\"},{\"name\":\"电池类型\",\"value\":\"锂电池\"},{\"name\":\"电池容量\",\"value\":\"2400mAh\"}]},{\"group\":\"显示\",\"entries\":[{\"name\":\"屏幕尺寸\",\"value\":\"5.1英寸\"},{\"name\":\"触摸屏类型\",\"value\":\"电容屏、多点触控\"},{\"name\":\"分辨率\",\"value\":\"1800 x 1080\"}]},{\"group\":\"存储\",\"entries\":[{\"name\":\"运行内存\",\"value\":\"2GB\"},{\"name\":\"机身内存\",\"value\":\"16GB\"}]}]',1800.000000,'[{\"source\":\"/b2b2c/5.0/201601/6f62e931-2436-4f58-9d43-e8b5dcb4a89b-source.jpg\",\"large\":\"/b2b2c/5.0/201601/6f62e931-2436-4f58-9d43-e8b5dcb4a89b-large.jpg\",\"medium\":\"/b2b2c/5.0/201601/6f62e931-2436-4f58-9d43-e8b5dcb4a89b-medium.jpg\",\"thumbnail\":\"/b2b2c/5.0/201601/6f62e931-2436-4f58-9d43-e8b5dcb4a89b-thumbnail.jpg\",\"order\":0},{\"source\":\"/b2b2c/5.0/201601/a0530c45-e0f7-4a53-a5cd-b8101bfc7795-source.jpg\",\"large\":\"/b2b2c/5.0/201601/a0530c45-e0f7-4a53-a5cd-b8101bfc7795-large.jpg\",\"medium\":\"/b2b2c/5.0/201601/a0530c45-e0f7-4a53-a5cd-b8101bfc7795-medium.jpg\",\"thumbnail\":\"/b2b2c/5.0/201601/a0530c45-e0f7-4a53-a5cd-b8101bfc7795-thumbnail.jpg\",\"order\":1},{\"source\":\"/b2b2c/5.0/201601/afd843a4-e02b-4ad0-b722-4ae1ed8eaed6-source.jpg\",\"large\":\"/b2b2c/5.0/201601/afd843a4-e02b-4ad0-b722-4ae1ed8eaed6-large.jpg\",\"medium\":\"/b2b2c/5.0/201601/afd843a4-e02b-4ad0-b722-4ae1ed8eaed6-medium.jpg\",\"thumbnail\":\"/b2b2c/5.0/201601/afd843a4-e02b-4ad0-b722-4ae1ed8eaed6-thumbnail.jpg\",\"order\":2}]',2,0,0,'20160101108',NULL,0,0,'台',3,'2017-09-18 15:07:08',2,'2017-09-19 15:53:55',600,5,41,1,12),
	(9,'2017-06-16 00:02:18','2017-09-18 12:48:12',1,'5-6英寸','移动4G',NULL,NULL,NULL,NULL,NULL,NULL,NULL,NULL,NULL,NULL,'单卡多模','Android',NULL,NULL,NULL,NULL,NULL,NULL,'支持移动4G网络，更智能更省电',NULL,0,'/b2b2c/5.0/201601/94e4e7aa-655f-4496-9563-147ce6037eb7-thumbnail.jpg','<p><img src=\"/b2b2c/5.0/201601/efc7c2ab-1570-49d4-b0ba-2e990dc222a3.png\"/></p>',b'0',b'1',b'1',b'1',b'0','meizu',2400.000000,NULL,0,'2017-06-16 00:02:18',0,'2017-06-16 00:02:18','魅族 MX4','[{\"group\":\"基本参数\",\"entries\":[{\"name\":\"操作系统\",\"value\":\"Android\"},{\"name\":\"CPU频率\",\"value\":\"2.2GHz\"},{\"name\":\"核心数\",\"value\":\"八核\"},{\"name\":\"电池类型\",\"value\":\"锂电池\"},{\"name\":\"电池容量\",\"value\":\"3100mAh\"}]},{\"group\":\"显示\",\"entries\":[{\"name\":\"屏幕尺寸\",\"value\":\"5.3英寸\"},{\"name\":\"触摸屏类型\",\"value\":\"电容屏、多点触控\"},{\"name\":\"分辨率\",\"value\":\"1920 x 1152\"}]},{\"group\":\"存储\",\"entries\":[{\"name\":\"运行内存\",\"value\":\"2GB\"},{\"name\":\"机身内存\",\"value\":\"16GB\"}]}]',2000.000000,'[{\"source\":\"/b2b2c/5.0/201601/94e4e7aa-655f-4496-9563-147ce6037eb7-source.jpg\",\"large\":\"/b2b2c/5.0/201601/94e4e7aa-655f-4496-9563-147ce6037eb7-large.jpg\",\"medium\":\"/b2b2c/5.0/201601/94e4e7aa-655f-4496-9563-147ce6037eb7-medium.jpg\",\"thumbnail\":\"/b2b2c/5.0/201601/94e4e7aa-655f-4496-9563-147ce6037eb7-thumbnail.jpg\",\"order\":0},{\"source\":\"/b2b2c/5.0/201601/2532572a-3d65-475c-b2ef-d913763b6e38-source.jpg\",\"large\":\"/b2b2c/5.0/201601/2532572a-3d65-475c-b2ef-d913763b6e38-large.jpg\",\"medium\":\"/b2b2c/5.0/201601/2532572a-3d65-475c-b2ef-d913763b6e38-medium.jpg\",\"thumbnail\":\"/b2b2c/5.0/201601/2532572a-3d65-475c-b2ef-d913763b6e38-thumbnail.jpg\",\"order\":1},{\"source\":\"/b2b2c/5.0/201601/90d7d1df-daf9-46a9-9aab-3c8c6b3bbc7b-source.jpg\",\"large\":\"/b2b2c/5.0/201601/90d7d1df-daf9-46a9-9aab-3c8c6b3bbc7b-large.jpg\",\"medium\":\"/b2b2c/5.0/201601/90d7d1df-daf9-46a9-9aab-3c8c6b3bbc7b-medium.jpg\",\"thumbnail\":\"/b2b2c/5.0/201601/90d7d1df-daf9-46a9-9aab-3c8c6b3bbc7b-thumbnail.jpg\",\"order\":2},{\"source\":\"/b2b2c/5.0/201601/938d18fc-94ce-4937-93b3-d6a5442a2acb-source.jpg\",\"large\":\"/b2b2c/5.0/201601/938d18fc-94ce-4937-93b3-d6a5442a2acb-large.jpg\",\"medium\":\"/b2b2c/5.0/201601/938d18fc-94ce-4937-93b3-d6a5442a2acb-medium.jpg\",\"thumbnail\":\"/b2b2c/5.0/201601/938d18fc-94ce-4937-93b3-d6a5442a2acb-thumbnail.jpg\",\"order\":3}]',0,0,0,'20160101109',NULL,0,0,'台',0,'2017-06-16 00:02:18',0,'2017-06-16 00:02:18',380,5,41,1,12),
	(10,'2017-06-16 00:02:19','2017-09-18 12:47:54',1,'5-6英寸','电信3G',NULL,NULL,NULL,NULL,NULL,NULL,NULL,NULL,NULL,NULL,'单卡多模','Android',NULL,NULL,NULL,NULL,NULL,NULL,'四核处理器，超强游戏性能',NULL,0,'/b2b2c/5.0/201601/7b01f6f9-df7e-40d8-aa6b-a3b43d84a46a-thumbnail.jpg','<p><img src=\"/b2b2c/5.0/201601/ee29deb3-a6e2-42e6-aa4c-69a7cfe181e0.png\"/></p>',b'0',b'1',b'1',b'1',b'0','mi',2760.000000,NULL,0,'2017-06-16 00:02:19',0,'2017-06-16 00:02:19','小米4','[{\"group\":\"基本参数\",\"entries\":[{\"name\":\"操作系统\",\"value\":\"Android\"},{\"name\":\"CPU频率\",\"value\":\"2.5GHz\"},{\"name\":\"核心数\",\"value\":\"四核\"},{\"name\":\"电池类型\",\"value\":\"锂电池\"},{\"name\":\"电池容量\",\"value\":\"3080mAh\"}]},{\"group\":\"显示\",\"entries\":[{\"name\":\"屏幕尺寸\",\"value\":\"5.0英寸\"},{\"name\":\"触摸屏类型\",\"value\":\"电容屏、多点触控\"},{\"name\":\"分辨率\",\"value\":\"1920 x 1080\"}]},{\"group\":\"存储\",\"entries\":[{\"name\":\"运行内存\",\"value\":\"3GB\"},{\"name\":\"机身内存\",\"value\":\"16GB\"}]}]',2300.000000,'[{\"source\":\"/b2b2c/5.0/201601/7b01f6f9-df7e-40d8-aa6b-a3b43d84a46a-source.jpg\",\"large\":\"/b2b2c/5.0/201601/7b01f6f9-df7e-40d8-aa6b-a3b43d84a46a-large.jpg\",\"medium\":\"/b2b2c/5.0/201601/7b01f6f9-df7e-40d8-aa6b-a3b43d84a46a-medium.jpg\",\"thumbnail\":\"/b2b2c/5.0/201601/7b01f6f9-df7e-40d8-aa6b-a3b43d84a46a-thumbnail.jpg\",\"order\":0},{\"source\":\"/b2b2c/5.0/201601/0ff55e61-f88c-4406-90ea-971aaed6ad96-source.jpg\",\"large\":\"/b2b2c/5.0/201601/0ff55e61-f88c-4406-90ea-971aaed6ad96-large.jpg\",\"medium\":\"/b2b2c/5.0/201601/0ff55e61-f88c-4406-90ea-971aaed6ad96-medium.jpg\",\"thumbnail\":\"/b2b2c/5.0/201601/0ff55e61-f88c-4406-90ea-971aaed6ad96-thumbnail.jpg\",\"order\":1}]',0,0,0,'20160101110',NULL,0,0,'台',0,'2017-06-16 00:02:19',0,'2017-06-16 00:02:19',400,NULL,41,1,11),
	(11,'2017-06-16 00:02:20','2017-09-18 12:47:47',1,'5-6英寸','移动3G',NULL,NULL,NULL,NULL,NULL,NULL,NULL,NULL,NULL,NULL,'双卡双模','Android',NULL,NULL,NULL,NULL,NULL,NULL,'八核处理器，1300万堆栈式摄像头',NULL,0,'/b2b2c/5.0/201601/e127d29f-9874-4d9b-a25d-02861d23c68b-thumbnail.jpg','<p><img src=\"/b2b2c/5.0/201601/969dc4e0-2d18-4a5e-8b89-42f473897241.png\"/></p>',b'0',b'1',b'1',b'1',b'0','huawei',1440.000000,NULL,0,'2017-06-16 00:02:20',0,'2017-06-16 00:02:20','华为 荣耀','[{\"group\":\"基本参数\",\"entries\":[{\"name\":\"操作系统\",\"value\":\"Android\"},{\"name\":\"CPU频率\",\"value\":\"1.4GHz\"},{\"name\":\"核心数\",\"value\":\"八核\"},{\"name\":\"电池类型\",\"value\":\"锂电池\"},{\"name\":\"电池容量\",\"value\":\"3000mAh\"}]},{\"group\":\"显示\",\"entries\":[{\"name\":\"屏幕尺寸\",\"value\":\"5.5英寸\"},{\"name\":\"触摸屏类型\",\"value\":\"电容屏、多点触控\"},{\"name\":\"分辨率\",\"value\":\"1280 x 720\"}]},{\"group\":\"存储\",\"entries\":[{\"name\":\"运行内存\",\"value\":\"2GB\"},{\"name\":\"机身内存\",\"value\":\"8GB\"}]}]',1200.000000,'[{\"source\":\"/b2b2c/5.0/201601/e127d29f-9874-4d9b-a25d-02861d23c68b-source.jpg\",\"large\":\"/b2b2c/5.0/201601/e127d29f-9874-4d9b-a25d-02861d23c68b-large.jpg\",\"medium\":\"/b2b2c/5.0/201601/e127d29f-9874-4d9b-a25d-02861d23c68b-medium.jpg\",\"thumbnail\":\"/b2b2c/5.0/201601/e127d29f-9874-4d9b-a25d-02861d23c68b-thumbnail.jpg\",\"order\":0},{\"source\":\"/b2b2c/5.0/201601/409af325-8507-4490-b8c5-ca42e7fe6923-source.jpg\",\"large\":\"/b2b2c/5.0/201601/409af325-8507-4490-b8c5-ca42e7fe6923-large.jpg\",\"medium\":\"/b2b2c/5.0/201601/409af325-8507-4490-b8c5-ca42e7fe6923-medium.jpg\",\"thumbnail\":\"/b2b2c/5.0/201601/409af325-8507-4490-b8c5-ca42e7fe6923-thumbnail.jpg\",\"order\":1},{\"source\":\"/b2b2c/5.0/201601/14fe3b1f-7a24-4df7-aef4-e119e2810272-source.jpg\",\"large\":\"/b2b2c/5.0/201601/14fe3b1f-7a24-4df7-aef4-e119e2810272-large.jpg\",\"medium\":\"/b2b2c/5.0/201601/14fe3b1f-7a24-4df7-aef4-e119e2810272-medium.jpg\",\"thumbnail\":\"/b2b2c/5.0/201601/14fe3b1f-7a24-4df7-aef4-e119e2810272-thumbnail.jpg\",\"order\":2},{\"source\":\"/b2b2c/5.0/201601/c83d5945-201f-458a-bb59-5a6d7504971b-source.jpg\",\"large\":\"/b2b2c/5.0/201601/c83d5945-201f-458a-bb59-5a6d7504971b-large.jpg\",\"medium\":\"/b2b2c/5.0/201601/c83d5945-201f-458a-bb59-5a6d7504971b-medium.jpg\",\"thumbnail\":\"/b2b2c/5.0/201601/c83d5945-201f-458a-bb59-5a6d7504971b-thumbnail.jpg\",\"order\":3}]',0,0,0,'20160101111',NULL,0,0,'台',0,'2017-06-16 00:02:20',0,'2017-06-16 00:02:20',380,4,41,1,10),
	(12,'2017-06-16 00:02:21','2017-09-18 12:47:39',1,'5-6英寸','电信4G',NULL,NULL,NULL,NULL,NULL,NULL,NULL,NULL,NULL,NULL,'双卡多模','Android',NULL,NULL,NULL,NULL,NULL,NULL,'4G极速芯片，7层镀膜复合工艺',NULL,0,'/b2b2c/5.0/201601/fa45c26a-9bde-4be0-8bfb-fd254511dea1-thumbnail.jpg','<p><img src=\"/b2b2c/5.0/201601/2ebb327f-f034-4276-877b-5277e527707e.png\"/></p>',b'0',b'1',b'1',b'1',b'0','huawei',3000.000000,NULL,0,'2017-06-16 00:02:21',0,'2017-06-16 00:02:21','华为 Ascend P7-L09','[{\"group\":\"基本参数\",\"entries\":[{\"name\":\"操作系统\",\"value\":\"Android\"},{\"name\":\"CPU频率\",\"value\":\"1.8GHz\"},{\"name\":\"核心数\",\"value\":\"四核\"},{\"name\":\"电池类型\",\"value\":\"锂电池\"},{\"name\":\"电池容量\",\"value\":\"2500mAh\"}]},{\"group\":\"显示\",\"entries\":[{\"name\":\"屏幕尺寸\",\"value\":\"5.0英寸\"},{\"name\":\"触摸屏类型\",\"value\":\"电容屏、多点触控\"},{\"name\":\"分辨率\",\"value\":\"1920 x 1080\"}]},{\"group\":\"存储\",\"entries\":[{\"name\":\"运行内存\",\"value\":\"2GB\"},{\"name\":\"机身内存\",\"value\":\"16GB\"}]}]',2500.000000,'[{\"source\":\"/b2b2c/5.0/201601/fa45c26a-9bde-4be0-8bfb-fd254511dea1-source.jpg\",\"large\":\"/b2b2c/5.0/201601/fa45c26a-9bde-4be0-8bfb-fd254511dea1-large.jpg\",\"medium\":\"/b2b2c/5.0/201601/fa45c26a-9bde-4be0-8bfb-fd254511dea1-medium.jpg\",\"thumbnail\":\"/b2b2c/5.0/201601/fa45c26a-9bde-4be0-8bfb-fd254511dea1-thumbnail.jpg\",\"order\":0},{\"source\":\"/b2b2c/5.0/201601/84c71364-4420-4fb7-9267-c32a129b08f4-source.jpg\",\"large\":\"/b2b2c/5.0/201601/84c71364-4420-4fb7-9267-c32a129b08f4-large.jpg\",\"medium\":\"/b2b2c/5.0/201601/84c71364-4420-4fb7-9267-c32a129b08f4-medium.jpg\",\"thumbnail\":\"/b2b2c/5.0/201601/84c71364-4420-4fb7-9267-c32a129b08f4-thumbnail.jpg\",\"order\":1},{\"source\":\"/b2b2c/5.0/201601/6d7ffcc4-fc5e-4930-a063-e637edfef3d5-source.jpg\",\"large\":\"/b2b2c/5.0/201601/6d7ffcc4-fc5e-4930-a063-e637edfef3d5-large.jpg\",\"medium\":\"/b2b2c/5.0/201601/6d7ffcc4-fc5e-4930-a063-e637edfef3d5-medium.jpg\",\"thumbnail\":\"/b2b2c/5.0/201601/6d7ffcc4-fc5e-4930-a063-e637edfef3d5-thumbnail.jpg\",\"order\":2}]',0,0,0,'20160101112',NULL,0,0,'台',0,'2017-06-16 00:02:21',0,'2017-06-16 00:02:21',150,4,41,1,10),
	(13,'2017-06-16 00:02:22','2017-09-18 12:47:30',1,'4-5英寸','电信3G',NULL,NULL,NULL,NULL,NULL,NULL,NULL,NULL,NULL,NULL,'单卡多模','Android',NULL,NULL,NULL,NULL,NULL,NULL,'时尚外观设计，4.5英寸显示屏',NULL,0,'/b2b2c/5.0/201601/8ad872a6-55f9-49b2-9575-1d079cd9aed6-thumbnail.jpg','<p><img src=\"/b2b2c/5.0/201601/bbbe4b80-0210-46d3-8323-a1e602b90399.png\"/></p>',b'0',b'1',b'1',b'1',b'0',NULL,720.000000,NULL,0,'2017-06-16 00:02:22',0,'2017-06-16 00:02:22','三星 G3559','[{\"group\":\"基本参数\",\"entries\":[{\"name\":\"操作系统\",\"value\":\"Android\"},{\"name\":\"核心数\",\"value\":\"双核\"},{\"name\":\"电池类型\",\"value\":\"锂电池\"}]},{\"group\":\"显示\",\"entries\":[{\"name\":\"屏幕尺寸\",\"value\":\"4.5英寸\"},{\"name\":\"触摸屏类型\",\"value\":\"电容屏、多点触控\"},{\"name\":\"分辨率\",\"value\":\"480 x 800\"}]},{\"group\":\"存储\",\"entries\":[{\"name\":\"运行内存\",\"value\":\"512MB\"},{\"name\":\"机身内存\",\"value\":\"4GB\"}]}]',600.000000,'[{\"source\":\"/b2b2c/5.0/201601/8ad872a6-55f9-49b2-9575-1d079cd9aed6-source.jpg\",\"large\":\"/b2b2c/5.0/201601/8ad872a6-55f9-49b2-9575-1d079cd9aed6-large.jpg\",\"medium\":\"/b2b2c/5.0/201601/8ad872a6-55f9-49b2-9575-1d079cd9aed6-medium.jpg\",\"thumbnail\":\"/b2b2c/5.0/201601/8ad872a6-55f9-49b2-9575-1d079cd9aed6-thumbnail.jpg\",\"order\":0},{\"source\":\"/b2b2c/5.0/201601/10d2e612-34c0-4598-96e7-5b75ad99d788-source.jpg\",\"large\":\"/b2b2c/5.0/201601/10d2e612-34c0-4598-96e7-5b75ad99d788-large.jpg\",\"medium\":\"/b2b2c/5.0/201601/10d2e612-34c0-4598-96e7-5b75ad99d788-medium.jpg\",\"thumbnail\":\"/b2b2c/5.0/201601/10d2e612-34c0-4598-96e7-5b75ad99d788-thumbnail.jpg\",\"order\":1}]',0,0,0,'20160101113',NULL,0,0,'台',0,'2017-06-16 00:02:22',0,'2017-06-16 00:02:22',280,2,41,1,9),
	(14,'2017-06-16 00:02:23','2017-09-19 14:05:37',2,'5-6英寸','联通4G',NULL,NULL,NULL,NULL,NULL,NULL,NULL,NULL,NULL,NULL,'单卡多模','Android',NULL,NULL,NULL,NULL,NULL,NULL,'手势感应，动态照片',NULL,1,'/b2b2c/5.0/201601/7d70f669-8373-41fe-b386-939a121c54b2-thumbnail.jpg','<p><img src=\"/b2b2c/5.0/201601/2783ccbd-19da-43a6-bf84-9a7599edfcac.png\"/></p>',b'0',b'1',b'1',b'1',b'0',NULL,2398.000000,NULL,1,'2017-09-19 14:05:37',0,'2017-06-16 00:02:23','三星 Galaxy S4 I9507V','[{\"group\":\"基本参数\",\"entries\":[{\"name\":\"操作系统\",\"value\":\"Android\"},{\"name\":\"CPU频率\",\"value\":\"1.9GHz\"},{\"name\":\"核心数\",\"value\":\"四核\"},{\"name\":\"电池类型\",\"value\":\"锂电池\"},{\"name\":\"电池容量\",\"value\":\"2600mAh\"}]},{\"group\":\"显示\",\"entries\":[{\"name\":\"屏幕尺寸\",\"value\":\"5.0英寸\"},{\"name\":\"触摸屏类型\",\"value\":\"电容屏、多点触控\"},{\"name\":\"分辨率\",\"value\":\"1920 x 1080\"}]},{\"group\":\"存储\",\"entries\":[{\"name\":\"运行内存\",\"value\":\"2GB\"},{\"name\":\"机身内存\",\"value\":\"16GB\"}]}]',1999.000000,'[{\"source\":\"/b2b2c/5.0/201601/7d70f669-8373-41fe-b386-939a121c54b2-source.jpg\",\"large\":\"/b2b2c/5.0/201601/7d70f669-8373-41fe-b386-939a121c54b2-large.jpg\",\"medium\":\"/b2b2c/5.0/201601/7d70f669-8373-41fe-b386-939a121c54b2-medium.jpg\",\"thumbnail\":\"/b2b2c/5.0/201601/7d70f669-8373-41fe-b386-939a121c54b2-thumbnail.jpg\",\"order\":0},{\"source\":\"/b2b2c/5.0/201601/b4b1f101-ae14-4ded-8064-01b56357de46-source.jpg\",\"large\":\"/b2b2c/5.0/201601/b4b1f101-ae14-4ded-8064-01b56357de46-large.jpg\",\"medium\":\"/b2b2c/5.0/201601/b4b1f101-ae14-4ded-8064-01b56357de46-medium.jpg\",\"thumbnail\":\"/b2b2c/5.0/201601/b4b1f101-ae14-4ded-8064-01b56357de46-thumbnail.jpg\",\"order\":1},{\"source\":\"/b2b2c/5.0/201601/b8307215-f3a1-47b0-afb9-cf1fbad7c2f3-source.jpg\",\"large\":\"/b2b2c/5.0/201601/b8307215-f3a1-47b0-afb9-cf1fbad7c2f3-large.jpg\",\"medium\":\"/b2b2c/5.0/201601/b8307215-f3a1-47b0-afb9-cf1fbad7c2f3-medium.jpg\",\"thumbnail\":\"/b2b2c/5.0/201601/b8307215-f3a1-47b0-afb9-cf1fbad7c2f3-thumbnail.jpg\",\"order\":2}]',0,0,0,'20160101114',NULL,0,0,'台',1,'2017-09-19 14:05:37',0,'2017-06-16 00:02:23',380,2,41,1,9),
	(15,'2017-06-16 00:02:24','2017-09-18 12:47:13',1,'5-6英寸','移动4G',NULL,NULL,NULL,NULL,NULL,NULL,NULL,NULL,NULL,NULL,'单卡单模','Android',NULL,NULL,NULL,NULL,NULL,NULL,'纤薄轻盈，流光镜面，极至美学',NULL,0,'/b2b2c/5.0/201601/d61e4a9e-ee3f-4508-ba8f-cd07539c4072-thumbnail.jpg','<p><img src=\"/b2b2c/5.0/201601/dfd20cb3-6fa4-4cb6-b520-fce24ff56808.png\"/></p>',b'0',b'1',b'1',b'1',b'0',NULL,3120.000000,NULL,0,'2017-06-16 00:02:24',0,'2017-06-16 00:02:24','OPPO R8007 R1S','[{\"group\":\"基本参数\",\"entries\":[{\"name\":\"操作系统\",\"value\":\"Android\"},{\"name\":\"CPU频率\",\"value\":\"1.6GHz\"},{\"name\":\"核心数\",\"value\":\"四核\"},{\"name\":\"电池类型\",\"value\":\"锂电池\"},{\"name\":\"电池容量\",\"value\":\"2410mAh\"}]},{\"group\":\"显示\",\"entries\":[{\"name\":\"屏幕尺寸\",\"value\":\"5.0英寸\"},{\"name\":\"触摸屏类型\",\"value\":\"电容屏、多点触控\"},{\"name\":\"分辨率\",\"value\":\"1280 x 720\"}]},{\"group\":\"存储\",\"entries\":[{\"name\":\"运行内存\",\"value\":\"1GB\"},{\"name\":\"机身内存\",\"value\":\"16GB\"}]}]',2600.000000,'[{\"source\":\"/b2b2c/5.0/201601/d61e4a9e-ee3f-4508-ba8f-cd07539c4072-source.jpg\",\"large\":\"/b2b2c/5.0/201601/d61e4a9e-ee3f-4508-ba8f-cd07539c4072-large.jpg\",\"medium\":\"/b2b2c/5.0/201601/d61e4a9e-ee3f-4508-ba8f-cd07539c4072-medium.jpg\",\"thumbnail\":\"/b2b2c/5.0/201601/d61e4a9e-ee3f-4508-ba8f-cd07539c4072-thumbnail.jpg\",\"order\":0},{\"source\":\"/b2b2c/5.0/201601/b2096975-ae1b-43d6-9a14-fd3b2a07b8e0-source.jpg\",\"large\":\"/b2b2c/5.0/201601/b2096975-ae1b-43d6-9a14-fd3b2a07b8e0-large.jpg\",\"medium\":\"/b2b2c/5.0/201601/b2096975-ae1b-43d6-9a14-fd3b2a07b8e0-medium.jpg\",\"thumbnail\":\"/b2b2c/5.0/201601/b2096975-ae1b-43d6-9a14-fd3b2a07b8e0-thumbnail.jpg\",\"order\":1},{\"source\":\"/b2b2c/5.0/201601/a5a3dd31-7f89-4030-91bf-a9eae461ef70-source.jpg\",\"large\":\"/b2b2c/5.0/201601/a5a3dd31-7f89-4030-91bf-a9eae461ef70-large.jpg\",\"medium\":\"/b2b2c/5.0/201601/a5a3dd31-7f89-4030-91bf-a9eae461ef70-medium.jpg\",\"thumbnail\":\"/b2b2c/5.0/201601/a5a3dd31-7f89-4030-91bf-a9eae461ef70-thumbnail.jpg\",\"order\":2}]',0,0,0,'20160101115',NULL,0,0,'台',0,'2017-06-16 00:02:24',0,'2017-06-16 00:02:24',380,NULL,41,1,8),
	(16,'2017-06-16 00:02:25','2017-09-18 12:46:47',1,'5-6英寸','电信4G',NULL,NULL,NULL,NULL,NULL,NULL,NULL,NULL,NULL,NULL,'双卡双模','Android',NULL,NULL,NULL,NULL,NULL,NULL,'至薄时尚外观，超强拍摄体验',NULL,0,'/b2b2c/5.0/201601/eb929582-aa50-4835-a3fd-bf518724b011-thumbnail.jpg','<p><img src=\"/b2b2c/5.0/201601/a0cd9b85-fe25-4069-89e0-a21700f8ce36.png\"/></p>',b'0',b'1',b'1',b'1',b'0',NULL,1920.000000,NULL,0,'2017-06-16 00:02:25',0,'2017-06-16 00:02:25','HTC Desire 816v','[{\"group\":\"基本参数\",\"entries\":[{\"name\":\"操作系统\",\"value\":\"Android\"},{\"name\":\"CPU频率\",\"value\":\"1.6GHz\"},{\"name\":\"核心数\",\"value\":\"四核\"},{\"name\":\"电池类型\",\"value\":\"锂电池\"},{\"name\":\"电池容量\",\"value\":\"2600mAh\"}]},{\"group\":\"显示\",\"entries\":[{\"name\":\"屏幕尺寸\",\"value\":\"5.5英寸\"},{\"name\":\"触摸屏类型\",\"value\":\"电容屏、多点触控\"},{\"name\":\"分辨率\",\"value\":\"1280 x 720\"}]},{\"group\":\"存储\",\"entries\":[{\"name\":\"运行内存\",\"value\":\"1.5GB\"},{\"name\":\"机身内存\",\"value\":\"8GB\"}]}]',1600.000000,'[{\"source\":\"/b2b2c/5.0/201601/eb929582-aa50-4835-a3fd-bf518724b011-source.jpg\",\"large\":\"/b2b2c/5.0/201601/eb929582-aa50-4835-a3fd-bf518724b011-large.jpg\",\"medium\":\"/b2b2c/5.0/201601/eb929582-aa50-4835-a3fd-bf518724b011-medium.jpg\",\"thumbnail\":\"/b2b2c/5.0/201601/eb929582-aa50-4835-a3fd-bf518724b011-thumbnail.jpg\",\"order\":0},{\"source\":\"/b2b2c/5.0/201601/7a8b02b1-461d-4456-b006-405b3fdfa443-source.jpg\",\"large\":\"/b2b2c/5.0/201601/7a8b02b1-461d-4456-b006-405b3fdfa443-large.jpg\",\"medium\":\"/b2b2c/5.0/201601/7a8b02b1-461d-4456-b006-405b3fdfa443-medium.jpg\",\"thumbnail\":\"/b2b2c/5.0/201601/7a8b02b1-461d-4456-b006-405b3fdfa443-thumbnail.jpg\",\"order\":1}]',0,0,0,'20160101116',NULL,0,0,'台',0,'2017-06-16 00:02:25',0,'2017-06-16 00:02:25',380,NULL,41,1,15),
	(17,'2017-06-16 00:02:26','2017-09-18 10:32:55',1,'5-6英寸','联通4G',NULL,NULL,NULL,NULL,NULL,NULL,NULL,NULL,NULL,NULL,'双卡多模','Android',NULL,NULL,NULL,NULL,NULL,NULL,'4G双网双通全兼容，5.5英寸高清屏幕',NULL,0,'/b2b2c/5.0/201601/296785e4-1b10-4676-bc20-7b4d76a6f86a-thumbnail.jpg','<p><img src=\"/b2b2c/5.0/201601/ff51ac5c-ffca-408a-983d-7d6de462d314.png\"/></p>',b'0',b'1',b'1',b'1',b'0',NULL,2160.000000,NULL,0,'2017-06-16 00:02:26',0,'2017-06-16 00:02:26','HTC Desire 820u','[{\"group\":\"基本参数\",\"entries\":[{\"name\":\"操作系统\",\"value\":\"Android\"},{\"name\":\"CPU频率\",\"value\":\"1.5GHz\"},{\"name\":\"核心数\",\"value\":\"八核\"},{\"name\":\"电池类型\",\"value\":\"锂电池\"},{\"name\":\"电池容量\",\"value\":\"2600mAh\"}]},{\"group\":\"显示\",\"entries\":[{\"name\":\"屏幕尺寸\",\"value\":\"5.5英寸\"},{\"name\":\"触摸屏类型\",\"value\":\"电容屏、多点触控\"},{\"name\":\"分辨率\",\"value\":\"1280 x 720\"}]},{\"group\":\"存储\",\"entries\":[{\"name\":\"运行内存\",\"value\":\"2GB\"},{\"name\":\"机身内存\",\"value\":\"16GB\"}]}]',1800.000000,'[{\"source\":\"/b2b2c/5.0/201601/296785e4-1b10-4676-bc20-7b4d76a6f86a-source.jpg\",\"large\":\"/b2b2c/5.0/201601/296785e4-1b10-4676-bc20-7b4d76a6f86a-large.jpg\",\"medium\":\"/b2b2c/5.0/201601/296785e4-1b10-4676-bc20-7b4d76a6f86a-medium.jpg\",\"thumbnail\":\"/b2b2c/5.0/201601/296785e4-1b10-4676-bc20-7b4d76a6f86a-thumbnail.jpg\",\"order\":0},{\"source\":\"/b2b2c/5.0/201601/b3fdf430-9d7f-4ab8-81b8-e941f15d0da9-source.jpg\",\"large\":\"/b2b2c/5.0/201601/b3fdf430-9d7f-4ab8-81b8-e941f15d0da9-large.jpg\",\"medium\":\"/b2b2c/5.0/201601/b3fdf430-9d7f-4ab8-81b8-e941f15d0da9-medium.jpg\",\"thumbnail\":\"/b2b2c/5.0/201601/b3fdf430-9d7f-4ab8-81b8-e941f15d0da9-thumbnail.jpg\",\"order\":1}]',0,0,0,'20160101117',NULL,0,0,'台',0,'2017-06-16 00:02:26',0,'2017-06-16 00:02:26',340,NULL,41,1,15),
	(18,'2017-06-16 00:02:27','2017-09-18 15:40:57',2,'5-6英寸','移动3G',NULL,NULL,NULL,NULL,NULL,NULL,NULL,NULL,NULL,NULL,'双卡多模','Android',NULL,NULL,NULL,NULL,NULL,NULL,'智能、便捷、人性化',NULL,1,'/b2b2c/5.0/201601/d959ab2a-caf9-4a5e-94ff-193d6e561a4d-thumbnail.jpg','<p><img src=\"/b2b2c/5.0/201601/95ec584e-a469-4c03-acba-c2b58f6a3529.png\"/></p>',b'0',b'1',b'1',b'1',b'0',NULL,720.000000,NULL,1,'2017-09-18 15:40:57',0,'2017-06-16 00:02:27','酷派 8670','[{\"group\":\"基本参数\",\"entries\":[{\"name\":\"操作系统\",\"value\":\"Android\"},{\"name\":\"CPU频率\",\"value\":\"1.2GHz\"},{\"name\":\"核心数\",\"value\":\"四核\"},{\"name\":\"电池类型\",\"value\":\"锂电池\"},{\"name\":\"电池容量\",\"value\":\"2500mAh\"}]},{\"group\":\"显示\",\"entries\":[{\"name\":\"屏幕尺寸\",\"value\":\"5.5英寸\"},{\"name\":\"触摸屏类型\",\"value\":\"电容屏、多点触控\"},{\"name\":\"分辨率\",\"value\":\"960 x 540\"}]},{\"group\":\"存储\",\"entries\":[{\"name\":\"运行内存\",\"value\":\"1GB\"},{\"name\":\"机身内存\",\"value\":\"4GB\"}]}]',600.000000,'[{\"source\":\"/b2b2c/5.0/201601/d959ab2a-caf9-4a5e-94ff-193d6e561a4d-source.jpg\",\"large\":\"/b2b2c/5.0/201601/d959ab2a-caf9-4a5e-94ff-193d6e561a4d-large.jpg\",\"medium\":\"/b2b2c/5.0/201601/d959ab2a-caf9-4a5e-94ff-193d6e561a4d-medium.jpg\",\"thumbnail\":\"/b2b2c/5.0/201601/d959ab2a-caf9-4a5e-94ff-193d6e561a4d-thumbnail.jpg\",\"order\":0},{\"source\":\"/b2b2c/5.0/201601/4c4c6bca-dbc7-45b7-990d-3939196170ba-source.jpg\",\"large\":\"/b2b2c/5.0/201601/4c4c6bca-dbc7-45b7-990d-3939196170ba-large.jpg\",\"medium\":\"/b2b2c/5.0/201601/4c4c6bca-dbc7-45b7-990d-3939196170ba-medium.jpg\",\"thumbnail\":\"/b2b2c/5.0/201601/4c4c6bca-dbc7-45b7-990d-3939196170ba-thumbnail.jpg\",\"order\":1},{\"source\":\"/b2b2c/5.0/201601/2eaf7a6b-6ef1-496d-a9e9-18028252d5a9-source.jpg\",\"large\":\"/b2b2c/5.0/201601/2eaf7a6b-6ef1-496d-a9e9-18028252d5a9-large.jpg\",\"medium\":\"/b2b2c/5.0/201601/2eaf7a6b-6ef1-496d-a9e9-18028252d5a9-medium.jpg\",\"thumbnail\":\"/b2b2c/5.0/201601/2eaf7a6b-6ef1-496d-a9e9-18028252d5a9-thumbnail.jpg\",\"order\":2},{\"source\":\"/b2b2c/5.0/201601/602eb249-afdb-4e8e-8d27-d1e26e828f41-source.jpg\",\"large\":\"/b2b2c/5.0/201601/602eb249-afdb-4e8e-8d27-d1e26e828f41-large.jpg\",\"medium\":\"/b2b2c/5.0/201601/602eb249-afdb-4e8e-8d27-d1e26e828f41-medium.jpg\",\"thumbnail\":\"/b2b2c/5.0/201601/602eb249-afdb-4e8e-8d27-d1e26e828f41-thumbnail.jpg\",\"order\":3}]',0,0,0,'20160101118',NULL,0,0,'台',1,'2017-09-18 15:40:57',0,'2017-06-16 00:02:27',460,NULL,41,1,13),
	(19,'2017-06-16 00:02:28','2017-09-18 09:51:19',1,'4-5英寸','移动3G',NULL,NULL,NULL,NULL,NULL,NULL,NULL,NULL,NULL,NULL,'双卡双模','Android',NULL,NULL,NULL,NULL,NULL,NULL,'1300万堆栈式摄像头，丰富拍照功能',NULL,0,'/b2b2c/5.0/201601/36191a74-0fc6-400e-8b1c-0e5cc6f4ed88-thumbnail.jpg','<p><img src=\"/b2b2c/5.0/201601/fc56c593-98a6-49e7-8716-3ffe10b38c32.png\"/></p>',b'0',b'1',b'1',b'1',b'0',NULL,960.000000,NULL,0,'2017-06-16 00:02:28',0,'2017-06-16 00:02:28','酷派 8908','[{\"group\":\"基本参数\",\"entries\":[{\"name\":\"操作系统\",\"value\":\"Android\"},{\"name\":\"CPU频率\",\"value\":\"1.2GHz\"},{\"name\":\"核心数\",\"value\":\"四核\"},{\"name\":\"电池类型\",\"value\":\"锂电池\"},{\"name\":\"电池容量\",\"value\":\"1720mAh\"}]},{\"group\":\"显示\",\"entries\":[{\"name\":\"屏幕尺寸\",\"value\":\"4.5英寸\"},{\"name\":\"触摸屏类型\",\"value\":\"电容屏、多点触控\"},{\"name\":\"分辨率\",\"value\":\"1280 x 720\"}]},{\"group\":\"存储\",\"entries\":[{\"name\":\"运行内存\",\"value\":\"1GB\"},{\"name\":\"机身内存\",\"value\":\"16GB\"}]}]',800.000000,'[{\"source\":\"/b2b2c/5.0/201601/36191a74-0fc6-400e-8b1c-0e5cc6f4ed88-source.jpg\",\"large\":\"/b2b2c/5.0/201601/36191a74-0fc6-400e-8b1c-0e5cc6f4ed88-large.jpg\",\"medium\":\"/b2b2c/5.0/201601/36191a74-0fc6-400e-8b1c-0e5cc6f4ed88-medium.jpg\",\"thumbnail\":\"/b2b2c/5.0/201601/36191a74-0fc6-400e-8b1c-0e5cc6f4ed88-thumbnail.jpg\",\"order\":0},{\"source\":\"/b2b2c/5.0/201601/51e99884-48d1-486b-8217-773108b1bf0f-source.jpg\",\"large\":\"/b2b2c/5.0/201601/51e99884-48d1-486b-8217-773108b1bf0f-large.jpg\",\"medium\":\"/b2b2c/5.0/201601/51e99884-48d1-486b-8217-773108b1bf0f-medium.jpg\",\"thumbnail\":\"/b2b2c/5.0/201601/51e99884-48d1-486b-8217-773108b1bf0f-thumbnail.jpg\",\"order\":1}]',0,0,0,'20160101119',NULL,0,0,'台',0,'2017-06-16 00:02:28',0,'2017-06-16 00:02:28',500,NULL,41,1,13),
	(20,'2017-06-16 00:02:29','2017-09-25 09:13:43',2,'5-6英寸','联通4G',NULL,NULL,NULL,NULL,NULL,NULL,NULL,NULL,NULL,NULL,'双卡多模','Android',NULL,NULL,NULL,NULL,NULL,NULL,'64位处理理，性能强劲',NULL,0,'/b2b2c/5.0/201601/c06f23b9-699a-4582-80b0-72b1f7542dcc-thumbnail.jpg','<p><img src=\"/b2b2c/5.0/201601/1f648178-fa9a-4be8-81cb-53b4de76a525.png\"/></p>',b'0',b'1',b'1',b'1',b'0','zte',1198.800000,NULL,0,'2017-06-16 00:02:29',0,'2017-06-16 00:02:29','中兴 V5 Max','[{\"group\":\"基本参数\",\"entries\":[{\"name\":\"操作系统\",\"value\":\"Android\"},{\"name\":\"CPU频率\",\"value\":\"1.2GHz\"},{\"name\":\"核心数\",\"value\":\"四核\"},{\"name\":\"电池类型\",\"value\":\"锂电池\"},{\"name\":\"电池容量\",\"value\":\"3100mAh\"}]},{\"group\":\"显示\",\"entries\":[{\"name\":\"屏幕尺寸\",\"value\":\"5.5英寸\"},{\"name\":\"触摸屏类型\",\"value\":\"电容屏、多点触控\"},{\"name\":\"分辨率\",\"value\":\"1280 x 720\"}]},{\"group\":\"存储\",\"entries\":[{\"name\":\"运行内存\",\"value\":\"2GB\"},{\"name\":\"机身内存\",\"value\":\"16GB\"}]}]',999.000000,'[{\"source\":\"/b2b2c/5.0/201601/c06f23b9-699a-4582-80b0-72b1f7542dcc-source.jpg\",\"large\":\"/b2b2c/5.0/201601/c06f23b9-699a-4582-80b0-72b1f7542dcc-large.jpg\",\"medium\":\"/b2b2c/5.0/201601/c06f23b9-699a-4582-80b0-72b1f7542dcc-medium.jpg\",\"thumbnail\":\"/b2b2c/5.0/201601/c06f23b9-699a-4582-80b0-72b1f7542dcc-thumbnail.jpg\",\"order\":0},{\"source\":\"/b2b2c/5.0/201601/b42c6794-b8fa-4d2a-9611-1dbc2cbe5a7a-source.jpg\",\"large\":\"/b2b2c/5.0/201601/b42c6794-b8fa-4d2a-9611-1dbc2cbe5a7a-large.jpg\",\"medium\":\"/b2b2c/5.0/201601/b42c6794-b8fa-4d2a-9611-1dbc2cbe5a7a-medium.jpg\",\"thumbnail\":\"/b2b2c/5.0/201601/b42c6794-b8fa-4d2a-9611-1dbc2cbe5a7a-thumbnail.jpg\",\"order\":1}]',0,0,0,'20160101120',NULL,0,0,'台',0,'2017-06-16 00:02:29',0,'2017-06-16 00:02:29',340,NULL,41,1,14),
	(21,'2017-06-16 00:02:30','2017-09-21 17:49:06',1,'1500-1800万','10倍',NULL,NULL,NULL,NULL,NULL,NULL,NULL,NULL,NULL,NULL,'光学防抖','伸缩式',NULL,NULL,NULL,NULL,NULL,NULL,'2000万有效像素，24mm广角',NULL,2,'/b2b2c/5.0/201601/44cbbe8b-dcae-46d1-9606-746455b61905-thumbnail.jpg','<p><img src=\"/b2b2c/5.0/201601/8323e424-8660-4713-817b-e551fae2cc26.png\"/></p>',b'1',b'1',b'1',b'1',b'0','canon',1078.000000,NULL,2,'2017-09-21 17:49:06',0,'2017-06-16 00:02:30','佳能 IXUS 155','[{\"group\":\"基本参数\",\"entries\":[{\"name\":\"有效像素\",\"value\":\"1600万\"},{\"name\":\"显示屏尺寸\",\"value\":\"2.7英寸\"},{\"name\":\"储存介质\",\"value\":\"SD、SDHC、SDXC\"},{\"name\":\"电池类型\",\"value\":\"锂电池\"}]},{\"group\":\"镜头\",\"entries\":[{\"name\":\"镜头类型\",\"value\":\"伸缩式\"},{\"name\":\"变焦方式\",\"value\":\"光学变焦\"},{\"name\":\"对焦方式\",\"value\":\"自动对焦\"},{\"name\":\"焦距\",\"value\":\"24 - 240mm\"}]},{\"group\":\"曝光\",\"entries\":[{\"name\":\"曝光模式\",\"value\":\"自动曝光\"},{\"name\":\"ISO感光度\",\"value\":\"自动、ISO100 - ISO1600\"},{\"name\":\"白平衡模式\",\"value\":\"自动\"},{\"name\":\"场景模式\",\"value\":\"自动/程序/实时显示控制/人像/面部优先自拍/低光照/鱼眼效果/微缩景观\"}]}]',899.000000,'[{\"source\":\"/b2b2c/5.0/201601/44cbbe8b-dcae-46d1-9606-746455b61905-source.jpg\",\"large\":\"/b2b2c/5.0/201601/44cbbe8b-dcae-46d1-9606-746455b61905-large.jpg\",\"medium\":\"/b2b2c/5.0/201601/44cbbe8b-dcae-46d1-9606-746455b61905-medium.jpg\",\"thumbnail\":\"/b2b2c/5.0/201601/44cbbe8b-dcae-46d1-9606-746455b61905-thumbnail.jpg\",\"order\":1},{\"source\":\"/b2b2c/5.0/201601/d282068c-7d49-438f-a5e2-2649c82e9efd-source.jpg\",\"large\":\"/b2b2c/5.0/201601/d282068c-7d49-438f-a5e2-2649c82e9efd-large.jpg\",\"medium\":\"/b2b2c/5.0/201601/d282068c-7d49-438f-a5e2-2649c82e9efd-medium.jpg\",\"thumbnail\":\"/b2b2c/5.0/201601/d282068c-7d49-438f-a5e2-2649c82e9efd-thumbnail.jpg\",\"order\":2}]',0,0,0,'20160101121','[]',0,0,'台',2,'2017-09-21 17:49:06',0,'2017-06-16 00:02:30',400,6,49,2,20),
	(22,'2017-06-16 00:02:31','2017-06-16 00:02:31',0,'1500-1800万','12倍',NULL,NULL,NULL,NULL,NULL,NULL,NULL,NULL,NULL,NULL,'光学防抖','伸缩式',NULL,NULL,NULL,NULL,NULL,NULL,'高速自动对焦，遥控拍摄',NULL,0,'/b2b2c/5.0/201601/b773a9c1-8fef-4e48-ba82-ef433924b712-thumbnail.jpg','<p><img src=\"/b2b2c/5.0/201601/1b805236-ef7c-4e56-b6ac-afbbd775b43c.png\"/></p>',b'1',b'1',b'1',b'1',b'0','canon',1198.000000,NULL,0,'2017-06-16 00:02:31',0,'2017-06-16 00:02:31','佳能 IXUS 265','[{\"group\":\"基本参数\",\"entries\":[{\"name\":\"有效像素\",\"value\":\"1600万\"},{\"name\":\"显示屏尺寸\",\"value\":\"3.0英寸\"},{\"name\":\"储存介质\",\"value\":\"SD、SDHC、SDXC\"},{\"name\":\"电池类型\",\"value\":\"锂电池\"}]},{\"group\":\"镜头\",\"entries\":[{\"name\":\"镜头类型\",\"value\":\"伸缩式\"},{\"name\":\"变焦方式\",\"value\":\"光学变焦\"},{\"name\":\"对焦方式\",\"value\":\"自动对焦\"},{\"name\":\"焦距\",\"value\":\"25 - 300mm\"},{\"name\":\"微距\",\"value\":\"1 -50cm\"}]},{\"group\":\"曝光\",\"entries\":[{\"name\":\"ISO感光度\",\"value\":\"自动、ISO100 - ISO3200\"},{\"name\":\"白平衡模式\",\"value\":\"自动\"},{\"name\":\"场景模式\",\"value\":\"自动/混合式自动/程序/创意拍摄/人像/自动快门（笑脸/眨眼自拍/面部优先 自拍）/高速连拍/手持拍夜景/低光照/鱼眼效果/微缩景观效果/玩具相机 效果/单色/极鲜艳色彩/海报效果/雪景/焰火/慢速快门\"}]}]',999.000000,'[{\"source\":\"/b2b2c/5.0/201601/b773a9c1-8fef-4e48-ba82-ef433924b712-source.jpg\",\"large\":\"/b2b2c/5.0/201601/b773a9c1-8fef-4e48-ba82-ef433924b712-large.jpg\",\"medium\":\"/b2b2c/5.0/201601/b773a9c1-8fef-4e48-ba82-ef433924b712-medium.jpg\",\"thumbnail\":\"/b2b2c/5.0/201601/b773a9c1-8fef-4e48-ba82-ef433924b712-thumbnail.jpg\",\"order\":1}]',0,0,0,'20160101122','[]',0,0,'台',0,'2017-06-16 00:02:31',0,'2017-06-16 00:02:31',390,6,49,2,20),
	(23,'2017-06-16 00:02:32','2017-06-16 00:02:32',0,'1500-1800万','12倍',NULL,NULL,NULL,NULL,NULL,NULL,NULL,NULL,NULL,NULL,'光学防抖','伸缩式',NULL,NULL,NULL,NULL,NULL,NULL,'12倍光学变焦，24mm超广角',NULL,0,'/b2b2c/5.0/201601/842d4ce2-18dc-4065-9eef-dad06da9bef4-thumbnail.jpg','<p><img src=\"/b2b2c/5.0/201601/ba851690-002b-479b-96e9-59b0c93cf05d.png\"/></p>',b'1',b'1',b'1',b'1',b'0','samsung',1078.000000,NULL,0,'2017-06-16 00:02:32',0,'2017-06-16 00:02:32','三星 WB35F','[{\"group\":\"基本参数\",\"entries\":[{\"name\":\"有效像素\",\"value\":\"1600万\"},{\"name\":\"显示屏尺寸\",\"value\":\"2.7英寸\"},{\"name\":\"储存介质\",\"value\":\"SDSC、SDHC、SDXC\"},{\"name\":\"电池类型\",\"value\":\"锂电池\"}]},{\"group\":\"镜头\",\"entries\":[{\"name\":\"镜头类型\",\"value\":\"伸缩式\"},{\"name\":\"变焦方式\",\"value\":\"光学变焦\"},{\"name\":\"对焦方式\",\"value\":\"自动对焦\"},{\"name\":\"焦距\",\"value\":\"4.3 - 51.6mm\"},{\"name\":\"微距\",\"value\":\"5cm - 无限(广角)、 130cm - 无限(长焦)\"}]},{\"group\":\"曝光\",\"entries\":[{\"name\":\"曝光模式\",\"value\":\"程序AE\"},{\"name\":\"ISO感光度\",\"value\":\"自动、80、100、200、400、800、1600、3200\"},{\"name\":\"白平衡模式\",\"value\":\"自动\"}]}]',899.000000,'[{\"source\":\"/b2b2c/5.0/201601/842d4ce2-18dc-4065-9eef-dad06da9bef4-source.jpg\",\"large\":\"/b2b2c/5.0/201601/842d4ce2-18dc-4065-9eef-dad06da9bef4-large.jpg\",\"medium\":\"/b2b2c/5.0/201601/842d4ce2-18dc-4065-9eef-dad06da9bef4-medium.jpg\",\"thumbnail\":\"/b2b2c/5.0/201601/842d4ce2-18dc-4065-9eef-dad06da9bef4-thumbnail.jpg\",\"order\":1}]',0,0,0,'20160101123','[]',0,0,'台',0,'2017-06-16 00:02:32',0,'2017-06-16 00:02:32',310,2,49,2,20),
	(24,'2017-06-16 00:02:33','2017-11-06 15:57:16',3,'1500-1800万','20倍',NULL,NULL,NULL,NULL,NULL,NULL,NULL,NULL,NULL,NULL,'光学防抖','伸缩式',NULL,NULL,NULL,NULL,NULL,NULL,'时尚设计，便捷操作',NULL,1,'/b2b2c/5.0/201601/8f5b4f02-f716-4737-afa6-70606793ffc5-thumbnail.jpg','<p><img src=\"/b2b2c/5.0/201601/1d34a4c5-4639-4394-8a86-cb88210719ef.png\"/></p>',b'1',b'1',b'1',b'1',b'0','samsung',1800.000000,NULL,1,'2017-09-21 17:50:18',0,'2017-06-16 00:02:33','三星 WB351F','[{\"group\":\"基本参数\",\"entries\":[{\"name\":\"有效像素\",\"value\":\"1630万\"},{\"name\":\"显示屏尺寸\",\"value\":\"3.0英寸\"},{\"name\":\"储存介质\",\"value\":\"SD\"},{\"name\":\"电池类型\",\"value\":\"充电电池\"}]},{\"group\":\"镜头\",\"entries\":[{\"name\":\"镜头类型\",\"value\":\"伸缩式\"},{\"name\":\"变焦方式\",\"value\":\"光学变焦\"},{\"name\":\"对焦方式\",\"value\":\"自动对焦\"},{\"name\":\"焦距\",\"value\":\"4.1 - 86.1mm\"},{\"name\":\"微距\",\"value\":\"10 - 80cm(广角)、150 - 350cm(长焦)\"}]},{\"group\":\"曝光\",\"entries\":[{\"name\":\"曝光模式\",\"value\":\"程序AE、光圈优先AE、快门优先AE、手动曝光\"},{\"name\":\"ISO感光度\",\"value\":\"自动、80、100、200、400、800、1600、3200\"},{\"name\":\"白平衡模式\",\"value\":\"自动\"}]}]',1500.000000,'[{\"source\":\"/b2b2c/5.0/201601/8f5b4f02-f716-4737-afa6-70606793ffc5-source.jpg\",\"large\":\"/b2b2c/5.0/201601/8f5b4f02-f716-4737-afa6-70606793ffc5-large.jpg\",\"medium\":\"/b2b2c/5.0/201601/8f5b4f02-f716-4737-afa6-70606793ffc5-medium.jpg\",\"thumbnail\":\"/b2b2c/5.0/201601/8f5b4f02-f716-4737-afa6-70606793ffc5-thumbnail.jpg\",\"order\":1},{\"source\":\"/b2b2c/5.0/201601/0d8153c0-ff73-4c8a-889c-7ce8d1913f83-source.jpg\",\"large\":\"/b2b2c/5.0/201601/0d8153c0-ff73-4c8a-889c-7ce8d1913f83-large.jpg\",\"medium\":\"/b2b2c/5.0/201601/0d8153c0-ff73-4c8a-889c-7ce8d1913f83-medium.jpg\",\"thumbnail\":\"/b2b2c/5.0/201601/0d8153c0-ff73-4c8a-889c-7ce8d1913f83-thumbnail.jpg\",\"order\":2}]',0,0,1,'20160101124','[]',5,0,'台',1,'2017-09-21 17:50:18',0,'2017-06-16 00:02:33',400,2,49,2,20),
	(25,'2017-06-16 00:02:34','2017-11-06 15:55:23',1,'2000万以上','6倍',NULL,NULL,NULL,NULL,NULL,NULL,NULL,NULL,NULL,NULL,'光学防抖','伸缩式',NULL,NULL,NULL,NULL,NULL,NULL,'2010万有效像素，6倍光学变焦',NULL,1,'/b2b2c/5.0/201601/e44bc02b-e142-4fce-b88e-02b4ee8f392e-thumbnail.jpg','<p><img src=\"/b2b2c/5.0/201601/697fa3da-33ab-41a3-b8e5-92fed87c9f5c.png\"/></p>',b'1',b'1',b'1',b'1',b'0','sony',838.000000,NULL,1,'2017-06-16 00:02:34',0,'2017-06-16 00:02:34','索尼 DSC-W810','[{\"group\":\"基本参数\",\"entries\":[{\"name\":\"有效像素\",\"value\":\"2010万\"},{\"name\":\"显示屏尺寸\",\"value\":\"2.7英寸\"},{\"name\":\"电池类型\",\"value\":\"锂电池\"}]},{\"group\":\"镜头\",\"entries\":[{\"name\":\"镜头类型\",\"value\":\"伸缩式\"},{\"name\":\"变焦方式\",\"value\":\"光学变焦\"},{\"name\":\"对焦方式\",\"value\":\"自动对焦\"}]}]',699.000000,'[{\"source\":\"/b2b2c/5.0/201601/e44bc02b-e142-4fce-b88e-02b4ee8f392e-source.jpg\",\"large\":\"/b2b2c/5.0/201601/e44bc02b-e142-4fce-b88e-02b4ee8f392e-large.jpg\",\"medium\":\"/b2b2c/5.0/201601/e44bc02b-e142-4fce-b88e-02b4ee8f392e-medium.jpg\",\"thumbnail\":\"/b2b2c/5.0/201601/e44bc02b-e142-4fce-b88e-02b4ee8f392e-thumbnail.jpg\",\"order\":1}]',0,0,0,'20160101125','[]',0,0,'台',1,'2017-06-16 00:02:34',0,'2017-06-16 00:02:34',280,3,49,2,20),
	(26,'2017-06-16 00:02:35','2017-09-21 17:58:05',3,'11-12英寸','128GB',NULL,NULL,NULL,NULL,NULL,NULL,NULL,NULL,NULL,NULL,'4GB','非触摸屏',NULL,NULL,NULL,NULL,NULL,NULL,'超长电池使用时间，强劲性能',NULL,4,'/b2b2c/5.0/201601/0eb9dcf8-57fe-499a-aa59-73bfb8f4c1cb-thumbnail.jpg','<p><img src=\"/b2b2c/5.0/201601/5a6f5130-c729-41a8-a058-1e5ab8c53632.png\"/></p>',b'1',b'1',b'1',b'1',b'1','apple',6960.000000,NULL,4,'2017-09-21 17:58:05',0,'2017-06-16 00:02:35','苹果 MacBook Air MD711CH','[{\"group\":\"显示\",\"entries\":[{\"name\":\"屏幕尺寸\",\"value\":\"11英寸\"},{\"name\":\"显示比例\",\"value\":\"16:9\"},{\"name\":\"屏幕类型\",\"value\":\"LED\"},{\"name\":\"分辨率\",\"value\":\"1366 x 768\"}]},{\"group\":\"CPU\",\"entries\":[{\"name\":\"CPU类型\",\"value\":\"Intel Core i5\"},{\"name\":\"CPU频率\",\"value\":\"1.4GHz\"},{\"name\":\"CPU缓存\",\"value\":\"3MB\"}]},{\"group\":\"内存\",\"entries\":[{\"name\":\"内存容量\",\"value\":\"4GB\"},{\"name\":\"内存类型\",\"value\":\"DDR3 1600\"},{\"name\":\"最大支持容量\",\"value\":\"8GB\"}]}]',5800.000000,'[{\"source\":\"/b2b2c/5.0/201601/0eb9dcf8-57fe-499a-aa59-73bfb8f4c1cb-source.jpg\",\"large\":\"/b2b2c/5.0/201601/0eb9dcf8-57fe-499a-aa59-73bfb8f4c1cb-large.jpg\",\"medium\":\"/b2b2c/5.0/201601/0eb9dcf8-57fe-499a-aa59-73bfb8f4c1cb-medium.jpg\",\"thumbnail\":\"/b2b2c/5.0/201601/0eb9dcf8-57fe-499a-aa59-73bfb8f4c1cb-thumbnail.jpg\",\"order\":1},{\"source\":\"/b2b2c/5.0/201601/9f51971f-1c7a-4423-8333-a8d4205c0938-source.jpg\",\"large\":\"/b2b2c/5.0/201601/9f51971f-1c7a-4423-8333-a8d4205c0938-large.jpg\",\"medium\":\"/b2b2c/5.0/201601/9f51971f-1c7a-4423-8333-a8d4205c0938-medium.jpg\",\"thumbnail\":\"/b2b2c/5.0/201601/9f51971f-1c7a-4423-8333-a8d4205c0938-thumbnail.jpg\",\"order\":2},{\"source\":\"/b2b2c/5.0/201601/bb546580-73b4-4401-b425-d3ddc543a2f7-source.jpg\",\"large\":\"/b2b2c/5.0/201601/bb546580-73b4-4401-b425-d3ddc543a2f7-large.jpg\",\"medium\":\"/b2b2c/5.0/201601/bb546580-73b4-4401-b425-d3ddc543a2f7-medium.jpg\",\"thumbnail\":\"/b2b2c/5.0/201601/bb546580-73b4-4401-b425-d3ddc543a2f7-thumbnail.jpg\",\"order\":3}]',0,0,0,'20160101126','[]',0,0,'台',4,'2017-09-21 17:58:05',0,'2017-06-16 00:02:35',2600,1,79,2,17),
	(27,'2017-06-16 00:02:36','2017-10-16 11:17:39',2,'15-16英寸','256GB',NULL,NULL,NULL,NULL,NULL,NULL,NULL,NULL,NULL,NULL,'16GB','非触摸屏',NULL,NULL,NULL,NULL,NULL,NULL,'绚丽夺目，超强性能表现',NULL,2,'/b2b2c/5.0/201601/ee8f0d59-a38f-4e7b-8972-53a4f0349d24-thumbnail.jpg','<p><img src=\"/b2b2c/5.0/201601/e71742ca-8596-4247-8624-0b1de6c24e3a.png\"/></p>',b'1',b'1',b'1',b'1',b'1','apple',16560.000000,NULL,2,'2017-10-16 11:17:39',0,'2017-06-16 00:02:36','苹果 MacBook Pro MGXA2CH','[{\"group\":\"显示\",\"entries\":[{\"name\":\"屏幕尺寸\",\"value\":\"15.4英寸\"},{\"name\":\"显示比例\",\"value\":\"16:10\"},{\"name\":\"屏幕类型\",\"value\":\"LED\"},{\"name\":\"分辨率\",\"value\":\"2880 x 1800\"}]},{\"group\":\"CPU\",\"entries\":[{\"name\":\"CPU类型\",\"value\":\"Intel Core i7\"},{\"name\":\"CPU频率\",\"value\":\"2.2GHz\"},{\"name\":\"CPU缓存\",\"value\":\"6MB\"}]},{\"group\":\"内存\",\"entries\":[{\"name\":\"内存容量\",\"value\":\"16GB\"},{\"name\":\"内存类型\",\"value\":\"DDR3 1600\"},{\"name\":\"最大支持容量\",\"value\":\"16GB\"}]}]',13800.000000,'[{\"source\":\"/b2b2c/5.0/201601/ee8f0d59-a38f-4e7b-8972-53a4f0349d24-source.jpg\",\"large\":\"/b2b2c/5.0/201601/ee8f0d59-a38f-4e7b-8972-53a4f0349d24-large.jpg\",\"medium\":\"/b2b2c/5.0/201601/ee8f0d59-a38f-4e7b-8972-53a4f0349d24-medium.jpg\",\"thumbnail\":\"/b2b2c/5.0/201601/ee8f0d59-a38f-4e7b-8972-53a4f0349d24-thumbnail.jpg\",\"order\":1},{\"source\":\"/b2b2c/5.0/201601/1c0123f6-8cf7-49a7-a971-fbf45750e4d7-source.jpg\",\"large\":\"/b2b2c/5.0/201601/1c0123f6-8cf7-49a7-a971-fbf45750e4d7-large.jpg\",\"medium\":\"/b2b2c/5.0/201601/1c0123f6-8cf7-49a7-a971-fbf45750e4d7-medium.jpg\",\"thumbnail\":\"/b2b2c/5.0/201601/1c0123f6-8cf7-49a7-a971-fbf45750e4d7-thumbnail.jpg\",\"order\":2}]',0,0,0,'20160101127','[]',0,0,'台',1,'2017-10-16 11:17:39',0,'2017-06-16 00:02:36',3900,1,79,2,17),
	(28,'2017-06-16 00:02:37','2017-09-27 16:38:18',1,'15-16英寸','1TB',NULL,NULL,NULL,NULL,NULL,NULL,NULL,NULL,NULL,NULL,'4GB','触摸屏',NULL,NULL,NULL,NULL,NULL,NULL,'工艺精湛，360度自由翻转',NULL,1,'/b2b2c/5.0/201601/9da8b878-da95-4d48-9f0b-c6562dd8793a-thumbnail.jpg','<p><img src=\"/b2b2c/5.0/201601/dd61c5b7-0113-400b-8541-4d7284ec3310.png\"/></p>',b'1',b'1',b'1',b'1',b'1','asus',8160.000000,NULL,1,'2017-09-27 16:38:18',0,'2017-06-16 00:02:37','华硕 TP500LN','[{\"group\":\"显示\",\"entries\":[{\"name\":\"屏幕尺寸\",\"value\":\"15.6英寸\"},{\"name\":\"显示比例\",\"value\":\"16:9\"},{\"name\":\"屏幕类型\",\"value\":\"LED\"},{\"name\":\"分辨率\",\"value\":\"1920 x 1080\"}]},{\"group\":\"CPU\",\"entries\":[{\"name\":\"CPU类型\",\"value\":\"Intel Core i7\"},{\"name\":\"CPU频率\",\"value\":\"2.0GHz\"},{\"name\":\"CPU缓存\",\"value\":\"4MB\"}]},{\"group\":\"内存\",\"entries\":[{\"name\":\"内存容量\",\"value\":\"4GB\"},{\"name\":\"最大支持容量\",\"value\":\"12GB\"}]}]',6800.000000,'[{\"source\":\"/b2b2c/5.0/201601/9da8b878-da95-4d48-9f0b-c6562dd8793a-source.jpg\",\"large\":\"/b2b2c/5.0/201601/9da8b878-da95-4d48-9f0b-c6562dd8793a-large.jpg\",\"medium\":\"/b2b2c/5.0/201601/9da8b878-da95-4d48-9f0b-c6562dd8793a-medium.jpg\",\"thumbnail\":\"/b2b2c/5.0/201601/9da8b878-da95-4d48-9f0b-c6562dd8793a-thumbnail.jpg\",\"order\":1},{\"source\":\"/b2b2c/5.0/201601/4cc372f5-9729-41e5-bea3-c6f4eec3625b-source.jpg\",\"large\":\"/b2b2c/5.0/201601/4cc372f5-9729-41e5-bea3-c6f4eec3625b-large.jpg\",\"medium\":\"/b2b2c/5.0/201601/4cc372f5-9729-41e5-bea3-c6f4eec3625b-medium.jpg\",\"thumbnail\":\"/b2b2c/5.0/201601/4cc372f5-9729-41e5-bea3-c6f4eec3625b-thumbnail.jpg\",\"order\":2},{\"source\":\"/b2b2c/5.0/201601/154c6bff-9814-46b1-aaf1-2efacb1e96f0-source.jpg\",\"large\":\"/b2b2c/5.0/201601/154c6bff-9814-46b1-aaf1-2efacb1e96f0-large.jpg\",\"medium\":\"/b2b2c/5.0/201601/154c6bff-9814-46b1-aaf1-2efacb1e96f0-medium.jpg\",\"thumbnail\":\"/b2b2c/5.0/201601/154c6bff-9814-46b1-aaf1-2efacb1e96f0-thumbnail.jpg\",\"order\":3},{\"source\":\"/b2b2c/5.0/201601/49225d9c-181b-484b-aa63-becb6d3f9a2b-source.jpg\",\"large\":\"/b2b2c/5.0/201601/49225d9c-181b-484b-aa63-becb6d3f9a2b-large.jpg\",\"medium\":\"/b2b2c/5.0/201601/49225d9c-181b-484b-aa63-becb6d3f9a2b-medium.jpg\",\"thumbnail\":\"/b2b2c/5.0/201601/49225d9c-181b-484b-aa63-becb6d3f9a2b-thumbnail.jpg\",\"order\":4}]',0,0,0,'20160101128','[]',0,0,'台',1,'2017-09-27 16:38:18',0,'2017-06-16 00:02:37',3400,11,79,2,17),
	(29,'2017-06-16 00:02:38','2017-06-16 00:02:38',0,'15-16英寸','128GB',NULL,NULL,NULL,NULL,NULL,NULL,NULL,NULL,NULL,NULL,'8GB','非触摸屏',NULL,NULL,NULL,NULL,NULL,NULL,'轻薄设计，强劲续航',NULL,0,'/b2b2c/5.0/201601/bf15b3cc-77fd-44b8-b5ca-6ef070cc6d8d-thumbnail.jpg','<p><img src=\"/b2b2c/5.0/201601/7d89a6cb-f0d1-4941-b55f-70ff01ab9d28.png\"/></p>',b'1',b'1',b'1',b'1',b'1','samsung',14400.000000,NULL,0,'2017-06-16 00:02:38',0,'2017-06-16 00:02:38','三星 NP930X5J','[{\"group\":\"显示\",\"entries\":[{\"name\":\"屏幕尺寸\",\"value\":\"15英寸\"},{\"name\":\"显示比例\",\"value\":\"16:9\"},{\"name\":\"屏幕类型\",\"value\":\"LED\"},{\"name\":\"分辨率\",\"value\":\"1920 x 1080\"}]},{\"group\":\"CPU\",\"entries\":[{\"name\":\"CPU类型\",\"value\":\"Intel Core i5\"},{\"name\":\"CPU频率\",\"value\":\"1.6GHz\"},{\"name\":\"CPU缓存\",\"value\":\"3MB\"}]},{\"group\":\"内存\",\"entries\":[{\"name\":\"内存容量\",\"value\":\"8GB\"}]}]',12000.000000,'[{\"source\":\"/b2b2c/5.0/201601/bf15b3cc-77fd-44b8-b5ca-6ef070cc6d8d-source.jpg\",\"large\":\"/b2b2c/5.0/201601/bf15b3cc-77fd-44b8-b5ca-6ef070cc6d8d-large.jpg\",\"medium\":\"/b2b2c/5.0/201601/bf15b3cc-77fd-44b8-b5ca-6ef070cc6d8d-medium.jpg\",\"thumbnail\":\"/b2b2c/5.0/201601/bf15b3cc-77fd-44b8-b5ca-6ef070cc6d8d-thumbnail.jpg\",\"order\":1},{\"source\":\"/b2b2c/5.0/201601/1d088b13-7a3d-450a-be35-f40013ef1304-source.jpg\",\"large\":\"/b2b2c/5.0/201601/1d088b13-7a3d-450a-be35-f40013ef1304-large.jpg\",\"medium\":\"/b2b2c/5.0/201601/1d088b13-7a3d-450a-be35-f40013ef1304-medium.jpg\",\"thumbnail\":\"/b2b2c/5.0/201601/1d088b13-7a3d-450a-be35-f40013ef1304-thumbnail.jpg\",\"order\":2},{\"source\":\"/b2b2c/5.0/201601/c34ecf32-0917-4bd6-8f22-264ea8d4dde7-source.jpg\",\"large\":\"/b2b2c/5.0/201601/c34ecf32-0917-4bd6-8f22-264ea8d4dde7-large.jpg\",\"medium\":\"/b2b2c/5.0/201601/c34ecf32-0917-4bd6-8f22-264ea8d4dde7-medium.jpg\",\"thumbnail\":\"/b2b2c/5.0/201601/c34ecf32-0917-4bd6-8f22-264ea8d4dde7-thumbnail.jpg\",\"order\":3}]',0,0,0,'20160101129','[]',0,0,'台',0,'2017-06-16 00:02:38',0,'2017-06-16 00:02:38',3000,2,79,2,17),
	(30,'2017-06-16 00:02:39','2017-09-21 14:00:21',1,'14-15英寸','500GB',NULL,NULL,NULL,NULL,NULL,NULL,NULL,NULL,NULL,NULL,'4GB','非触摸屏',NULL,NULL,NULL,NULL,NULL,NULL,'2G独立显卡，时尚轻薄',NULL,1,'/b2b2c/5.0/201601/03c8560a-bac4-473d-b46f-387a927b3218-thumbnail.jpg','<p><img src=\"/b2b2c/5.0/201601/e6057308-e3ca-4f98-b508-27780c99def9.png\"/></p>',b'1',b'1',b'1',b'1',b'1','samsung',3360.000000,NULL,1,'2017-09-21 14:00:21',0,'2017-06-16 00:02:39','三星 NP455R4J','[{\"group\":\"显示\",\"entries\":[{\"name\":\"屏幕尺寸\",\"value\":\"14.0英寸\"},{\"name\":\"显示比例\",\"value\":\"16:9\"},{\"name\":\"屏幕类型\",\"value\":\"LED\"},{\"name\":\"分辨率\",\"value\":\"1366 x 768\"}]},{\"group\":\"CPU\",\"entries\":[{\"name\":\"CPU类型\",\"value\":\"AMD 四核\"},{\"name\":\"CPU频率\",\"value\":\"1.8GHz\"},{\"name\":\"CPU缓存\",\"value\":\"2MB\"}]},{\"group\":\"内存\",\"entries\":[{\"name\":\"内存容量\",\"value\":\"4GB\"}]}]',2800.000000,'[{\"source\":\"/b2b2c/5.0/201601/03c8560a-bac4-473d-b46f-387a927b3218-source.jpg\",\"large\":\"/b2b2c/5.0/201601/03c8560a-bac4-473d-b46f-387a927b3218-large.jpg\",\"medium\":\"/b2b2c/5.0/201601/03c8560a-bac4-473d-b46f-387a927b3218-medium.jpg\",\"thumbnail\":\"/b2b2c/5.0/201601/03c8560a-bac4-473d-b46f-387a927b3218-thumbnail.jpg\",\"order\":1},{\"source\":\"/b2b2c/5.0/201601/6a6c522c-edac-4dc7-bd0b-dbcfca70e2b1-source.jpg\",\"large\":\"/b2b2c/5.0/201601/6a6c522c-edac-4dc7-bd0b-dbcfca70e2b1-large.jpg\",\"medium\":\"/b2b2c/5.0/201601/6a6c522c-edac-4dc7-bd0b-dbcfca70e2b1-medium.jpg\",\"thumbnail\":\"/b2b2c/5.0/201601/6a6c522c-edac-4dc7-bd0b-dbcfca70e2b1-thumbnail.jpg\",\"order\":2},{\"source\":\"/b2b2c/5.0/201601/0558c9b6-0d99-4979-b4e3-b65697fff12f-source.jpg\",\"large\":\"/b2b2c/5.0/201601/0558c9b6-0d99-4979-b4e3-b65697fff12f-large.jpg\",\"medium\":\"/b2b2c/5.0/201601/0558c9b6-0d99-4979-b4e3-b65697fff12f-medium.jpg\",\"thumbnail\":\"/b2b2c/5.0/201601/0558c9b6-0d99-4979-b4e3-b65697fff12f-thumbnail.jpg\",\"order\":3}]',0,0,0,'20160101130','[]',0,0,'台',1,'2017-09-21 14:00:21',0,'2017-06-16 00:02:39',2200,2,79,2,17),
	(31,'2017-06-16 00:02:40','2017-06-16 00:02:40',0,'9-10英寸','16GB',NULL,NULL,NULL,NULL,NULL,NULL,NULL,NULL,NULL,NULL,'iOS',NULL,NULL,NULL,NULL,NULL,NULL,NULL,'纤薄金属机身',NULL,0,'/b2b2c/5.0/201601/7ebc7264-e5e6-4681-a80b-6cdbd90272cc-thumbnail.jpg','<p><img src=\"/b2b2c/5.0/201601/16904cd7-f516-410f-b0c5-1661138f1eef.png\"/></p>',b'1',b'1',b'1',b'1',b'0','apple',3456.000000,NULL,0,'2017-06-16 00:02:40',0,'2017-06-16 00:02:40','苹果 iPad Air MD785CH','[{\"group\":\"显示\",\"entries\":[{\"name\":\"屏幕尺寸\",\"value\":\"9.7英寸\"},{\"name\":\"显示比例\",\"value\":\"4:3\"},{\"name\":\"屏幕类型\",\"value\":\"IPS\"},{\"name\":\"分辨率\",\"value\":\"2048 x 1536\"}]},{\"group\":\"连接\",\"entries\":[{\"name\":\"WiFi\",\"value\":\"支持\"},{\"name\":\"3G\",\"value\":\"不支持\"},{\"name\":\"蓝牙\",\"value\":\"支持\"}]},{\"group\":\"电池\",\"entries\":[{\"name\":\"电池类型\",\"value\":\"锂电池\"},{\"name\":\"电池容量\",\"value\":\"32.4Whr\"},{\"name\":\"续航时间\",\"value\":\"10小时\"}]}]',2880.000000,'[{\"source\":\"/b2b2c/5.0/201601/7ebc7264-e5e6-4681-a80b-6cdbd90272cc-source.jpg\",\"large\":\"/b2b2c/5.0/201601/7ebc7264-e5e6-4681-a80b-6cdbd90272cc-large.jpg\",\"medium\":\"/b2b2c/5.0/201601/7ebc7264-e5e6-4681-a80b-6cdbd90272cc-medium.jpg\",\"thumbnail\":\"/b2b2c/5.0/201601/7ebc7264-e5e6-4681-a80b-6cdbd90272cc-thumbnail.jpg\",\"order\":1},{\"source\":\"/b2b2c/5.0/201601/6fdd7dd9-a462-4f66-8640-c3107166cce9-source.jpg\",\"large\":\"/b2b2c/5.0/201601/6fdd7dd9-a462-4f66-8640-c3107166cce9-large.jpg\",\"medium\":\"/b2b2c/5.0/201601/6fdd7dd9-a462-4f66-8640-c3107166cce9-medium.jpg\",\"thumbnail\":\"/b2b2c/5.0/201601/6fdd7dd9-a462-4f66-8640-c3107166cce9-thumbnail.jpg\",\"order\":2}]',0,0,0,'20160101131','[]',0,0,'台',0,'2017-06-16 00:02:40',0,'2017-06-16 00:02:40',820,1,82,2,16),
	(32,'2017-06-16 00:02:41','2017-06-16 00:02:41',0,'7-8英寸','16GB',NULL,NULL,NULL,NULL,NULL,NULL,NULL,NULL,NULL,NULL,'iOS',NULL,NULL,NULL,NULL,NULL,NULL,NULL,'配备64位构架的A7芯片',NULL,0,'/b2b2c/5.0/201601/5c5195a8-4861-4161-a9f5-9ecbb0a70596-thumbnail.jpg','<p><img src=\"/b2b2c/5.0/201601/05da6e1c-d10c-4e7c-b8d4-ca5a955f13ec.png\"/></p>',b'1',b'1',b'1',b'1',b'0','apple',2640.000000,NULL,0,'2017-06-16 00:02:41',0,'2017-06-16 00:02:41','苹果 iPad mini ME279CH','[{\"group\":\"显示\",\"entries\":[{\"name\":\"屏幕尺寸\",\"value\":\"7.9英寸\"},{\"name\":\"屏幕类型\",\"value\":\"IPS\"},{\"name\":\"分辨率\",\"value\":\"2048 x 1536\"}]},{\"group\":\"连接\",\"entries\":[{\"name\":\"WiFi\",\"value\":\"支持\"},{\"name\":\"3G\",\"value\":\"不支持\"},{\"name\":\"蓝牙\",\"value\":\"支持\"}]},{\"group\":\"电池\",\"entries\":[{\"name\":\"电池类型\",\"value\":\"锂电池\"},{\"name\":\"电池容量\",\"value\":\"23.8Whr\"},{\"name\":\"续航时间\",\"value\":\"10小时\"}]}]',2200.000000,'[{\"source\":\"/b2b2c/5.0/201601/5c5195a8-4861-4161-a9f5-9ecbb0a70596-source.jpg\",\"large\":\"/b2b2c/5.0/201601/5c5195a8-4861-4161-a9f5-9ecbb0a70596-large.jpg\",\"medium\":\"/b2b2c/5.0/201601/5c5195a8-4861-4161-a9f5-9ecbb0a70596-medium.jpg\",\"thumbnail\":\"/b2b2c/5.0/201601/5c5195a8-4861-4161-a9f5-9ecbb0a70596-thumbnail.jpg\",\"order\":1},{\"source\":\"/b2b2c/5.0/201601/831cec8a-0ef8-4680-9d8f-0f1b277e8702-source.jpg\",\"large\":\"/b2b2c/5.0/201601/831cec8a-0ef8-4680-9d8f-0f1b277e8702-large.jpg\",\"medium\":\"/b2b2c/5.0/201601/831cec8a-0ef8-4680-9d8f-0f1b277e8702-medium.jpg\",\"thumbnail\":\"/b2b2c/5.0/201601/831cec8a-0ef8-4680-9d8f-0f1b277e8702-thumbnail.jpg\",\"order\":2},{\"source\":\"/b2b2c/5.0/201601/81407540-b192-490a-9c7d-331c0a54cfe7-source.jpg\",\"large\":\"/b2b2c/5.0/201601/81407540-b192-490a-9c7d-331c0a54cfe7-large.jpg\",\"medium\":\"/b2b2c/5.0/201601/81407540-b192-490a-9c7d-331c0a54cfe7-medium.jpg\",\"thumbnail\":\"/b2b2c/5.0/201601/81407540-b192-490a-9c7d-331c0a54cfe7-thumbnail.jpg\",\"order\":3}]',0,0,0,'20160101132','[]',0,0,'台',0,'2017-06-16 00:02:41',0,'2017-06-16 00:02:41',600,1,82,2,16),
	(33,'2017-06-16 00:02:42','2017-06-16 00:02:42',0,'9-10英寸','16GB',NULL,NULL,NULL,NULL,NULL,NULL,NULL,NULL,NULL,NULL,'iOS',NULL,NULL,NULL,NULL,NULL,NULL,NULL,'超长电池使用时间',NULL,0,'/b2b2c/5.0/201601/5f7ffbaf-2e87-42c4-9039-0fe47fb630b2-thumbnail.jpg','<p><img src=\"/b2b2c/5.0/201601/6c293c36-cd31-4e0c-8dbc-3efda6bef7e1.png\"/></p>',b'1',b'1',b'1',b'1',b'0','apple',4320.000000,NULL,0,'2017-06-16 00:02:42',0,'2017-06-16 00:02:42','苹果 iPad Air2 MH0W2CH','[{\"group\":\"显示\",\"entries\":[{\"name\":\"屏幕尺寸\",\"value\":\"9.7英寸\"},{\"name\":\"显示比例\",\"value\":\"4:3\"},{\"name\":\"屏幕类型\",\"value\":\"IPS\"},{\"name\":\"分辨率\",\"value\":\"2048 x 1536\"}]},{\"group\":\"连接\",\"entries\":[{\"name\":\"WiFi\",\"value\":\"支持\"},{\"name\":\"3G\",\"value\":\"不支持\"},{\"name\":\"蓝牙\",\"value\":\"支持\"}]},{\"group\":\"电池\",\"entries\":[{\"name\":\"电池类型\",\"value\":\"锂电池\"},{\"name\":\"电池容量\",\"value\":\"27.3Whr\"},{\"name\":\"续航时间\",\"value\":\"10小时\"}]}]',3600.000000,'[{\"source\":\"/b2b2c/5.0/201601/5f7ffbaf-2e87-42c4-9039-0fe47fb630b2-source.jpg\",\"large\":\"/b2b2c/5.0/201601/5f7ffbaf-2e87-42c4-9039-0fe47fb630b2-large.jpg\",\"medium\":\"/b2b2c/5.0/201601/5f7ffbaf-2e87-42c4-9039-0fe47fb630b2-medium.jpg\",\"thumbnail\":\"/b2b2c/5.0/201601/5f7ffbaf-2e87-42c4-9039-0fe47fb630b2-thumbnail.jpg\",\"order\":1},{\"source\":\"/b2b2c/5.0/201601/d1e5b3ef-efe3-4dc9-854c-5a4e17438274-source.jpg\",\"large\":\"/b2b2c/5.0/201601/d1e5b3ef-efe3-4dc9-854c-5a4e17438274-large.jpg\",\"medium\":\"/b2b2c/5.0/201601/d1e5b3ef-efe3-4dc9-854c-5a4e17438274-medium.jpg\",\"thumbnail\":\"/b2b2c/5.0/201601/d1e5b3ef-efe3-4dc9-854c-5a4e17438274-thumbnail.jpg\",\"order\":2},{\"source\":\"/b2b2c/5.0/201601/ae2cf261-53de-4299-8ce0-d05e0f584e14-source.jpg\",\"large\":\"/b2b2c/5.0/201601/ae2cf261-53de-4299-8ce0-d05e0f584e14-large.jpg\",\"medium\":\"/b2b2c/5.0/201601/ae2cf261-53de-4299-8ce0-d05e0f584e14-medium.jpg\",\"thumbnail\":\"/b2b2c/5.0/201601/ae2cf261-53de-4299-8ce0-d05e0f584e14-thumbnail.jpg\",\"order\":3}]',0,0,0,'20160101133','[]',0,0,'台',0,'2017-06-16 00:02:42',0,'2017-06-16 00:02:42',780,1,82,2,16),
	(34,'2017-06-16 00:02:43','2017-06-16 00:02:43',0,'7-8英寸','16GB',NULL,NULL,NULL,NULL,NULL,NULL,NULL,NULL,NULL,NULL,'iOS',NULL,NULL,NULL,NULL,NULL,NULL,NULL,'指纹识别，Retina显示屏',NULL,0,'/b2b2c/5.0/201601/62142fec-eae0-4881-abc6-04ecb2afcbad-thumbnail.jpg','<p><img src=\"/b2b2c/5.0/201601/dc604f08-935f-4cb1-8209-8aed71fa8423.png\"/></p>',b'1',b'1',b'1',b'1',b'0','apple',3465.000000,NULL,0,'2017-06-16 00:02:43',0,'2017-06-16 00:02:43','苹果 iPad mini3 MGY92CH','[{\"group\":\"显示\",\"entries\":[{\"name\":\"屏幕尺寸\",\"value\":\"7.9英寸\"},{\"name\":\"屏幕类型\",\"value\":\"IPS\"},{\"name\":\"分辨率\",\"value\":\"2048 x 1536\"}]},{\"group\":\"连接\",\"entries\":[{\"name\":\"WiFi\",\"value\":\"支持\"},{\"name\":\"3G\",\"value\":\"不支持\"},{\"name\":\"蓝牙\",\"value\":\"支持\"}]},{\"group\":\"电池\",\"entries\":[{\"name\":\"电池类型\",\"value\":\"锂电池\"},{\"name\":\"电池容量\",\"value\":\"23.8Whr\"},{\"name\":\"续航时间\",\"value\":\"10小时\"}]}]',2888.000000,'[{\"source\":\"/b2b2c/5.0/201601/62142fec-eae0-4881-abc6-04ecb2afcbad-source.jpg\",\"large\":\"/b2b2c/5.0/201601/62142fec-eae0-4881-abc6-04ecb2afcbad-large.jpg\",\"medium\":\"/b2b2c/5.0/201601/62142fec-eae0-4881-abc6-04ecb2afcbad-medium.jpg\",\"thumbnail\":\"/b2b2c/5.0/201601/62142fec-eae0-4881-abc6-04ecb2afcbad-thumbnail.jpg\",\"order\":1},{\"source\":\"/b2b2c/5.0/201601/3d8af758-dae1-4beb-b3c7-16ed2fd880c2-source.jpg\",\"large\":\"/b2b2c/5.0/201601/3d8af758-dae1-4beb-b3c7-16ed2fd880c2-large.jpg\",\"medium\":\"/b2b2c/5.0/201601/3d8af758-dae1-4beb-b3c7-16ed2fd880c2-medium.jpg\",\"thumbnail\":\"/b2b2c/5.0/201601/3d8af758-dae1-4beb-b3c7-16ed2fd880c2-thumbnail.jpg\",\"order\":2}]',0,0,0,'20160101134','[]',0,0,'台',0,'2017-06-16 00:02:43',0,'2017-06-16 00:02:43',600,1,82,2,16),
	(35,'2017-06-16 00:02:44','2017-06-16 00:02:44',0,'8-9英寸','16GB',NULL,NULL,NULL,NULL,NULL,NULL,NULL,NULL,NULL,NULL,'Android',NULL,NULL,NULL,NULL,NULL,NULL,NULL,'双核处理器，纤薄设计',NULL,0,'/b2b2c/5.0/201601/8d6f7b24-95fe-4c09-b85f-56568019e1d2-thumbnail.jpg','<p><img src=\"/b2b2c/5.0/201601/6ebd14c9-2b1c-4757-81ed-b16539d8c24e.png\"/></p>',b'1',b'1',b'1',b'1',b'0','samsung',3120.000000,NULL,0,'2017-06-16 00:02:44',0,'2017-06-16 00:02:44','三星 Galaxy Tab3 T311','[{\"group\":\"显示\",\"entries\":[{\"name\":\"屏幕尺寸\",\"value\":\"8.0英寸\"},{\"name\":\"屏幕类型\",\"value\":\"TFT\"},{\"name\":\"分辨率\",\"value\":\"1280 x 800\"}]},{\"group\":\"连接\",\"entries\":[{\"name\":\"WiFi\",\"value\":\"支持\"},{\"name\":\"3G\",\"value\":\"支持\"},{\"name\":\"蓝牙\",\"value\":\"支持\"}]},{\"group\":\"电池\",\"entries\":[{\"name\":\"电池类型\",\"value\":\"锂电池\"},{\"name\":\"电池容量\",\"value\":\"4450mAh\"}]}]',2600.000000,'[{\"source\":\"/b2b2c/5.0/201601/8d6f7b24-95fe-4c09-b85f-56568019e1d2-source.jpg\",\"large\":\"/b2b2c/5.0/201601/8d6f7b24-95fe-4c09-b85f-56568019e1d2-large.jpg\",\"medium\":\"/b2b2c/5.0/201601/8d6f7b24-95fe-4c09-b85f-56568019e1d2-medium.jpg\",\"thumbnail\":\"/b2b2c/5.0/201601/8d6f7b24-95fe-4c09-b85f-56568019e1d2-thumbnail.jpg\",\"order\":1},{\"source\":\"/b2b2c/5.0/201601/58f60dc6-4378-4ed5-ab59-c97a9e6a168c-source.jpg\",\"large\":\"/b2b2c/5.0/201601/58f60dc6-4378-4ed5-ab59-c97a9e6a168c-large.jpg\",\"medium\":\"/b2b2c/5.0/201601/58f60dc6-4378-4ed5-ab59-c97a9e6a168c-medium.jpg\",\"thumbnail\":\"/b2b2c/5.0/201601/58f60dc6-4378-4ed5-ab59-c97a9e6a168c-thumbnail.jpg\",\"order\":2},{\"source\":\"/b2b2c/5.0/201601/a85cf4cc-462b-4d4b-94dc-741c0c916ff6-source.jpg\",\"large\":\"/b2b2c/5.0/201601/a85cf4cc-462b-4d4b-94dc-741c0c916ff6-large.jpg\",\"medium\":\"/b2b2c/5.0/201601/a85cf4cc-462b-4d4b-94dc-741c0c916ff6-medium.jpg\",\"thumbnail\":\"/b2b2c/5.0/201601/a85cf4cc-462b-4d4b-94dc-741c0c916ff6-thumbnail.jpg\",\"order\":3}]',0,0,0,'20160101135','[]',0,0,'台',0,'2017-06-16 00:02:44',0,'2017-06-16 00:02:44',580,2,82,2,16),
	(36,'2017-06-16 00:02:45','2017-06-16 00:02:45',0,'55-60英寸','LED电视',NULL,NULL,NULL,NULL,NULL,NULL,NULL,NULL,NULL,NULL,NULL,NULL,NULL,NULL,NULL,NULL,NULL,NULL,'经典大屏，飞常完美',NULL,0,'/b2b2c/5.0/201601/8384ad7b-a5e3-4ad1-96b8-bc2d9e924087-thumbnail.jpg','<p><img src=\"/b2b2c/5.0/201601/12d6f99e-4a8b-4440-9205-9639fdb34d88.png\"/></p>',b'1',b'1',b'1',b'1',b'1',NULL,4678.000000,NULL,0,'2017-06-16 00:02:45',0,'2017-06-16 00:02:45','飞利浦 55PFL3045','[{\"group\":\"显示\",\"entries\":[{\"name\":\"屏幕尺寸\",\"value\":\"55英寸\"},{\"name\":\"显示比例\",\"value\":\"16:9\"},{\"name\":\"屏幕类型\",\"value\":\"LED\"},{\"name\":\"分辨率\",\"value\":\"1920 x 1080\"}]},{\"group\":\"端口\",\"entries\":[{\"name\":\"USB\",\"value\":\"支持\"},{\"name\":\"HDMI\",\"value\":\"支持\"},{\"name\":\"光纤\",\"value\":\"不支持\"}]}]',3899.000000,'[{\"source\":\"/b2b2c/5.0/201601/8384ad7b-a5e3-4ad1-96b8-bc2d9e924087-source.jpg\",\"large\":\"/b2b2c/5.0/201601/8384ad7b-a5e3-4ad1-96b8-bc2d9e924087-large.jpg\",\"medium\":\"/b2b2c/5.0/201601/8384ad7b-a5e3-4ad1-96b8-bc2d9e924087-medium.jpg\",\"thumbnail\":\"/b2b2c/5.0/201601/8384ad7b-a5e3-4ad1-96b8-bc2d9e924087-thumbnail.jpg\",\"order\":1},{\"source\":\"/b2b2c/5.0/201601/576751fc-c667-4317-9b3e-e467bb2b4aa9-source.jpg\",\"large\":\"/b2b2c/5.0/201601/576751fc-c667-4317-9b3e-e467bb2b4aa9-large.jpg\",\"medium\":\"/b2b2c/5.0/201601/576751fc-c667-4317-9b3e-e467bb2b4aa9-medium.jpg\",\"thumbnail\":\"/b2b2c/5.0/201601/576751fc-c667-4317-9b3e-e467bb2b4aa9-thumbnail.jpg\",\"order\":2}]',0,0,0,'20160101136','[]',0,0,'台',0,'2017-06-16 00:02:45',0,'2017-06-16 00:02:45',28000,NULL,145,2,19),
	(37,'2017-06-16 00:02:46','2017-06-16 00:02:46',0,'40-45英寸','LED电视',NULL,NULL,NULL,NULL,NULL,NULL,NULL,NULL,NULL,NULL,NULL,NULL,NULL,NULL,NULL,NULL,NULL,NULL,'三维色彩管理，高还原色彩细节',NULL,0,'/b2b2c/5.0/201601/f8a42d04-c91b-473b-8549-606208b3dcb9-thumbnail.jpg','<p><img src=\"/b2b2c/5.0/201601/52420f86-3b7f-4232-adbe-37cb812690a4.png\"/></p>',b'1',b'1',b'1',b'1',b'1',NULL,3118.800000,NULL,0,'2017-06-16 00:02:46',0,'2017-06-16 00:02:46','东芝 42L1353C','[{\"group\":\"显示\",\"entries\":[{\"name\":\"屏幕尺寸\",\"value\":\"42英寸\"},{\"name\":\"显示比例\",\"value\":\"16:9\"},{\"name\":\"屏幕类型\",\"value\":\"LED\"},{\"name\":\"分辨率\",\"value\":\"1920 x 1080\"}]},{\"group\":\"端口\",\"entries\":[{\"name\":\"USB\",\"value\":\"支持\"},{\"name\":\"HDMI\",\"value\":\"支持\"}]}]',2599.000000,'[{\"source\":\"/b2b2c/5.0/201601/f8a42d04-c91b-473b-8549-606208b3dcb9-source.jpg\",\"large\":\"/b2b2c/5.0/201601/f8a42d04-c91b-473b-8549-606208b3dcb9-large.jpg\",\"medium\":\"/b2b2c/5.0/201601/f8a42d04-c91b-473b-8549-606208b3dcb9-medium.jpg\",\"thumbnail\":\"/b2b2c/5.0/201601/f8a42d04-c91b-473b-8549-606208b3dcb9-thumbnail.jpg\",\"order\":1}]',0,0,0,'20160101137','[]',0,0,'台',0,'2017-06-16 00:02:46',0,'2017-06-16 00:02:46',18000,NULL,145,2,19),
	(38,'2017-06-16 00:02:47','2017-06-16 00:02:47',0,'55-60英寸','LED电视',NULL,NULL,NULL,NULL,NULL,NULL,NULL,NULL,NULL,NULL,NULL,NULL,NULL,NULL,NULL,NULL,NULL,NULL,'享受澎湃画质，打造全高清3D盛宴',NULL,0,'/b2b2c/5.0/201601/726126d6-2cc4-4e19-86f5-9688beb88042-thumbnail.jpg','<p><img src=\"/b2b2c/5.0/201601/e209230a-e6b0-4398-8279-d3e2713c6988.png\"/></p>',b'1',b'1',b'1',b'1',b'1',NULL,5980.000000,NULL,0,'2017-06-16 00:02:47',0,'2017-06-16 00:02:47','东芝 55L3305CS','[{\"group\":\"显示\",\"entries\":[{\"name\":\"屏幕尺寸\",\"value\":\"55英寸\"},{\"name\":\"显示比例\",\"value\":\"16:9\"},{\"name\":\"屏幕类型\",\"value\":\"LED\"},{\"name\":\"分辨率\",\"value\":\"1920 x 1080\"}]},{\"group\":\"端口\",\"entries\":[{\"name\":\"USB\",\"value\":\"支持\"},{\"name\":\"HDMI\",\"value\":\"支持\"}]}]',4988.000000,'[{\"source\":\"/b2b2c/5.0/201601/726126d6-2cc4-4e19-86f5-9688beb88042-source.jpg\",\"large\":\"/b2b2c/5.0/201601/726126d6-2cc4-4e19-86f5-9688beb88042-large.jpg\",\"medium\":\"/b2b2c/5.0/201601/726126d6-2cc4-4e19-86f5-9688beb88042-medium.jpg\",\"thumbnail\":\"/b2b2c/5.0/201601/726126d6-2cc4-4e19-86f5-9688beb88042-thumbnail.jpg\",\"order\":1}]',0,0,0,'20160101138','[]',0,0,'台',0,'2017-06-16 00:02:47',0,'2017-06-16 00:02:47',27500,NULL,145,2,19),
	(39,'2017-06-16 00:02:48','2017-06-16 00:02:48',0,'60英寸以上','LED电视',NULL,NULL,NULL,NULL,NULL,NULL,NULL,NULL,NULL,NULL,NULL,NULL,NULL,NULL,NULL,NULL,NULL,NULL,'动人影音，智能娱乐',NULL,0,'/b2b2c/5.0/201601/c54c97fe-017e-4363-99d5-4a263407e02d-thumbnail.jpg','<p><img src=\"/b2b2c/5.0/201601/463be2e5-cb7e-408f-b442-7e178d5c04b9.png\"/></p>',b'1',b'1',b'1',b'1',b'1',NULL,8265.000000,NULL,0,'2017-06-16 00:02:48',0,'2017-06-16 00:02:48','索尼 KDL-60WM15B','[{\"group\":\"显示\",\"entries\":[{\"name\":\"屏幕尺寸\",\"value\":\"60英寸\"},{\"name\":\"显示比例\",\"value\":\"16:9\"},{\"name\":\"屏幕类型\",\"value\":\"LED\"},{\"name\":\"分辨率\",\"value\":\"1920 x 1080\"}]},{\"group\":\"端口\",\"entries\":[{\"name\":\"USB\",\"value\":\"支持\"},{\"name\":\"HDMI\",\"value\":\"支持\"}]}]',6888.000000,'[{\"source\":\"/b2b2c/5.0/201601/c54c97fe-017e-4363-99d5-4a263407e02d-source.jpg\",\"large\":\"/b2b2c/5.0/201601/c54c97fe-017e-4363-99d5-4a263407e02d-large.jpg\",\"medium\":\"/b2b2c/5.0/201601/c54c97fe-017e-4363-99d5-4a263407e02d-medium.jpg\",\"thumbnail\":\"/b2b2c/5.0/201601/c54c97fe-017e-4363-99d5-4a263407e02d-thumbnail.jpg\",\"order\":2},{\"source\":\"/b2b2c/5.0/201601/8b6ee3c1-1ff0-463e-9592-7313acd0be4a-source.jpg\",\"large\":\"/b2b2c/5.0/201601/8b6ee3c1-1ff0-463e-9592-7313acd0be4a-large.jpg\",\"medium\":\"/b2b2c/5.0/201601/8b6ee3c1-1ff0-463e-9592-7313acd0be4a-medium.jpg\",\"thumbnail\":\"/b2b2c/5.0/201601/8b6ee3c1-1ff0-463e-9592-7313acd0be4a-thumbnail.jpg\",\"order\":3}]',0,0,0,'20160101139','[]',0,0,'台',0,'2017-06-16 00:02:48',0,'2017-06-16 00:02:48',26000,3,145,2,19),
	(40,'2017-06-16 00:02:49','2017-10-11 09:17:28',6,'50-55英寸','LED电视',NULL,NULL,NULL,NULL,NULL,NULL,NULL,NULL,NULL,NULL,NULL,NULL,NULL,NULL,NULL,NULL,NULL,NULL,'新升级智能娱乐功能',NULL,4,'/b2b2c/5.0/201601/eee0bfc5-d5f6-48c4-aa75-73fb709d824b-thumbnail.jpg','<p><img src=\"/b2b2c/5.0/201601/4d1f6d4d-0a5e-4368-a033-97e6161ec0c9.png\"/></p>',b'1',b'1',b'1',b'1',b'1',NULL,5620.000000,NULL,2,'2017-10-11 09:16:11',0,'2017-06-16 00:02:49','索尼 KDL-50W700B','[{\"group\":\"显示\",\"entries\":[{\"name\":\"屏幕尺寸\",\"value\":\"50英寸\"},{\"name\":\"显示比例\",\"value\":\"16:9\"},{\"name\":\"屏幕类型\",\"value\":\"LED\"},{\"name\":\"分辨率\",\"value\":\"1920 x 1080\"}]},{\"group\":\"端口\",\"entries\":[{\"name\":\"USB\",\"value\":\"支持\"},{\"name\":\"HDMI\",\"value\":\"支持\"}]}]',4688.000000,'[{\"source\":\"/b2b2c/5.0/201601/eee0bfc5-d5f6-48c4-aa75-73fb709d824b-source.jpg\",\"large\":\"/b2b2c/5.0/201601/eee0bfc5-d5f6-48c4-aa75-73fb709d824b-large.jpg\",\"medium\":\"/b2b2c/5.0/201601/eee0bfc5-d5f6-48c4-aa75-73fb709d824b-medium.jpg\",\"thumbnail\":\"/b2b2c/5.0/201601/eee0bfc5-d5f6-48c4-aa75-73fb709d824b-thumbnail.jpg\",\"order\":1},{\"source\":\"/b2b2c/5.0/201601/4e404662-48a6-4d6c-9e6b-8cc29d2b035d-source.jpg\",\"large\":\"/b2b2c/5.0/201601/4e404662-48a6-4d6c-9e6b-8cc29d2b035d-large.jpg\",\"medium\":\"/b2b2c/5.0/201601/4e404662-48a6-4d6c-9e6b-8cc29d2b035d-medium.jpg\",\"thumbnail\":\"/b2b2c/5.0/201601/4e404662-48a6-4d6c-9e6b-8cc29d2b035d-thumbnail.jpg\",\"order\":2}]',0,0,0,'20160101140','[]',0,0,'台',2,'2017-10-11 09:16:11',0,'2017-06-16 00:02:49',19000,3,145,2,19),
	(41,'2017-06-16 00:02:50','2017-06-16 00:02:50',0,'1匹','变频',NULL,NULL,NULL,NULL,NULL,NULL,NULL,NULL,NULL,NULL,NULL,NULL,NULL,NULL,NULL,NULL,NULL,NULL,'行业首创舒适省电技术，智能精准温控',NULL,0,'/b2b2c/5.0/201601/91c37add-33fb-44bc-ac8c-b3387c5b73fb-thumbnail.jpg','<p><img src=\"/b2b2c/5.0/201601/c3f44943-8c4e-43ad-a9ae-5394239e3bba.png\"/></p>',b'1',b'1',b'1',b'1',b'0',NULL,3598.000000,NULL,0,'2017-06-16 00:02:50',0,'2017-06-16 00:02:50','格力 KFR-26GW FNDe-A3','[{\"group\":\"基本参数\",\"entries\":[{\"name\":\"制冷类型\",\"value\":\"冷暖\"},{\"name\":\"工作方式\",\"value\":\"变频\"},{\"name\":\"空调功率\",\"value\":\"500-1000W\"},{\"name\":\"能效等级\",\"value\":\"三级\"},{\"name\":\"制冷量\",\"value\":\"2200-2800W\"},{\"name\":\"制冷功率\",\"value\":\"600-1000W\"},{\"name\":\"制热量\",\"value\":\"2500-3500W\"},{\"name\":\"制热功率\",\"value\":\"650-1000W\"}]},{\"group\":\"功能\",\"entries\":[{\"name\":\"静音设计\",\"value\":\"支持\"},{\"name\":\"自动清洁\",\"value\":\"不支持\"},{\"name\":\"独立除湿\",\"value\":\"支持\"},{\"name\":\"除甲醛\",\"value\":\"不支持\"}]}]',2999.000000,'[{\"source\":\"/b2b2c/5.0/201601/91c37add-33fb-44bc-ac8c-b3387c5b73fb-source.jpg\",\"large\":\"/b2b2c/5.0/201601/91c37add-33fb-44bc-ac8c-b3387c5b73fb-large.jpg\",\"medium\":\"/b2b2c/5.0/201601/91c37add-33fb-44bc-ac8c-b3387c5b73fb-medium.jpg\",\"thumbnail\":\"/b2b2c/5.0/201601/91c37add-33fb-44bc-ac8c-b3387c5b73fb-thumbnail.jpg\",\"order\":1}]',0,0,0,'20160101141','[]',0,0,'台',0,'2017-06-16 00:02:50',0,'2017-06-16 00:02:50',11000,19,150,2,18),
	(42,'2017-06-16 00:02:51','2017-06-16 00:02:51',0,'大1匹','定速',NULL,NULL,NULL,NULL,NULL,NULL,NULL,NULL,NULL,NULL,NULL,NULL,NULL,NULL,NULL,NULL,NULL,NULL,'精湛设计，时尚外观，舒适舒心',NULL,0,'/b2b2c/5.0/201601/d7630e6b-b206-4655-b5a8-da424d9a39d2-thumbnail.jpg','<p><img src=\"/b2b2c/5.0/201601/5065158f-5989-46ce-8de3-a75234c23d58.png\"/></p>',b'1',b'1',b'1',b'1',b'0',NULL,2856.000000,NULL,0,'2017-06-16 00:02:51',0,'2017-06-16 00:02:51','格力 KF-23GW Ga-3','[{\"group\":\"基本参数\",\"entries\":[{\"name\":\"制冷类型\",\"value\":\"单冷\"},{\"name\":\"工作方式\",\"value\":\"定频\"},{\"name\":\"能效等级\",\"value\":\"三级\"},{\"name\":\"制冷量\",\"value\":\"2350W\"},{\"name\":\"制冷功率\",\"value\":\"671W\"}]},{\"group\":\"功能\",\"entries\":[{\"name\":\"静音设计\",\"value\":\"支持\"},{\"name\":\"自动清洁\",\"value\":\"支持\"},{\"name\":\"独立除湿\",\"value\":\"支持\"}]}]',2380.000000,'[{\"source\":\"/b2b2c/5.0/201601/d7630e6b-b206-4655-b5a8-da424d9a39d2-source.jpg\",\"large\":\"/b2b2c/5.0/201601/d7630e6b-b206-4655-b5a8-da424d9a39d2-large.jpg\",\"medium\":\"/b2b2c/5.0/201601/d7630e6b-b206-4655-b5a8-da424d9a39d2-medium.jpg\",\"thumbnail\":\"/b2b2c/5.0/201601/d7630e6b-b206-4655-b5a8-da424d9a39d2-thumbnail.jpg\",\"order\":1}]',0,0,0,'20160101142','[]',0,0,'台',0,'2017-06-16 00:02:51',0,'2017-06-16 00:02:51',9000,19,150,2,18),
	(43,'2017-06-16 00:02:52','2017-06-16 00:02:52',0,'大1匹','变频',NULL,NULL,NULL,NULL,NULL,NULL,NULL,NULL,NULL,NULL,NULL,NULL,NULL,NULL,NULL,NULL,NULL,NULL,'时尚简约，快速制暖',NULL,0,'/b2b2c/5.0/201601/f052efce-8045-4db7-bed2-1343823a7b53-thumbnail.jpg','<p><img src=\"/b2b2c/5.0/201601/59d9a381-77e1-419a-b286-6bee3368462c.png\"/></p>',b'1',b'1',b'1',b'1',b'0',NULL,4428.000000,NULL,0,'2017-06-16 00:02:52',0,'2017-06-16 00:02:52','格力 KFR-26GW FNBa-A3','[{\"group\":\"基本参数\",\"entries\":[{\"name\":\"制冷类型\",\"value\":\"冷暖空调\"},{\"name\":\"工作方式\",\"value\":\"变频\"},{\"name\":\"制冷量\",\"value\":\"770W\"},{\"name\":\"制热量\",\"value\":\"915W\"}]},{\"group\":\"功能\",\"entries\":[{\"name\":\"静音设计\",\"value\":\"支持\"},{\"name\":\"自动清洁\",\"value\":\"支持\"},{\"name\":\"独立除湿\",\"value\":\"支持\"},{\"name\":\"除甲醛\",\"value\":\"不支持\"}]}]',3690.000000,'[{\"source\":\"/b2b2c/5.0/201601/f052efce-8045-4db7-bed2-1343823a7b53-source.jpg\",\"large\":\"/b2b2c/5.0/201601/f052efce-8045-4db7-bed2-1343823a7b53-large.jpg\",\"medium\":\"/b2b2c/5.0/201601/f052efce-8045-4db7-bed2-1343823a7b53-medium.jpg\",\"thumbnail\":\"/b2b2c/5.0/201601/f052efce-8045-4db7-bed2-1343823a7b53-thumbnail.jpg\",\"order\":1}]',0,0,0,'20160101143','[]',0,0,'台',0,'2017-06-16 00:02:52',0,'2017-06-16 00:02:52',11000,19,150,2,18),
	(44,'2017-06-16 00:02:53','2017-06-16 00:02:53',0,'1.5匹','变频',NULL,NULL,NULL,NULL,NULL,NULL,NULL,NULL,NULL,NULL,NULL,NULL,NULL,NULL,NULL,NULL,NULL,NULL,'超强节能，销量领先',NULL,0,'/b2b2c/5.0/201601/b03f83e2-357a-4991-b894-a361d20386a7-thumbnail.jpg','<p><img src=\"/b2b2c/5.0/201601/ec8ae25b-a0b0-418b-858b-788f6d0a1206.png\"/></p>',b'1',b'1',b'1',b'1',b'0',NULL,2878.000000,NULL,0,'2017-06-16 00:02:53',0,'2017-06-16 00:02:53','美的 KFR-35GWBP3DN1Y','[{\"group\":\"基本参数\",\"entries\":[{\"name\":\"制冷类型\",\"value\":\"冷暖空调\"},{\"name\":\"工作方式\",\"value\":\"变频\"},{\"name\":\"空调功率\",\"value\":\"1000-1500W\"},{\"name\":\"能效等级\",\"value\":\"二级\"}]}]',2399.000000,'[{\"source\":\"/b2b2c/5.0/201601/b03f83e2-357a-4991-b894-a361d20386a7-source.jpg\",\"large\":\"/b2b2c/5.0/201601/b03f83e2-357a-4991-b894-a361d20386a7-large.jpg\",\"medium\":\"/b2b2c/5.0/201601/b03f83e2-357a-4991-b894-a361d20386a7-medium.jpg\",\"thumbnail\":\"/b2b2c/5.0/201601/b03f83e2-357a-4991-b894-a361d20386a7-thumbnail.jpg\",\"order\":1}]',0,0,0,'20160101144','[]',0,0,'台',0,'2017-06-16 00:02:53',0,'2017-06-16 00:02:53',13000,18,150,2,18),
	(45,'2017-06-16 00:02:54','2017-06-16 00:02:54',0,'1.5匹','定速',NULL,NULL,NULL,NULL,NULL,NULL,NULL,NULL,NULL,NULL,NULL,NULL,NULL,NULL,NULL,NULL,NULL,NULL,'冷暖舒适，简约现代',NULL,0,'/b2b2c/5.0/201601/acef11f4-93cf-44e7-b5f8-7b156f2b1809-thumbnail.jpg','<p><img src=\"/b2b2c/5.0/201601/9276d813-d419-4da4-94ce-4bfda911ec75.png\"/></p>',b'1',b'1',b'1',b'1',b'0',NULL,2878.800000,NULL,0,'2017-06-16 00:02:54',0,'2017-06-16 00:02:54','美的 KFR-32GWDY-IF','[{\"group\":\"基本参数\",\"entries\":[{\"name\":\"制冷类型\",\"value\":\"冷暖空调\"},{\"name\":\"工作方式\",\"value\":\"定速\"},{\"name\":\"空调功率\",\"value\":\"500-1000W\"},{\"name\":\"能效等级\",\"value\":\"三级\"}]}]',2399.000000,'[{\"source\":\"/b2b2c/5.0/201601/acef11f4-93cf-44e7-b5f8-7b156f2b1809-source.jpg\",\"large\":\"/b2b2c/5.0/201601/acef11f4-93cf-44e7-b5f8-7b156f2b1809-large.jpg\",\"medium\":\"/b2b2c/5.0/201601/acef11f4-93cf-44e7-b5f8-7b156f2b1809-medium.jpg\",\"thumbnail\":\"/b2b2c/5.0/201601/acef11f4-93cf-44e7-b5f8-7b156f2b1809-thumbnail.jpg\",\"order\":1}]',0,0,0,'20160101145','[]',0,0,'台',0,'2017-06-16 00:02:54',0,'2017-06-16 00:02:54',15000,18,150,2,18),
	(46,'2017-06-16 00:02:55','2017-09-25 09:13:37',2,NULL,NULL,NULL,NULL,NULL,NULL,NULL,NULL,NULL,NULL,NULL,NULL,NULL,NULL,NULL,NULL,NULL,NULL,NULL,NULL,'精致做工，安全高效',NULL,0,'/b2b2c/5.0/201601/5767900a-8727-4306-b783-9132511b97ea-thumbnail.jpg','<p><img src=\"/b2b2c/5.0/201601/495a350b-bd2b-4ae1-ad02-ff2d32f0161e.png\"/></p>',b'0',b'1',b'1',b'1',b'0',NULL,299.000000,NULL,0,'2017-06-16 00:02:55',0,'2017-06-16 00:02:55','飞利浦 DLP10800 移动电源',NULL,0.000000,'[{\"source\":\"/b2b2c/5.0/201601/5767900a-8727-4306-b783-9132511b97ea-source.jpg\",\"large\":\"/b2b2c/5.0/201601/5767900a-8727-4306-b783-9132511b97ea-large.jpg\",\"medium\":\"/b2b2c/5.0/201601/5767900a-8727-4306-b783-9132511b97ea-medium.jpg\",\"thumbnail\":\"/b2b2c/5.0/201601/5767900a-8727-4306-b783-9132511b97ea-thumbnail.jpg\",\"order\":0},{\"source\":\"/b2b2c/5.0/201601/69095701-ca86-4f80-a439-6f2020bc0135-source.jpg\",\"large\":\"/b2b2c/5.0/201601/69095701-ca86-4f80-a439-6f2020bc0135-large.jpg\",\"medium\":\"/b2b2c/5.0/201601/69095701-ca86-4f80-a439-6f2020bc0135-medium.jpg\",\"thumbnail\":\"/b2b2c/5.0/201601/69095701-ca86-4f80-a439-6f2020bc0135-thumbnail.jpg\",\"order\":1}]',0,0,0,'20160101146',NULL,0,1,'台',0,'2017-06-16 00:02:55',0,'2017-06-16 00:02:55',340,NULL,241,1,3),
	(47,'2017-06-16 00:02:56','2017-10-10 16:08:30',6,NULL,NULL,NULL,NULL,NULL,NULL,NULL,NULL,NULL,NULL,NULL,NULL,NULL,NULL,NULL,NULL,NULL,NULL,NULL,NULL,'原装品质，精雕细琢',NULL,2,'/b2b2c/5.0/201601/936b1088-e222-47d1-af6f-a4360a05ffde-thumbnail.jpg','<p><img src=\"/b2b2c/5.0/201601/374b7129-6cc3-4b8a-9de4-46a383179505.png\"/></p>',b'0',b'1',b'1',b'1',b'0',NULL,288.000000,NULL,1,'2017-10-10 16:08:30',0,'2017-06-16 00:02:56','苹果 iPhone 5s Case 保护套',NULL,0.000000,'[{\"source\":\"/b2b2c/5.0/201601/936b1088-e222-47d1-af6f-a4360a05ffde-source.jpg\",\"large\":\"/b2b2c/5.0/201601/936b1088-e222-47d1-af6f-a4360a05ffde-large.jpg\",\"medium\":\"/b2b2c/5.0/201601/936b1088-e222-47d1-af6f-a4360a05ffde-medium.jpg\",\"thumbnail\":\"/b2b2c/5.0/201601/936b1088-e222-47d1-af6f-a4360a05ffde-thumbnail.jpg\",\"order\":0},{\"source\":\"/b2b2c/5.0/201601/3b077850-630b-466a-a62c-953371d8db6f-source.jpg\",\"large\":\"/b2b2c/5.0/201601/3b077850-630b-466a-a62c-953371d8db6f-large.jpg\",\"medium\":\"/b2b2c/5.0/201601/3b077850-630b-466a-a62c-953371d8db6f-medium.jpg\",\"thumbnail\":\"/b2b2c/5.0/201601/3b077850-630b-466a-a62c-953371d8db6f-thumbnail.jpg\",\"order\":1}]',0,0,0,'20160101147',NULL,0,1,'个',1,'2017-10-10 16:08:30',0,'2017-06-16 00:02:56',42,1,241,1,3);

/*!40000 ALTER TABLE `product` ENABLE KEYS */;
UNLOCK TABLES;


# Dump of table product_category
# ------------------------------------------------------------

DROP TABLE IF EXISTS `product_category`;

CREATE TABLE `product_category` (
  `id` bigint(20) NOT NULL COMMENT 'ID',
  `created_date` datetime DEFAULT NULL COMMENT '创建日期',
  `last_modified_date` datetime DEFAULT NULL COMMENT '最后修改日期',
  `version` bigint(20) DEFAULT NULL COMMENT '版本',
  `orders` int(11) DEFAULT NULL COMMENT '排序',
  `general_rate` double NOT NULL COMMENT '普通店铺分佣比例',
  `grade` int(11) NOT NULL COMMENT '层级',
  `name` varchar(255) NOT NULL DEFAULT '' COMMENT '名称',
  `self_rate` double NOT NULL COMMENT '自营店铺分佣比例',
  `is_marketable` bit(1) DEFAULT NULL COMMENT '是否上架',
  `is_top` bit(1) DEFAULT NULL COMMENT '是否置顶',
  `is_show` bit(1) DEFAULT NULL COMMENT '是否显示',
  `is_cash` bit(1) DEFAULT NULL COMMENT '是否货到付款',
  `image` varchar(255) DEFAULT NULL COMMENT '展示图片',
  `seo_description` varchar(255) DEFAULT NULL COMMENT '页面描述',
  `seo_keywords` varchar(255) DEFAULT NULL COMMENT '页面关键词',
  `seo_title` varchar(255) DEFAULT NULL COMMENT '页面标题',
  `tree_path` varchar(255) NOT NULL DEFAULT '' COMMENT '树路径',
  `parent_id` bigint(20) DEFAULT NULL COMMENT '上级分类',
  PRIMARY KEY (`id`),
  KEY `ind_product_category_parent_id` (`parent_id`),
  CONSTRAINT `FK19madjn7d4vd4snigmvryswed` FOREIGN KEY (`parent_id`) REFERENCES `product_category` (`id`)
) ENGINE=InnoDB DEFAULT CHARSET=utf8 COMMENT='商品分类';

LOCK TABLES `product_category` WRITE;
/*!40000 ALTER TABLE `product_category` DISABLE KEYS */;

INSERT INTO `product_category` (`id`, `created_date`, `last_modified_date`, `version`, `orders`, `general_rate`, `grade`, `name`, `self_rate`, `is_marketable`, `is_top`, `is_show`, `is_cash`, `image`, `seo_description`, `seo_keywords`, `seo_title`, `tree_path`, `parent_id`)
VALUES
	(1,'2017-06-16 01:00:17','2017-11-07 19:14:37',17,1,0.3,0,'手机数码',0.7,b'1',b'1',NULL,b'0','/upload/image/201710/2ab906a1-2946-4099-92f7-5a1caaccf0f0.png','全场8折（test）','全场8折（test）','全场8折（test）',',',NULL),
	(2,'2017-06-16 01:00:18','2017-11-06 16:48:09',1,2,0,0,'电脑办公',0,b'1',b'0',NULL,b'0',NULL,NULL,NULL,NULL,',',NULL),
	(3,'2017-06-16 01:00:19','2017-11-06 16:50:31',1,3,0,0,'家用电器',0,b'1',b'0',NULL,b'0','/upload/image/201711/7cf6754c-304e-4e7e-8b1c-d5550de6cb27.png',NULL,NULL,NULL,',',NULL),
	(4,'2017-06-16 01:00:20','2017-11-06 16:50:45',1,4,0,0,'服装鞋靴',0,b'1',b'0',NULL,b'0','/upload/image/201711/dfc4b775-18fe-46e3-be07-f143adca9d9d.png',NULL,NULL,NULL,',',NULL),
	(5,'2017-06-16 01:00:21','2017-11-06 16:51:18',1,5,0,0,'化妆护理',0,b'1',b'0',NULL,b'0','/upload/image/201711/1dfcabbe-462e-4aee-8440-96b5c30e0ea5.png',NULL,NULL,NULL,',',NULL),
	(6,'2017-06-16 01:00:22','2017-06-16 01:00:22',0,6,0,0,'家居家装',0,NULL,NULL,NULL,NULL,NULL,NULL,NULL,NULL,',',NULL),
	(7,'2017-06-16 01:00:23','2017-11-08 10:10:43',3,1,0,1,'手机通讯',0,b'1',b'1',NULL,b'0','/upload/image/201711/35972abb-02d2-434c-86b7-d40e57d678cd.png',NULL,NULL,NULL,',1,',1),
	(8,'2017-06-16 01:00:24','2017-06-16 01:00:24',0,2,0,1,'手机配件',0,NULL,NULL,NULL,NULL,NULL,NULL,NULL,NULL,',1,',1),
	(9,'2017-06-16 01:00:25','2017-11-06 16:46:14',1,3,0,1,'摄影摄像',0,b'1',b'0',NULL,b'0',NULL,NULL,NULL,NULL,',1,',1),
	(10,'2017-06-16 01:00:26','2017-11-06 16:50:12',3,4,0,1,'数码配件',0,b'1',b'0',NULL,b'0',NULL,NULL,NULL,NULL,',1,',1),
	(11,'2017-06-16 01:00:27','2017-06-16 01:00:27',0,5,0,1,'智能设备',0,NULL,NULL,NULL,NULL,NULL,NULL,NULL,NULL,',1,',1),
	(12,'2017-06-16 01:00:28','2017-11-06 16:49:48',1,6,1,1,'时尚影音',1,b'1',b'0',NULL,b'0','/upload/image/201711/138575e0-cf55-4dd9-b8fd-499f7afdb7e0.png',NULL,NULL,NULL,',1,',1),
	(13,'2017-06-16 01:00:29','2017-06-16 01:00:29',0,7,0,1,'电子教育',0,NULL,NULL,NULL,NULL,NULL,NULL,NULL,NULL,',1,',1),
	(14,'2017-06-16 01:00:30','2017-06-16 01:00:30',0,1,0,1,'电脑整机',0,NULL,NULL,NULL,NULL,NULL,NULL,NULL,NULL,',2,',2),
	(15,'2017-06-16 01:00:31','2017-06-16 01:00:31',0,2,0,1,'电脑配件',0,NULL,NULL,NULL,NULL,NULL,NULL,NULL,NULL,',2,',2),
	(16,'2017-06-16 01:00:32','2017-06-16 01:00:32',0,3,0,1,'电脑外设',0,NULL,NULL,NULL,NULL,NULL,NULL,NULL,NULL,',2,',2),
	(17,'2017-06-16 01:00:33','2017-06-16 01:00:33',0,4,0,1,'网络设备',0,NULL,NULL,NULL,NULL,NULL,NULL,NULL,NULL,',2,',2),
	(18,'2017-06-16 01:00:34','2017-11-06 16:48:46',2,5,1,1,'办公打印',1,b'1',b'0',NULL,b'0','/upload/image/201711/4c6d0593-1f24-4153-ab26-a11a3ee499f5.png',NULL,NULL,NULL,',2,',2),
	(19,'2017-06-16 01:00:35','2017-06-16 01:00:35',0,6,0,1,'办公文仪',0,NULL,NULL,NULL,NULL,NULL,NULL,NULL,NULL,',2,',2),
	(20,'2017-06-16 01:00:36','2017-06-16 01:00:36',0,7,0,1,'办公耗材',0,NULL,NULL,NULL,NULL,NULL,NULL,NULL,NULL,',2,',2),
	(21,'2017-06-16 01:00:37','2017-06-16 01:00:37',0,1,0,1,'生活电器',0,NULL,NULL,NULL,NULL,NULL,NULL,NULL,NULL,',3,',3),
	(22,'2017-06-16 01:00:38','2017-06-16 01:00:38',0,2,0,1,'厨卫电器',0,NULL,NULL,NULL,NULL,NULL,NULL,NULL,NULL,',3,',3),
	(23,'2017-06-16 01:00:39','2017-06-16 01:00:39',0,3,0,1,'个护健康',0,NULL,NULL,NULL,NULL,NULL,NULL,NULL,NULL,',3,',3),
	(24,'2017-06-16 01:00:40','2017-06-16 01:00:40',0,4,0,1,'五金家装',0,NULL,NULL,NULL,NULL,NULL,NULL,NULL,NULL,',3,',3),
	(25,'2017-06-16 01:00:41','2017-06-16 01:00:41',0,5,0,1,'大家电',0,NULL,NULL,NULL,NULL,NULL,NULL,NULL,NULL,',3,',3),
	(26,'2017-06-16 01:00:42','2017-06-16 01:00:42',0,1,0,1,'品质男装',0,NULL,NULL,NULL,NULL,NULL,NULL,NULL,NULL,',4,',4),
	(27,'2017-06-16 01:00:43','2017-06-16 01:00:43',0,2,0,1,'时尚女装',0,NULL,NULL,NULL,NULL,NULL,NULL,NULL,NULL,',4,',4),
	(28,'2017-06-16 01:00:44','2017-06-16 01:00:44',0,3,0,1,'精品内衣',0,NULL,NULL,NULL,NULL,NULL,NULL,NULL,NULL,',4,',4),
	(29,'2017-06-16 01:00:45','2017-06-16 01:00:45',0,4,0,1,'精品男鞋',0,NULL,NULL,NULL,NULL,NULL,NULL,NULL,NULL,',4,',4),
	(30,'2017-06-16 01:00:46','2017-06-16 01:00:46',0,5,0,1,'潮流女鞋',0,NULL,NULL,NULL,NULL,NULL,NULL,NULL,NULL,',4,',4),
	(31,'2017-06-16 01:00:47','2017-06-16 01:00:47',0,1,0,1,'面部护肤',0,NULL,NULL,NULL,NULL,NULL,NULL,NULL,NULL,',5,',5),
	(32,'2017-06-16 01:00:48','2017-06-16 01:00:48',0,2,0,1,'身体护肤',0,NULL,NULL,NULL,NULL,NULL,NULL,NULL,NULL,',5,',5),
	(33,'2017-06-16 01:00:49','2017-06-16 01:00:49',0,3,0,1,'口腔护理',0,NULL,NULL,NULL,NULL,NULL,NULL,NULL,NULL,',5,',5),
	(34,'2017-06-16 01:00:50','2017-06-16 01:00:50',0,4,0,1,'洗发护发',0,NULL,NULL,NULL,NULL,NULL,NULL,NULL,NULL,',5,',5),
	(35,'2017-06-16 01:00:51','2017-06-16 01:00:51',0,5,0,1,'香水彩妆',0,NULL,NULL,NULL,NULL,NULL,NULL,NULL,NULL,',5,',5),
	(36,'2017-06-16 01:00:52','2017-06-16 01:00:52',0,1,0,1,'家纺布艺',0,NULL,NULL,NULL,NULL,NULL,NULL,NULL,NULL,',6,',6),
	(37,'2017-06-16 01:00:53','2017-06-16 01:00:53',0,2,0,1,'家居照明',0,NULL,NULL,NULL,NULL,NULL,NULL,NULL,NULL,',6,',6),
	(38,'2017-06-16 01:00:54','2017-06-16 01:00:54',0,3,0,1,'家装建材',0,NULL,NULL,NULL,NULL,NULL,NULL,NULL,NULL,',6,',6),
	(39,'2017-06-16 01:00:55','2017-06-16 01:00:55',0,4,0,1,'生活日用',0,NULL,NULL,NULL,NULL,NULL,NULL,NULL,NULL,',6,',6),
	(40,'2017-06-16 01:00:56','2017-06-16 01:00:56',0,5,0,1,'清洁用品',0,NULL,NULL,NULL,NULL,NULL,NULL,NULL,NULL,',6,',6),
	(41,'2017-06-16 01:00:57','2017-11-06 16:45:31',10,1,0,2,'手机',0,b'1',b'0',NULL,b'0',NULL,NULL,NULL,NULL,',1,7,',7),
	(42,'2017-06-16 01:00:58','2017-11-06 16:37:06',3,2,0,2,'对讲机',0,b'1',b'0',NULL,b'0',NULL,NULL,NULL,NULL,',1,7,',7),
	(43,'2017-06-16 01:00:59','2017-06-16 01:00:59',0,1,0,2,'手机电池',0,NULL,NULL,NULL,NULL,NULL,NULL,NULL,NULL,',1,8,',8),
	(44,'2017-06-16 01:01:00','2017-06-16 01:01:00',0,2,0,2,'移动电源',0,NULL,NULL,NULL,NULL,NULL,NULL,NULL,NULL,',1,8,',8),
	(45,'2017-06-16 01:01:01','2017-06-16 01:01:01',0,3,0,2,'充电器',0,NULL,NULL,NULL,NULL,NULL,NULL,NULL,NULL,',1,8,',8),
	(46,'2017-06-16 01:01:02','2017-06-16 01:01:02',0,4,0,2,'手机耳机',0,NULL,NULL,NULL,NULL,NULL,NULL,NULL,NULL,',1,8,',8),
	(47,'2017-06-16 01:01:03','2017-06-16 01:01:03',0,5,0,2,'手机贴膜',0,NULL,NULL,NULL,NULL,NULL,NULL,NULL,NULL,',1,8,',8),
	(48,'2017-06-16 01:01:04','2017-06-16 01:01:04',0,6,0,2,'手机保护套',0,NULL,NULL,NULL,NULL,NULL,NULL,NULL,NULL,',1,8,',8),
	(49,'2017-06-16 01:01:05','2017-06-16 01:01:05',0,1,0,2,'数码相机',0,NULL,NULL,NULL,NULL,NULL,NULL,NULL,NULL,',1,9,',9),
	(50,'2017-06-16 01:01:06','2017-06-16 01:01:06',0,2,0,2,'单反相机',0,NULL,NULL,NULL,NULL,NULL,NULL,NULL,NULL,',1,9,',9),
	(51,'2017-06-16 01:01:07','2017-06-16 01:01:07',0,3,0,2,'数码摄像机',0,NULL,NULL,NULL,NULL,NULL,NULL,NULL,NULL,',1,9,',9),
	(52,'2017-06-16 01:01:08','2017-06-16 01:01:08',0,4,0,2,'拍立得',0,NULL,NULL,NULL,NULL,NULL,NULL,NULL,NULL,',1,9,',9),
	(53,'2017-06-16 01:01:09','2017-06-16 01:01:09',0,5,0,2,'镜头',0,NULL,NULL,NULL,NULL,NULL,NULL,NULL,NULL,',1,9,',9),
	(54,'2017-06-16 01:01:10','2017-06-16 01:01:10',0,6,0,2,'户外器材',0,NULL,NULL,NULL,NULL,NULL,NULL,NULL,NULL,',1,9,',9),
	(55,'2017-06-16 01:01:11','2017-06-16 01:01:11',0,1,0,2,'存储卡',0,NULL,NULL,NULL,NULL,NULL,NULL,NULL,NULL,',1,10,',10),
	(56,'2017-06-16 01:01:12','2017-06-16 01:01:12',0,2,0,2,'读卡器',0,NULL,NULL,NULL,NULL,NULL,NULL,NULL,NULL,',1,10,',10),
	(57,'2017-06-16 01:01:13','2017-06-16 01:01:13',0,3,0,2,'数码贴膜',0,NULL,NULL,NULL,NULL,NULL,NULL,NULL,NULL,',1,10,',10),
	(58,'2017-06-16 01:01:14','2017-06-16 01:01:14',0,4,0,2,'充电器',0,NULL,NULL,NULL,NULL,NULL,NULL,NULL,NULL,',1,10,',10),
	(59,'2017-06-16 01:01:15','2017-06-16 01:01:15',0,5,0,2,'相机包',0,NULL,NULL,NULL,NULL,NULL,NULL,NULL,NULL,',1,10,',10),
	(60,'2017-06-16 01:01:16','2017-06-16 01:01:16',0,6,0,2,'滤镜',0,NULL,NULL,NULL,NULL,NULL,NULL,NULL,NULL,',1,10,',10),
	(61,'2017-06-16 01:01:17','2017-06-16 01:01:17',0,1,0,2,'智能手环',0,NULL,NULL,NULL,NULL,NULL,NULL,NULL,NULL,',1,11,',11),
	(62,'2017-06-16 01:01:18','2017-06-16 01:01:18',0,2,0,2,'智能手表',0,NULL,NULL,NULL,NULL,NULL,NULL,NULL,NULL,',1,11,',11),
	(63,'2017-06-16 01:01:19','2017-06-16 01:01:19',0,3,0,2,'智能眼镜',0,NULL,NULL,NULL,NULL,NULL,NULL,NULL,NULL,',1,11,',11),
	(64,'2017-06-16 01:01:20','2017-06-16 01:01:20',0,4,0,2,'智能配饰',0,NULL,NULL,NULL,NULL,NULL,NULL,NULL,NULL,',1,11,',11),
	(65,'2017-06-16 01:01:21','2017-06-16 01:01:21',0,5,0,2,'智能家居',0,NULL,NULL,NULL,NULL,NULL,NULL,NULL,NULL,',1,11,',11),
	(66,'2017-06-16 01:01:22','2017-06-16 01:01:22',0,6,0,2,'健康监测',0,NULL,NULL,NULL,NULL,NULL,NULL,NULL,NULL,',1,11,',11),
	(67,'2017-06-16 01:01:23','2017-06-16 01:01:23',0,1,0,2,'MP3/MP4',0,NULL,NULL,NULL,NULL,NULL,NULL,NULL,NULL,',1,12,',12),
	(68,'2017-06-16 01:01:24','2017-06-16 01:01:24',0,2,0,2,'收录音机',0,NULL,NULL,NULL,NULL,NULL,NULL,NULL,NULL,',1,12,',12),
	(69,'2017-06-16 01:01:25','2017-06-16 01:01:25',0,3,0,2,'数码相框',0,NULL,NULL,NULL,NULL,NULL,NULL,NULL,NULL,',1,12,',12),
	(70,'2017-06-16 01:01:26','2017-06-16 01:01:26',0,4,0,2,'耳机耳麦',0,NULL,NULL,NULL,NULL,NULL,NULL,NULL,NULL,',1,12,',12),
	(71,'2017-06-16 01:01:27','2017-06-16 01:01:27',0,5,0,2,'录音笔',0,NULL,NULL,NULL,NULL,NULL,NULL,NULL,NULL,',1,12,',12),
	(72,'2017-06-16 01:01:28','2017-06-16 01:01:28',0,6,0,2,'音箱',0,NULL,NULL,NULL,NULL,NULL,NULL,NULL,NULL,',1,12,',12),
	(73,'2017-06-16 01:01:29','2017-06-16 01:01:29',0,1,0,2,'电子词典',0,NULL,NULL,NULL,NULL,NULL,NULL,NULL,NULL,',1,13,',13),
	(74,'2017-06-16 01:01:30','2017-06-16 01:01:30',0,2,0,2,'学生平板',0,NULL,NULL,NULL,NULL,NULL,NULL,NULL,NULL,',1,13,',13),
	(75,'2017-06-16 01:01:31','2017-06-16 01:01:31',0,3,0,2,'复读机',0,NULL,NULL,NULL,NULL,NULL,NULL,NULL,NULL,',1,13,',13),
	(76,'2017-06-16 01:01:32','2017-06-16 01:01:32',0,4,0,2,'点读机',0,NULL,NULL,NULL,NULL,NULL,NULL,NULL,NULL,',1,13,',13),
	(77,'2017-06-16 01:01:33','2017-06-16 01:01:33',0,5,0,2,'早教机',0,NULL,NULL,NULL,NULL,NULL,NULL,NULL,NULL,',1,13,',13),
	(78,'2017-06-16 01:01:34','2017-06-16 01:01:34',0,6,0,2,'学习机',0,NULL,NULL,NULL,NULL,NULL,NULL,NULL,NULL,',1,13,',13),
	(79,'2017-06-16 01:01:35','2017-06-16 01:01:35',0,1,0,2,'笔记本',0,NULL,NULL,NULL,NULL,NULL,NULL,NULL,NULL,',2,14,',14),
	(80,'2017-06-16 01:01:36','2017-06-16 01:01:36',0,2,0,2,'超极本',0,NULL,NULL,NULL,NULL,NULL,NULL,NULL,NULL,',2,14,',14),
	(81,'2017-06-16 01:01:37','2017-06-16 01:01:37',0,3,0,2,'游戏本',0,NULL,NULL,NULL,NULL,NULL,NULL,NULL,NULL,',2,14,',14),
	(82,'2017-06-16 01:01:38','2017-06-16 01:01:38',0,4,0,2,'平板电脑',0,NULL,NULL,NULL,NULL,NULL,NULL,NULL,NULL,',2,14,',14),
	(83,'2017-06-16 01:01:39','2017-06-16 01:01:39',0,5,0,2,'台式机',0,NULL,NULL,NULL,NULL,NULL,NULL,NULL,NULL,',2,14,',14),
	(84,'2017-06-16 01:01:40','2017-06-16 01:01:40',0,6,0,2,'服务器',0,NULL,NULL,NULL,NULL,NULL,NULL,NULL,NULL,',2,14,',14),
	(85,'2017-06-16 01:01:41','2017-06-16 01:01:41',0,1,0,2,'CPU',0,NULL,NULL,NULL,NULL,NULL,NULL,NULL,NULL,',2,15,',15),
	(86,'2017-06-16 01:01:42','2017-06-16 01:01:42',0,2,0,2,'主板',0,NULL,NULL,NULL,NULL,NULL,NULL,NULL,NULL,',2,15,',15),
	(87,'2017-06-16 01:01:43','2017-06-16 01:01:43',0,3,0,2,'硬盘',0,NULL,NULL,NULL,NULL,NULL,NULL,NULL,NULL,',2,15,',15),
	(88,'2017-06-16 01:01:44','2017-06-16 01:01:44',0,4,0,2,'内存',0,NULL,NULL,NULL,NULL,NULL,NULL,NULL,NULL,',2,15,',15),
	(89,'2017-06-16 01:01:45','2017-06-16 01:01:45',0,5,0,2,'机箱',0,NULL,NULL,NULL,NULL,NULL,NULL,NULL,NULL,',2,15,',15),
	(90,'2017-06-16 01:01:46','2017-06-16 01:01:46',0,6,0,2,'显示器',0,NULL,NULL,NULL,NULL,NULL,NULL,NULL,NULL,',2,15,',15),
	(91,'2017-06-16 01:01:47','2017-06-16 01:01:47',0,1,0,2,'移动硬盘',0,NULL,NULL,NULL,NULL,NULL,NULL,NULL,NULL,',2,16,',16),
	(92,'2017-06-16 01:01:48','2017-06-16 01:01:48',0,2,0,2,'U盘',0,NULL,NULL,NULL,NULL,NULL,NULL,NULL,NULL,',2,16,',16),
	(93,'2017-06-16 01:01:49','2017-06-16 01:01:49',0,3,0,2,'鼠标',0,NULL,NULL,NULL,NULL,NULL,NULL,NULL,NULL,',2,16,',16),
	(94,'2017-06-16 01:01:50','2017-06-16 01:01:50',0,4,0,2,'键盘',0,NULL,NULL,NULL,NULL,NULL,NULL,NULL,NULL,',2,16,',16),
	(95,'2017-06-16 01:01:51','2017-06-16 01:01:51',0,5,0,2,'摄像头',0,NULL,NULL,NULL,NULL,NULL,NULL,NULL,NULL,',2,16,',16),
	(96,'2017-06-16 01:01:52','2017-06-16 01:01:52',0,6,0,2,'手写板',0,NULL,NULL,NULL,NULL,NULL,NULL,NULL,NULL,',2,16,',16),
	(97,'2017-06-16 01:01:53','2017-06-16 01:01:53',0,1,0,2,'路由器',0,NULL,NULL,NULL,NULL,NULL,NULL,NULL,NULL,',2,17,',17),
	(98,'2017-06-16 01:01:54','2017-06-16 01:01:54',0,2,0,2,'交换机',0,NULL,NULL,NULL,NULL,NULL,NULL,NULL,NULL,',2,17,',17),
	(99,'2017-06-16 01:01:55','2017-06-16 01:01:55',0,3,0,2,'网卡',0,NULL,NULL,NULL,NULL,NULL,NULL,NULL,NULL,',2,17,',17),
	(100,'2017-06-16 01:01:56','2017-06-16 01:01:56',0,4,0,2,'网络存储',0,NULL,NULL,NULL,NULL,NULL,NULL,NULL,NULL,',2,17,',17),
	(101,'2017-06-16 01:01:57','2017-06-16 01:01:57',0,5,0,2,'3G/4G上网',0,NULL,NULL,NULL,NULL,NULL,NULL,NULL,NULL,',2,17,',17),
	(102,'2017-06-16 01:01:58','2017-06-16 01:01:58',0,6,0,2,'网络盒子',0,NULL,NULL,NULL,NULL,NULL,NULL,NULL,NULL,',2,17,',17),
	(103,'2017-06-16 01:01:59','2017-06-16 01:01:59',0,1,0,2,'打印机',0,NULL,NULL,NULL,NULL,NULL,NULL,NULL,NULL,',2,18,',18),
	(104,'2017-06-16 01:02:00','2017-06-16 01:02:00',0,2,0,2,'扫描仪',0,NULL,NULL,NULL,NULL,NULL,NULL,NULL,NULL,',2,18,',18),
	(105,'2017-06-16 01:02:01','2017-06-16 01:02:01',0,3,0,2,'传真机',0,NULL,NULL,NULL,NULL,NULL,NULL,NULL,NULL,',2,18,',18),
	(106,'2017-06-16 01:02:02','2017-06-16 01:02:02',0,4,0,2,'一体机',0,NULL,NULL,NULL,NULL,NULL,NULL,NULL,NULL,',2,18,',18),
	(107,'2017-06-16 01:02:03','2017-06-16 01:02:03',0,5,0,2,'投影机',0,NULL,NULL,NULL,NULL,NULL,NULL,NULL,NULL,',2,18,',18),
	(108,'2017-06-16 01:02:04','2017-06-16 01:02:04',0,6,0,2,'考勤机',0,NULL,NULL,NULL,NULL,NULL,NULL,NULL,NULL,',2,18,',18),
	(109,'2017-06-16 01:02:05','2017-06-16 01:02:05',0,1,0,2,'办公文具',0,NULL,NULL,NULL,NULL,NULL,NULL,NULL,NULL,',2,19,',19),
	(110,'2017-06-16 01:02:06','2017-06-16 01:02:06',0,2,0,2,'办公用纸',0,NULL,NULL,NULL,NULL,NULL,NULL,NULL,NULL,',2,19,',19),
	(111,'2017-06-16 01:02:07','2017-06-16 01:02:07',0,3,0,2,'财务用品',0,NULL,NULL,NULL,NULL,NULL,NULL,NULL,NULL,',2,19,',19),
	(112,'2017-06-16 01:02:08','2017-06-16 01:02:08',0,4,0,2,'学生文具',0,NULL,NULL,NULL,NULL,NULL,NULL,NULL,NULL,',2,19,',19),
	(113,'2017-06-16 01:02:09','2017-06-16 01:02:09',0,5,0,2,'文件管理',0,NULL,NULL,NULL,NULL,NULL,NULL,NULL,NULL,',2,19,',19),
	(114,'2017-06-16 01:02:10','2017-06-16 01:02:10',0,6,0,2,'计算器',0,NULL,NULL,NULL,NULL,NULL,NULL,NULL,NULL,',2,19,',19),
	(115,'2017-06-16 01:02:11','2017-06-16 01:02:11',0,1,0,2,'硒鼓',0,NULL,NULL,NULL,NULL,NULL,NULL,NULL,NULL,',2,20,',20),
	(116,'2017-06-16 01:02:12','2017-06-16 01:02:12',0,2,0,2,'墨粉',0,NULL,NULL,NULL,NULL,NULL,NULL,NULL,NULL,',2,20,',20),
	(117,'2017-06-16 01:02:13','2017-06-16 01:02:13',0,3,0,2,'墨盒',0,NULL,NULL,NULL,NULL,NULL,NULL,NULL,NULL,',2,20,',20),
	(118,'2017-06-16 01:02:14','2017-06-16 01:02:14',0,4,0,2,'色带',0,NULL,NULL,NULL,NULL,NULL,NULL,NULL,NULL,',2,20,',20),
	(119,'2017-06-16 01:02:15','2017-06-16 01:02:15',0,5,0,2,'纸类',0,NULL,NULL,NULL,NULL,NULL,NULL,NULL,NULL,',2,20,',20),
	(120,'2017-06-16 01:02:16','2017-06-16 01:02:16',0,6,0,2,'刻录光盘',0,NULL,NULL,NULL,NULL,NULL,NULL,NULL,NULL,',2,20,',20),
	(121,'2017-06-16 01:02:17','2017-06-16 01:02:17',0,1,0,2,'电风扇',0,NULL,NULL,NULL,NULL,NULL,NULL,NULL,NULL,',3,21,',21),
	(122,'2017-06-16 01:02:18','2017-06-16 01:02:18',0,2,0,2,'吸尘器',0,NULL,NULL,NULL,NULL,NULL,NULL,NULL,NULL,',3,21,',21),
	(123,'2017-06-16 01:02:19','2017-06-16 01:02:19',0,3,0,2,'饮水机',0,NULL,NULL,NULL,NULL,NULL,NULL,NULL,NULL,',3,21,',21),
	(124,'2017-06-16 01:02:20','2017-06-16 01:02:20',0,4,0,2,'加湿器',0,NULL,NULL,NULL,NULL,NULL,NULL,NULL,NULL,',3,21,',21),
	(125,'2017-06-16 01:02:21','2017-06-16 01:02:21',0,5,0,2,'干衣机',0,NULL,NULL,NULL,NULL,NULL,NULL,NULL,NULL,',3,21,',21),
	(126,'2017-06-16 01:02:22','2017-06-16 01:02:22',0,6,0,2,'电话机',0,NULL,NULL,NULL,NULL,NULL,NULL,NULL,NULL,',3,21,',21),
	(127,'2017-06-16 01:02:23','2017-06-16 01:02:23',0,1,0,2,'电饭煲',0,NULL,NULL,NULL,NULL,NULL,NULL,NULL,NULL,',3,22,',22),
	(128,'2017-06-16 01:02:24','2017-06-16 01:02:24',0,2,0,2,'微波炉',0,NULL,NULL,NULL,NULL,NULL,NULL,NULL,NULL,',3,22,',22),
	(129,'2017-06-16 01:02:25','2017-06-16 01:02:25',0,3,0,2,'电磁炉',0,NULL,NULL,NULL,NULL,NULL,NULL,NULL,NULL,',3,22,',22),
	(130,'2017-06-16 01:02:26','2017-06-16 01:02:26',0,4,0,2,'豆浆机',0,NULL,NULL,NULL,NULL,NULL,NULL,NULL,NULL,',3,22,',22),
	(131,'2017-06-16 01:02:27','2017-06-16 01:02:27',0,5,0,2,'榨汁机',0,NULL,NULL,NULL,NULL,NULL,NULL,NULL,NULL,',3,22,',22),
	(132,'2017-06-16 01:02:28','2017-06-16 01:02:28',0,6,0,2,'面包机',0,NULL,NULL,NULL,NULL,NULL,NULL,NULL,NULL,',3,22,',22),
	(133,'2017-06-16 01:02:29','2017-06-16 01:02:29',0,1,0,2,'剃须刀',0,NULL,NULL,NULL,NULL,NULL,NULL,NULL,NULL,',3,23,',23),
	(134,'2017-06-16 01:02:30','2017-06-16 01:02:30',0,2,0,2,'电吹风',0,NULL,NULL,NULL,NULL,NULL,NULL,NULL,NULL,',3,23,',23),
	(135,'2017-06-16 01:02:31','2017-06-16 01:02:31',0,3,0,2,'理发器',0,NULL,NULL,NULL,NULL,NULL,NULL,NULL,NULL,',3,23,',23),
	(136,'2017-06-16 01:02:32','2017-06-16 01:02:32',0,4,0,2,'体温计',0,NULL,NULL,NULL,NULL,NULL,NULL,NULL,NULL,',3,23,',23),
	(137,'2017-06-16 01:02:33','2017-06-16 01:02:33',0,5,0,2,'血压计',0,NULL,NULL,NULL,NULL,NULL,NULL,NULL,NULL,',3,23,',23),
	(138,'2017-06-16 01:02:34','2017-06-16 01:02:34',0,6,0,2,'血糖仪',0,NULL,NULL,NULL,NULL,NULL,NULL,NULL,NULL,',3,23,',23),
	(139,'2017-06-16 01:02:35','2017-06-16 01:02:35',0,1,0,2,'电动工具',0,NULL,NULL,NULL,NULL,NULL,NULL,NULL,NULL,',3,24,',24),
	(140,'2017-06-16 01:02:36','2017-06-16 01:02:36',0,2,0,2,'手动工具',0,NULL,NULL,NULL,NULL,NULL,NULL,NULL,NULL,',3,24,',24),
	(141,'2017-06-16 01:02:37','2017-06-16 01:02:37',0,3,0,2,'仪器仪表',0,NULL,NULL,NULL,NULL,NULL,NULL,NULL,NULL,',3,24,',24),
	(142,'2017-06-16 01:02:38','2017-06-16 01:02:38',0,4,0,2,'淋浴花洒',0,NULL,NULL,NULL,NULL,NULL,NULL,NULL,NULL,',3,24,',24),
	(143,'2017-06-16 01:02:39','2017-06-16 01:02:39',0,5,0,2,'厨卫五金',0,NULL,NULL,NULL,NULL,NULL,NULL,NULL,NULL,',3,24,',24),
	(144,'2017-06-16 01:02:40','2017-06-16 01:02:40',0,6,0,2,'家具五金',0,NULL,NULL,NULL,NULL,NULL,NULL,NULL,NULL,',3,24,',24),
	(145,'2017-06-16 01:02:41','2017-06-16 01:02:41',0,1,0,2,'平板电视',0,NULL,NULL,NULL,NULL,NULL,NULL,NULL,NULL,',3,25,',25),
	(146,'2017-06-16 01:02:42','2017-06-16 01:02:42',0,2,0,2,'家庭影院',0,NULL,NULL,NULL,NULL,NULL,NULL,NULL,NULL,',3,25,',25),
	(147,'2017-06-16 01:02:43','2017-06-16 01:02:43',0,3,0,2,'洗衣机',0,NULL,NULL,NULL,NULL,NULL,NULL,NULL,NULL,',3,25,',25),
	(148,'2017-06-16 01:02:44','2017-06-16 01:02:44',0,4,0,2,'热水器',0,NULL,NULL,NULL,NULL,NULL,NULL,NULL,NULL,',3,25,',25),
	(149,'2017-06-16 01:02:45','2017-06-16 01:02:45',0,5,0,2,'冰箱',0,NULL,NULL,NULL,NULL,NULL,NULL,NULL,NULL,',3,25,',25),
	(150,'2017-06-16 01:02:46','2017-06-16 01:02:46',0,6,0,2,'空调',0,NULL,NULL,NULL,NULL,NULL,NULL,NULL,NULL,',3,25,',25),
	(151,'2017-06-16 01:02:47','2017-06-16 01:02:47',0,1,0,2,'衬衫',0,NULL,NULL,NULL,NULL,NULL,NULL,NULL,NULL,',4,26,',26),
	(152,'2017-06-16 01:02:48','2017-06-16 01:02:48',0,2,0,2,'T恤',0,NULL,NULL,NULL,NULL,NULL,NULL,NULL,NULL,',4,26,',26),
	(153,'2017-06-16 01:02:49','2017-06-16 01:02:49',0,3,0,2,'夹克',0,NULL,NULL,NULL,NULL,NULL,NULL,NULL,NULL,',4,26,',26),
	(154,'2017-06-16 01:02:50','2017-06-16 01:02:50',0,4,0,2,'针织衫',0,NULL,NULL,NULL,NULL,NULL,NULL,NULL,NULL,',4,26,',26),
	(155,'2017-06-16 01:02:51','2017-06-16 01:02:51',0,5,0,2,'羊绒衫',0,NULL,NULL,NULL,NULL,NULL,NULL,NULL,NULL,',4,26,',26),
	(156,'2017-06-16 01:02:52','2017-06-16 01:02:52',0,6,0,2,'羽绒服',0,NULL,NULL,NULL,NULL,NULL,NULL,NULL,NULL,',4,26,',26),
	(157,'2017-06-16 01:02:53','2017-06-16 01:02:53',0,1,0,2,'衬衫',0,NULL,NULL,NULL,NULL,NULL,NULL,NULL,NULL,',4,27,',27),
	(158,'2017-06-16 01:02:54','2017-06-16 01:02:54',0,2,0,2,'T恤',0,NULL,NULL,NULL,NULL,NULL,NULL,NULL,NULL,',4,27,',27),
	(159,'2017-06-16 01:02:55','2017-06-16 01:02:55',0,3,0,2,'风衣',0,NULL,NULL,NULL,NULL,NULL,NULL,NULL,NULL,',4,27,',27),
	(160,'2017-06-16 01:02:56','2017-06-16 01:02:56',0,4,0,2,'连衣裙',0,NULL,NULL,NULL,NULL,NULL,NULL,NULL,NULL,',4,27,',27),
	(161,'2017-06-16 01:02:57','2017-06-16 01:02:57',0,5,0,2,'牛仔裤',0,NULL,NULL,NULL,NULL,NULL,NULL,NULL,NULL,',4,27,',27),
	(162,'2017-06-16 01:02:58','2017-06-16 01:02:58',0,6,0,2,'休闲裤',0,NULL,NULL,NULL,NULL,NULL,NULL,NULL,NULL,',4,27,',27),
	(163,'2017-06-16 01:02:59','2017-06-16 01:02:59',0,1,0,2,'文胸',0,NULL,NULL,NULL,NULL,NULL,NULL,NULL,NULL,',4,28,',28),
	(164,'2017-06-16 01:03:00','2017-06-16 01:03:00',0,2,0,2,'女式内裤',0,NULL,NULL,NULL,NULL,NULL,NULL,NULL,NULL,',4,28,',28),
	(165,'2017-06-16 01:03:01','2017-06-16 01:03:01',0,3,0,2,'男式内裤',0,NULL,NULL,NULL,NULL,NULL,NULL,NULL,NULL,',4,28,',28),
	(166,'2017-06-16 01:03:02','2017-06-16 01:03:02',0,4,0,2,'保暖内衣',0,NULL,NULL,NULL,NULL,NULL,NULL,NULL,NULL,',4,28,',28),
	(167,'2017-06-16 01:03:03','2017-06-16 01:03:03',0,5,0,2,'秋衣秋裤',0,NULL,NULL,NULL,NULL,NULL,NULL,NULL,NULL,',4,28,',28),
	(168,'2017-06-16 01:03:04','2017-06-16 01:03:04',0,6,0,2,'塑身美体',0,NULL,NULL,NULL,NULL,NULL,NULL,NULL,NULL,',4,28,',28),
	(169,'2017-06-16 01:03:05','2017-06-16 01:03:05',0,1,0,2,'正装鞋',0,NULL,NULL,NULL,NULL,NULL,NULL,NULL,NULL,',4,29,',29),
	(170,'2017-06-16 01:03:06','2017-06-16 01:03:06',0,2,0,2,'休闲鞋',0,NULL,NULL,NULL,NULL,NULL,NULL,NULL,NULL,',4,29,',29),
	(171,'2017-06-16 01:03:07','2017-06-16 01:03:07',0,3,0,2,'运动鞋',0,NULL,NULL,NULL,NULL,NULL,NULL,NULL,NULL,',4,29,',29),
	(172,'2017-06-16 01:03:08','2017-06-16 01:03:08',0,4,0,2,'凉鞋',0,NULL,NULL,NULL,NULL,NULL,NULL,NULL,NULL,',4,29,',29),
	(173,'2017-06-16 01:03:09','2017-06-16 01:03:09',0,5,0,2,'拖鞋',0,NULL,NULL,NULL,NULL,NULL,NULL,NULL,NULL,',4,29,',29),
	(174,'2017-06-16 01:03:10','2017-06-16 01:03:10',0,6,0,2,'男靴',0,NULL,NULL,NULL,NULL,NULL,NULL,NULL,NULL,',4,29,',29),
	(175,'2017-06-16 01:03:11','2017-06-16 01:03:11',0,1,0,2,'高跟鞋',0,NULL,NULL,NULL,NULL,NULL,NULL,NULL,NULL,',4,30,',30),
	(176,'2017-06-16 01:03:12','2017-06-16 01:03:12',0,2,0,2,'休闲鞋',0,NULL,NULL,NULL,NULL,NULL,NULL,NULL,NULL,',4,30,',30),
	(177,'2017-06-16 01:03:13','2017-06-16 01:03:13',0,3,0,2,'运动鞋',0,NULL,NULL,NULL,NULL,NULL,NULL,NULL,NULL,',4,30,',30),
	(178,'2017-06-16 01:03:14','2017-06-16 01:03:14',0,4,0,2,'凉鞋',0,NULL,NULL,NULL,NULL,NULL,NULL,NULL,NULL,',4,30,',30),
	(179,'2017-06-16 01:03:15','2017-06-16 01:03:15',0,5,0,2,'拖鞋',0,NULL,NULL,NULL,NULL,NULL,NULL,NULL,NULL,',4,30,',30),
	(180,'2017-06-16 01:03:16','2017-06-16 01:03:16',0,6,0,2,'女靴',0,NULL,NULL,NULL,NULL,NULL,NULL,NULL,NULL,',4,30,',30),
	(181,'2017-06-16 01:03:17','2017-06-16 01:03:17',0,1,0,2,'清洁',0,NULL,NULL,NULL,NULL,NULL,NULL,NULL,NULL,',5,31,',31),
	(182,'2017-06-16 01:03:18','2017-06-16 01:03:18',0,2,0,2,'护肤',0,NULL,NULL,NULL,NULL,NULL,NULL,NULL,NULL,',5,31,',31),
	(183,'2017-06-16 01:03:19','2017-06-16 01:03:19',0,3,0,2,'面膜',0,NULL,NULL,NULL,NULL,NULL,NULL,NULL,NULL,',5,31,',31),
	(184,'2017-06-16 01:03:20','2017-06-16 01:03:20',0,4,0,2,'剃须',0,NULL,NULL,NULL,NULL,NULL,NULL,NULL,NULL,',5,31,',31),
	(185,'2017-06-16 01:03:21','2017-06-16 01:03:21',0,5,0,2,'化妆水',0,NULL,NULL,NULL,NULL,NULL,NULL,NULL,NULL,',5,31,',31),
	(186,'2017-06-16 01:03:22','2017-06-16 01:03:22',0,6,0,2,'套装',0,NULL,NULL,NULL,NULL,NULL,NULL,NULL,NULL,',5,31,',31),
	(187,'2017-06-16 01:03:23','2017-06-16 01:03:23',0,1,0,2,'沐浴',0,NULL,NULL,NULL,NULL,NULL,NULL,NULL,NULL,',5,32,',32),
	(188,'2017-06-16 01:03:24','2017-06-16 01:03:24',0,2,0,2,'润肤',0,NULL,NULL,NULL,NULL,NULL,NULL,NULL,NULL,',5,32,',32),
	(189,'2017-06-16 01:03:25','2017-06-16 01:03:25',0,3,0,2,'颈部',0,NULL,NULL,NULL,NULL,NULL,NULL,NULL,NULL,',5,32,',32),
	(190,'2017-06-16 01:03:26','2017-06-16 01:03:26',0,4,0,2,'手足',0,NULL,NULL,NULL,NULL,NULL,NULL,NULL,NULL,',5,32,',32),
	(191,'2017-06-16 01:03:27','2017-06-16 01:03:27',0,5,0,2,'塑形',0,NULL,NULL,NULL,NULL,NULL,NULL,NULL,NULL,',5,32,',32),
	(192,'2017-06-16 01:03:28','2017-06-16 01:03:28',0,6,0,2,'美胸',0,NULL,NULL,NULL,NULL,NULL,NULL,NULL,NULL,',5,32,',32),
	(193,'2017-06-16 01:03:29','2017-06-16 01:03:29',0,1,0,2,'牙膏',0,NULL,NULL,NULL,NULL,NULL,NULL,NULL,NULL,',5,33,',33),
	(194,'2017-06-16 01:03:30','2017-06-16 01:03:30',0,2,0,2,'牙粉',0,NULL,NULL,NULL,NULL,NULL,NULL,NULL,NULL,',5,33,',33),
	(195,'2017-06-16 01:03:31','2017-06-16 01:03:31',0,3,0,2,'牙刷',0,NULL,NULL,NULL,NULL,NULL,NULL,NULL,NULL,',5,33,',33),
	(196,'2017-06-16 01:03:32','2017-06-16 01:03:32',0,4,0,2,'牙线',0,NULL,NULL,NULL,NULL,NULL,NULL,NULL,NULL,',5,33,',33),
	(197,'2017-06-16 01:03:33','2017-06-16 01:03:33',0,5,0,2,'漱口水',0,NULL,NULL,NULL,NULL,NULL,NULL,NULL,NULL,',5,33,',33),
	(198,'2017-06-16 01:03:34','2017-06-16 01:03:34',0,6,0,2,'套装',0,NULL,NULL,NULL,NULL,NULL,NULL,NULL,NULL,',5,33,',33),
	(199,'2017-06-16 01:03:35','2017-06-16 01:03:35',0,1,0,2,'洗发',0,NULL,NULL,NULL,NULL,NULL,NULL,NULL,NULL,',5,34,',34),
	(200,'2017-06-16 01:03:36','2017-06-16 01:03:36',0,2,0,2,'护发',0,NULL,NULL,NULL,NULL,NULL,NULL,NULL,NULL,',5,34,',34),
	(201,'2017-06-16 01:03:37','2017-06-16 01:03:37',0,3,0,2,'染发',0,NULL,NULL,NULL,NULL,NULL,NULL,NULL,NULL,',5,34,',34),
	(202,'2017-06-16 01:03:38','2017-06-16 01:03:38',0,4,0,2,'造型',0,NULL,NULL,NULL,NULL,NULL,NULL,NULL,NULL,',5,34,',34),
	(203,'2017-06-16 01:03:39','2017-06-16 01:03:39',0,5,0,2,'假发',0,NULL,NULL,NULL,NULL,NULL,NULL,NULL,NULL,',5,34,',34),
	(204,'2017-06-16 01:03:40','2017-06-16 01:03:40',0,6,0,2,'套装',0,NULL,NULL,NULL,NULL,NULL,NULL,NULL,NULL,',5,34,',34),
	(205,'2017-06-16 01:03:41','2017-06-16 01:03:41',0,1,0,2,'香水',0,NULL,NULL,NULL,NULL,NULL,NULL,NULL,NULL,',5,35,',35),
	(206,'2017-06-16 01:03:42','2017-06-16 01:03:42',0,2,0,2,'底妆',0,NULL,NULL,NULL,NULL,NULL,NULL,NULL,NULL,',5,35,',35),
	(207,'2017-06-16 01:03:43','2017-06-16 01:03:43',0,3,0,2,'腮红',0,NULL,NULL,NULL,NULL,NULL,NULL,NULL,NULL,',5,35,',35),
	(208,'2017-06-16 01:03:44','2017-06-16 01:03:44',0,4,0,2,'眼部',0,NULL,NULL,NULL,NULL,NULL,NULL,NULL,NULL,',5,35,',35),
	(209,'2017-06-16 01:03:45','2017-06-16 01:03:45',0,5,0,2,'唇部',0,NULL,NULL,NULL,NULL,NULL,NULL,NULL,NULL,',5,35,',35),
	(210,'2017-06-16 01:03:46','2017-06-16 01:03:46',0,6,0,2,'美甲',0,NULL,NULL,NULL,NULL,NULL,NULL,NULL,NULL,',5,35,',35),
	(211,'2017-06-16 01:03:47','2017-06-16 01:03:47',0,1,0,2,'被子',0,NULL,NULL,NULL,NULL,NULL,NULL,NULL,NULL,',6,36,',36),
	(212,'2017-06-16 01:03:48','2017-06-16 01:03:48',0,2,0,2,'毯子',0,NULL,NULL,NULL,NULL,NULL,NULL,NULL,NULL,',6,36,',36),
	(213,'2017-06-16 01:03:49','2017-06-16 01:03:49',0,3,0,2,'凉席',0,NULL,NULL,NULL,NULL,NULL,NULL,NULL,NULL,',6,36,',36),
	(214,'2017-06-16 01:03:50','2017-06-16 01:03:50',0,4,0,2,'蚊帐',0,NULL,NULL,NULL,NULL,NULL,NULL,NULL,NULL,',6,36,',36),
	(215,'2017-06-16 01:03:51','2017-06-16 01:03:51',0,5,0,2,'床垫',0,NULL,NULL,NULL,NULL,NULL,NULL,NULL,NULL,',6,36,',36),
	(216,'2017-06-16 01:03:52','2017-06-16 01:03:52',0,6,0,2,'布艺',0,NULL,NULL,NULL,NULL,NULL,NULL,NULL,NULL,',6,36,',36),
	(217,'2017-06-16 01:03:53','2017-06-16 01:03:53',0,1,0,2,'台灯',0,NULL,NULL,NULL,NULL,NULL,NULL,NULL,NULL,',6,37,',37),
	(218,'2017-06-16 01:03:54','2017-06-16 01:03:54',0,2,0,2,'吊灯',0,NULL,NULL,NULL,NULL,NULL,NULL,NULL,NULL,',6,37,',37),
	(219,'2017-06-16 01:03:55','2017-06-16 01:03:55',0,3,0,2,'壁灯',0,NULL,NULL,NULL,NULL,NULL,NULL,NULL,NULL,',6,37,',37),
	(220,'2017-06-16 01:03:56','2017-06-16 01:03:56',0,4,0,2,'射灯',0,NULL,NULL,NULL,NULL,NULL,NULL,NULL,NULL,',6,37,',37),
	(221,'2017-06-16 01:03:57','2017-06-16 01:03:57',0,5,0,2,'吸顶灯',0,NULL,NULL,NULL,NULL,NULL,NULL,NULL,NULL,',6,37,',37),
	(222,'2017-06-16 01:03:58','2017-06-16 01:03:58',0,6,0,2,'落地灯',0,NULL,NULL,NULL,NULL,NULL,NULL,NULL,NULL,',6,37,',37),
	(223,'2017-06-16 01:03:59','2017-06-16 01:03:59',0,1,0,2,'开关',0,NULL,NULL,NULL,NULL,NULL,NULL,NULL,NULL,',6,38,',38),
	(224,'2017-06-16 01:04:00','2017-06-16 01:04:00',0,2,0,2,'插座',0,NULL,NULL,NULL,NULL,NULL,NULL,NULL,NULL,',6,38,',38),
	(225,'2017-06-16 01:04:01','2017-06-16 01:04:01',0,3,0,2,'电线',0,NULL,NULL,NULL,NULL,NULL,NULL,NULL,NULL,',6,38,',38),
	(226,'2017-06-16 01:04:02','2017-06-16 01:04:02',0,4,0,2,'转换插头',0,NULL,NULL,NULL,NULL,NULL,NULL,NULL,NULL,',6,38,',38),
	(227,'2017-06-16 01:04:03','2017-06-16 01:04:03',0,5,0,2,'电工电料',0,NULL,NULL,NULL,NULL,NULL,NULL,NULL,NULL,',6,38,',38),
	(228,'2017-06-16 01:04:04','2017-06-16 01:04:04',0,6,0,2,'监控安防',0,NULL,NULL,NULL,NULL,NULL,NULL,NULL,NULL,',6,38,',38),
	(229,'2017-06-16 01:04:05','2017-06-16 01:04:05',0,1,0,2,'收纳用品',0,NULL,NULL,NULL,NULL,NULL,NULL,NULL,NULL,',6,39,',39),
	(230,'2017-06-16 01:04:06','2017-06-16 01:04:06',0,2,0,2,'晴雨用具',0,NULL,NULL,NULL,NULL,NULL,NULL,NULL,NULL,',6,39,',39),
	(231,'2017-06-16 01:04:07','2017-06-16 01:04:07',0,3,0,2,'浴室用品',0,NULL,NULL,NULL,NULL,NULL,NULL,NULL,NULL,',6,39,',39),
	(232,'2017-06-16 01:04:08','2017-06-16 01:04:08',0,4,0,2,'针织用品',0,NULL,NULL,NULL,NULL,NULL,NULL,NULL,NULL,',6,39,',39),
	(233,'2017-06-16 01:04:09','2017-06-16 01:04:09',0,5,0,2,'净化除味',0,NULL,NULL,NULL,NULL,NULL,NULL,NULL,NULL,',6,39,',39),
	(234,'2017-06-16 01:04:10','2017-06-16 01:04:10',0,6,0,2,'驱蚊驱虫',0,NULL,NULL,NULL,NULL,NULL,NULL,NULL,NULL,',6,39,',39),
	(235,'2017-06-16 01:04:11','2017-06-16 01:04:11',0,1,0,2,'纸品湿巾',0,NULL,NULL,NULL,NULL,NULL,NULL,NULL,NULL,',6,40,',40),
	(236,'2017-06-16 01:04:12','2017-06-16 01:04:12',0,2,0,2,'衣物洗护',0,NULL,NULL,NULL,NULL,NULL,NULL,NULL,NULL,',6,40,',40),
	(237,'2017-06-16 01:04:13','2017-06-16 01:04:13',0,3,0,2,'皮具护理',0,NULL,NULL,NULL,NULL,NULL,NULL,NULL,NULL,',6,40,',40),
	(238,'2017-06-16 01:04:14','2017-06-16 01:04:14',0,4,0,2,'居家清洁',0,NULL,NULL,NULL,NULL,NULL,NULL,NULL,NULL,',6,40,',40),
	(239,'2017-06-16 01:04:15','2017-06-16 01:04:15',0,5,0,2,'清洁工具',0,NULL,NULL,NULL,NULL,NULL,NULL,NULL,NULL,',6,40,',40),
	(240,'2017-06-16 01:04:16','2017-06-16 01:04:16',0,6,0,2,'驱虫用品',0,NULL,NULL,NULL,NULL,NULL,NULL,NULL,NULL,',6,40,',40),
	(241,'2017-06-16 01:04:17','2017-11-06 16:51:40',1,7,0,0,'积分商城',0,b'1',b'0',NULL,b'0',NULL,NULL,NULL,NULL,',',NULL);

/*!40000 ALTER TABLE `product_category` ENABLE KEYS */;
UNLOCK TABLES;


# Dump of table product_category_brand
# ------------------------------------------------------------

DROP TABLE IF EXISTS `product_category_brand`;

CREATE TABLE `product_category_brand` (
  `product_categories_id` bigint(20) NOT NULL COMMENT '商品分类',
  `brands_id` bigint(20) NOT NULL COMMENT '关联品牌',
  PRIMARY KEY (`product_categories_id`,`brands_id`),
  KEY `ind_ProductCategory_Brand_brands_id` (`brands_id`),
  CONSTRAINT `FK5vul58lu3h6lfs4pqjw5q45qy` FOREIGN KEY (`product_categories_id`) REFERENCES `product_category` (`id`),
  CONSTRAINT `FKsii52c0wn72fdfouu16iltmv8` FOREIGN KEY (`brands_id`) REFERENCES `brand` (`id`)
) ENGINE=InnoDB DEFAULT CHARSET=utf8 COMMENT='商品分类品牌中间表';

LOCK TABLES `product_category_brand` WRITE;
/*!40000 ALTER TABLE `product_category_brand` DISABLE KEYS */;

INSERT INTO `product_category_brand` (`product_categories_id`, `brands_id`)
VALUES
	(1,1),
	(1,2),
	(1,3),
	(1,4),
	(1,5),
	(1,6),
	(1,7),
	(1,8),
	(2,9),
	(2,10),
	(2,11),
	(2,12),
	(2,13),
	(2,14),
	(2,15),
	(2,16),
	(3,17),
	(3,18),
	(3,19),
	(3,20),
	(3,21),
	(3,22),
	(3,23),
	(3,24),
	(4,25),
	(4,26),
	(4,27),
	(4,28),
	(4,29),
	(4,30),
	(4,31),
	(4,32),
	(5,33),
	(5,34),
	(5,35),
	(5,36),
	(5,37),
	(5,38),
	(5,39),
	(5,40),
	(6,41),
	(6,42),
	(6,43),
	(6,44),
	(6,45),
	(6,46),
	(6,47),
	(6,48);

/*!40000 ALTER TABLE `product_category_brand` ENABLE KEYS */;
UNLOCK TABLES;


# Dump of table product_category_promotion
# ------------------------------------------------------------

DROP TABLE IF EXISTS `product_category_promotion`;

CREATE TABLE `product_category_promotion` (
  `product_categories_id` bigint(20) NOT NULL COMMENT '商品分类',
  `promotions_id` bigint(20) NOT NULL COMMENT '关联促销',
  PRIMARY KEY (`product_categories_id`,`promotions_id`),
  KEY `ind_ProductCategory_Promotion_promotions_id` (`promotions_id`),
  CONSTRAINT `FK2ugrs1bp2vqqdhpamgimo6e69` FOREIGN KEY (`product_categories_id`) REFERENCES `product_category` (`id`),
  CONSTRAINT `FK3keuhngknhi9kk401l459ro34` FOREIGN KEY (`promotions_id`) REFERENCES `promotion` (`id`)
) ENGINE=InnoDB DEFAULT CHARSET=utf8 COMMENT='商品分类促销中间表';



# Dump of table product_category_store
# ------------------------------------------------------------

DROP TABLE IF EXISTS `product_category_store`;

CREATE TABLE `product_category_store` (
  `stores_id` bigint(20) NOT NULL COMMENT '店铺',
  `product_categories_id` bigint(20) NOT NULL COMMENT '经营分类',
  PRIMARY KEY (`stores_id`,`product_categories_id`),
  KEY `ind_Store_ProductCategory_productCategories_id` (`product_categories_id`),
  CONSTRAINT `FKhjs7nmtg60e5y5tfl9yan157v` FOREIGN KEY (`product_categories_id`) REFERENCES `product_category` (`id`),
  CONSTRAINT `FKjig1p65bkc8h4ucvhtgwijpv4` FOREIGN KEY (`stores_id`) REFERENCES `store` (`id`)
) ENGINE=InnoDB DEFAULT CHARSET=utf8 COMMENT='店铺商品分类中间表';

LOCK TABLES `product_category_store` WRITE;
/*!40000 ALTER TABLE `product_category_store` DISABLE KEYS */;

INSERT INTO `product_category_store` (`stores_id`, `product_categories_id`)
VALUES
	(1,1),
	(1,41),
	(2,49),
	(2,79),
	(2,82),
	(2,145),
	(2,150),
	(1,241);

/*!40000 ALTER TABLE `product_category_store` ENABLE KEYS */;
UNLOCK TABLES;


# Dump of table product_favorite
# ------------------------------------------------------------

DROP TABLE IF EXISTS `product_favorite`;

CREATE TABLE `product_favorite` (
  `id` bigint(20) NOT NULL COMMENT 'ID',
  `created_date` datetime DEFAULT NULL COMMENT '创建日期',
  `last_modified_date` datetime DEFAULT NULL COMMENT '最后修改日期',
  `version` bigint(20) DEFAULT NULL COMMENT '版本',
  `member_id` bigint(20) NOT NULL COMMENT '会员',
  `product_id` bigint(20) NOT NULL COMMENT '商品',
  PRIMARY KEY (`id`),
  UNIQUE KEY `uni_ProductFavorite_member_id` (`member_id`,`product_id`),
  UNIQUE KEY `UK7eep632bvaw8o9ey7357448kx` (`member_id`,`product_id`),
  KEY `ind_ProductFavorite_product_id` (`product_id`),
  CONSTRAINT `FKa5my3euev3kye55icbv6xss9d` FOREIGN KEY (`member_id`) REFERENCES `member` (`id`),
  CONSTRAINT `FKnf4hhxepo5k64825u109teboq` FOREIGN KEY (`product_id`) REFERENCES `product` (`id`)
) ENGINE=InnoDB DEFAULT CHARSET=utf8 COMMENT='商品收藏';



# Dump of table product_notify
# ------------------------------------------------------------

DROP TABLE IF EXISTS `product_notify`;

CREATE TABLE `product_notify` (
  `id` bigint(20) NOT NULL COMMENT 'ID',
  `created_date` datetime DEFAULT NULL COMMENT '创建日期',
  `last_modified_date` datetime DEFAULT NULL COMMENT '最后修改日期',
  `version` bigint(20) DEFAULT NULL COMMENT '版本',
  `email` varchar(255) NOT NULL DEFAULT '' COMMENT 'E-mail',
  `has_sent` bit(1) NOT NULL COMMENT '是否已发送',
  `member_id` bigint(20) DEFAULT NULL COMMENT '会员',
  `sku_id` bigint(20) NOT NULL COMMENT 'SKU',
  PRIMARY KEY (`id`),
  KEY `ind_ProductNotify_member_id` (`member_id`),
  KEY `ind_ProductNotify_sku_id` (`sku_id`),
  CONSTRAINT `FK4ox6tftbk95817t1fbcondd9s` FOREIGN KEY (`member_id`) REFERENCES `member` (`id`),
  CONSTRAINT `FK93ei4olj5ajrfwtj310bgdeu1` FOREIGN KEY (`sku_id`) REFERENCES `sku` (`id`)
) ENGINE=InnoDB DEFAULT CHARSET=utf8 COMMENT='到货通知';



# Dump of table product_product_tag
# ------------------------------------------------------------

DROP TABLE IF EXISTS `product_product_tag`;

CREATE TABLE `product_product_tag` (
  `products_id` bigint(20) NOT NULL COMMENT '商品',
  `product_tags_id` bigint(20) NOT NULL COMMENT '商品标签',
  PRIMARY KEY (`products_id`,`product_tags_id`),
  KEY `ind_Product_ProductTag_productTags_id` (`product_tags_id`),
  CONSTRAINT `FK291uyiphqc210jhj1y3oskno` FOREIGN KEY (`products_id`) REFERENCES `product` (`id`),
  CONSTRAINT `FK2kdmsdy659p6i6iyup0uw9pk9` FOREIGN KEY (`product_tags_id`) REFERENCES `product_tag` (`id`)
) ENGINE=InnoDB DEFAULT CHARSET=utf8 COMMENT='商品商品标签中间表';

LOCK TABLES `product_product_tag` WRITE;
/*!40000 ALTER TABLE `product_product_tag` DISABLE KEYS */;

INSERT INTO `product_product_tag` (`products_id`, `product_tags_id`)
VALUES
	(1,1),
	(2,1),
	(4,1),
	(5,1),
	(21,1),
	(22,1),
	(23,1),
	(24,1),
	(25,1),
	(26,1),
	(27,1),
	(28,1),
	(29,1),
	(30,1),
	(31,1),
	(32,1),
	(33,1),
	(34,1),
	(35,1),
	(36,1),
	(37,1),
	(38,1),
	(39,1),
	(40,1),
	(41,1),
	(42,1),
	(43,1),
	(44,1),
	(45,1),
	(3,2),
	(7,2),
	(10,2),
	(12,2),
	(16,2),
	(18,2),
	(20,2),
	(47,2);

/*!40000 ALTER TABLE `product_product_tag` ENABLE KEYS */;
UNLOCK TABLES;


# Dump of table product_promotion
# ------------------------------------------------------------

DROP TABLE IF EXISTS `product_promotion`;

CREATE TABLE `product_promotion` (
  `products_id` bigint(20) NOT NULL COMMENT '商品',
  `promotions_id` bigint(20) NOT NULL COMMENT '促销',
  PRIMARY KEY (`products_id`,`promotions_id`),
  KEY `ind_Product_Promotion_promotions_id` (`promotions_id`),
  CONSTRAINT `FK5gduitygd92gk2yb1o72wqneo` FOREIGN KEY (`promotions_id`) REFERENCES `promotion` (`id`),
  CONSTRAINT `FKolqtulvfjn1hxuosv4vqom1if` FOREIGN KEY (`products_id`) REFERENCES `product` (`id`)
) ENGINE=InnoDB DEFAULT CHARSET=utf8 COMMENT='商品促销中间表';



# Dump of table product_store_product_tag
# ------------------------------------------------------------

DROP TABLE IF EXISTS `product_store_product_tag`;

CREATE TABLE `product_store_product_tag` (
  `products_id` bigint(20) NOT NULL COMMENT '商品',
  `store_product_tags_id` bigint(20) NOT NULL COMMENT '店铺商品标签',
  PRIMARY KEY (`products_id`,`store_product_tags_id`),
  KEY `ind_Product_StoreProductTag_storeProductTags_id` (`store_product_tags_id`),
  CONSTRAINT `FKc2dksjhu808kks1vnc9t1nepr` FOREIGN KEY (`products_id`) REFERENCES `product` (`id`),
  CONSTRAINT `FKmt6wixp4dbnq5ag8ctr2uc8rs` FOREIGN KEY (`store_product_tags_id`) REFERENCES `store_product_tag` (`id`)
) ENGINE=InnoDB DEFAULT CHARSET=utf8 COMMENT='商品店铺商品标签中间表';



# Dump of table product_tag
# ------------------------------------------------------------

DROP TABLE IF EXISTS `product_tag`;

CREATE TABLE `product_tag` (
  `id` bigint(20) NOT NULL COMMENT 'ID',
  `created_date` datetime DEFAULT NULL COMMENT '创建日期',
  `last_modified_date` datetime DEFAULT NULL COMMENT '最后修改日期',
  `version` bigint(20) DEFAULT NULL COMMENT '版本',
  `orders` int(11) DEFAULT NULL COMMENT '排序',
  `icon` varchar(255) DEFAULT NULL COMMENT '图标',
  `memo` varchar(255) DEFAULT NULL COMMENT '备注',
  `name` varchar(255) NOT NULL DEFAULT '' COMMENT '名称',
  PRIMARY KEY (`id`)
) ENGINE=InnoDB DEFAULT CHARSET=utf8 COMMENT='商品标签';

LOCK TABLES `product_tag` WRITE;
/*!40000 ALTER TABLE `product_tag` DISABLE KEYS */;

INSERT INTO `product_tag` (`id`, `created_date`, `last_modified_date`, `version`, `orders`, `icon`, `memo`, `name`)
VALUES
	(1,'2017-06-16 00:03:42','2017-06-16 00:03:42',0,1,NULL,NULL,'热销'),
	(2,'2017-06-16 00:03:43','2017-11-06 16:52:49',1,2,'/upload/image/201711/aa44906a-7a2c-49eb-9e0a-83e9012cf389.png',NULL,'最新');

/*!40000 ALTER TABLE `product_tag` ENABLE KEYS */;
UNLOCK TABLES;


# Dump of table promotion
# ------------------------------------------------------------

DROP TABLE IF EXISTS `promotion`;

CREATE TABLE `promotion` (
  `id` bigint(20) NOT NULL COMMENT 'ID',
  `created_date` datetime DEFAULT NULL COMMENT '创建日期',
  `last_modified_date` datetime DEFAULT NULL COMMENT '最后修改日期',
  `version` bigint(20) DEFAULT NULL COMMENT '版本',
  `orders` int(11) DEFAULT NULL COMMENT '排序',
  `begin_date` datetime DEFAULT NULL COMMENT '起始日期',
  `conditions_amount` decimal(21,6) DEFAULT NULL COMMENT '条件金额',
  `conditions_number` int(11) DEFAULT NULL COMMENT '条件数量',
  `credit_amount` decimal(21,6) DEFAULT NULL COMMENT '减免金额',
  `credit_number` int(11) DEFAULT NULL COMMENT '满减数量',
  `discount` double DEFAULT NULL COMMENT '折扣',
  `end_date` datetime DEFAULT NULL COMMENT '结束日期',
  `image` varchar(255) DEFAULT NULL COMMENT '图片',
  `introduction` longtext COMMENT '介绍',
  `is_coupon_allowed` bit(1) NOT NULL COMMENT '是否允许使用优惠券',
  `is_enabled` bit(1) NOT NULL COMMENT '是否启用',
  `is_free_shipping` bit(1) NOT NULL COMMENT '是否免运费',
  `maximum_price` decimal(21,6) DEFAULT NULL COMMENT '最大SKU价格',
  `maximum_quantity` int(11) DEFAULT NULL COMMENT '最大SKU数量',
  `minimum_price` decimal(21,6) DEFAULT NULL COMMENT '最小SKU价格',
  `minimum_quantity` int(11) DEFAULT NULL COMMENT '最小SKU数量',
  `name` varchar(255) NOT NULL DEFAULT '' COMMENT '名称',
  `price_expression` varchar(255) DEFAULT NULL COMMENT '价格运算表达式',
  `title` varchar(255) NOT NULL DEFAULT '' COMMENT '标题',
  `type` int(11) NOT NULL COMMENT '类型',
  `store_id` bigint(20) NOT NULL COMMENT '店铺',
  PRIMARY KEY (`id`),
  KEY `ind_Promotion_store_id` (`store_id`),
  CONSTRAINT `FK88qibmbmkxi886rmqceqeqiv9` FOREIGN KEY (`store_id`) REFERENCES `store` (`id`)
) ENGINE=InnoDB DEFAULT CHARSET=utf8 COMMENT='促销';



# Dump of table promotion_coupon
# ------------------------------------------------------------

DROP TABLE IF EXISTS `promotion_coupon`;

CREATE TABLE `promotion_coupon` (
  `promotions_id` bigint(20) NOT NULL COMMENT '促销',
  `coupons_id` bigint(20) NOT NULL COMMENT '赠送优惠券',
  PRIMARY KEY (`promotions_id`,`coupons_id`),
  KEY `ind_Promotion_Coupon_coupons_id` (`coupons_id`),
  CONSTRAINT `FKbt5r2jp559wiwvtuya7xdu7yv` FOREIGN KEY (`promotions_id`) REFERENCES `promotion` (`id`),
  CONSTRAINT `FKsm7rwkyfu4fgmrr60uogn6jq6` FOREIGN KEY (`coupons_id`) REFERENCES `coupon` (`id`)
) ENGINE=InnoDB DEFAULT CHARSET=utf8 COMMENT='促销优惠券中间表';



# Dump of table promotion_member_rank
# ------------------------------------------------------------

DROP TABLE IF EXISTS `promotion_member_rank`;

CREATE TABLE `promotion_member_rank` (
  `promotions_id` bigint(20) NOT NULL COMMENT '促销',
  `member_ranks_id` bigint(20) NOT NULL COMMENT '允许参加会员等级',
  PRIMARY KEY (`promotions_id`,`member_ranks_id`),
  KEY `ind_Promotion_MemberRank_memberRanks_id` (`member_ranks_id`),
  CONSTRAINT `FKic6xse8kgxges5kqvtjjrlq33` FOREIGN KEY (`member_ranks_id`) REFERENCES `member_rank` (`id`),
  CONSTRAINT `FKsj9lbydkp0rw25oh7blyw6na3` FOREIGN KEY (`promotions_id`) REFERENCES `promotion` (`id`)
) ENGINE=InnoDB DEFAULT CHARSET=utf8 COMMENT='促销会员等级中间表';



# Dump of table promotion_plugin_svc
# ------------------------------------------------------------

DROP TABLE IF EXISTS `promotion_plugin_svc`;

CREATE TABLE `promotion_plugin_svc` (
  `promotion_plugin_id` varchar(255) DEFAULT NULL COMMENT '促销插件Id',
  `id` bigint(20) NOT NULL COMMENT 'ID',
  PRIMARY KEY (`id`),
  CONSTRAINT `FKq6f8dpi1qbxms3pobxyiti79q` FOREIGN KEY (`id`) REFERENCES `svc` (`id`)
) ENGINE=InnoDB DEFAULT CHARSET=utf8 COMMENT='促销插件服务';



# Dump of table promotion_sku
# ------------------------------------------------------------

DROP TABLE IF EXISTS `promotion_sku`;

CREATE TABLE `promotion_sku` (
  `gift_promotions_id` bigint(20) NOT NULL COMMENT '赠品促销',
  `gifts_id` bigint(20) NOT NULL COMMENT '赠品',
  PRIMARY KEY (`gift_promotions_id`,`gifts_id`),
  KEY `ind_Promotion_Sku_gifts_id` (`gifts_id`),
  CONSTRAINT `FKe6flpgsnrtvqq0oeibtrg60x9` FOREIGN KEY (`gift_promotions_id`) REFERENCES `promotion` (`id`),
  CONSTRAINT `FKeupwaklgmxq8x5mk0spkjncjs` FOREIGN KEY (`gifts_id`) REFERENCES `sku` (`id`)
) ENGINE=InnoDB DEFAULT CHARSET=utf8 COMMENT='促销SKU中间表';



# Dump of table receiver
# ------------------------------------------------------------

DROP TABLE IF EXISTS `receiver`;

CREATE TABLE `receiver` (
  `id` bigint(20) NOT NULL COMMENT 'ID',
  `created_date` datetime DEFAULT NULL COMMENT '创建日期',
  `last_modified_date` datetime DEFAULT NULL COMMENT '最后修改日期',
  `version` bigint(20) DEFAULT NULL COMMENT '版本',
  `address` varchar(255) NOT NULL DEFAULT '' COMMENT '地址',
  `area_name` varchar(255) NOT NULL DEFAULT '' COMMENT '地区名称',
  `consignee` varchar(255) NOT NULL DEFAULT '' COMMENT '收货人',
  `is_default` bit(1) NOT NULL COMMENT '是否默认',
  `phone` varchar(255) DEFAULT '' COMMENT '电话',
  `zip_code` varchar(255) DEFAULT '' COMMENT '邮编',
  `area_id` bigint(20) NOT NULL COMMENT '地区',
  `member_id` bigint(20) NOT NULL COMMENT '会员',
  PRIMARY KEY (`id`),
  KEY `ind_Receiver_area_id` (`area_id`),
  KEY `ind_Receiver_member_id` (`member_id`),
  CONSTRAINT `FK71dorgc733x2xd87aej3wwjli` FOREIGN KEY (`area_id`) REFERENCES `area` (`id`),
  CONSTRAINT `FKf3mm6mlxstw5i3ecbx6l8e9xj` FOREIGN KEY (`member_id`) REFERENCES `member` (`id`)
) ENGINE=InnoDB DEFAULT CHARSET=utf8 COMMENT='收货地址';



# Dump of table review
# ------------------------------------------------------------

DROP TABLE IF EXISTS `review`;

CREATE TABLE `review` (
  `id` bigint(20) NOT NULL COMMENT 'ID',
  `created_date` datetime DEFAULT NULL COMMENT '创建日期',
  `last_modified_date` datetime DEFAULT NULL COMMENT '最后修改日期',
  `version` bigint(20) DEFAULT NULL COMMENT '版本',
  `content` varchar(255) DEFAULT '' COMMENT '内容',
  `ip` varchar(255) NOT NULL DEFAULT '' COMMENT 'IP',
  `is_show` bit(1) NOT NULL COMMENT '是否显示',
  `score` int(11) NOT NULL COMMENT '评分',
  `for_review_id` bigint(20) DEFAULT NULL COMMENT '评论',
  `member_id` bigint(20) NOT NULL COMMENT '会员',
  `product_id` bigint(20) NOT NULL COMMENT '商品',
  `store_id` bigint(20) NOT NULL COMMENT '店铺',
  PRIMARY KEY (`id`),
  KEY `ind_Review_forReview_id` (`for_review_id`),
  KEY `ind_Review_member_id` (`member_id`),
  KEY `ind_Review_product_id` (`product_id`),
  KEY `ind_Review_store_id` (`store_id`),
  CONSTRAINT `FK4j47rrl7uw14px7jb4egtaoxq` FOREIGN KEY (`product_id`) REFERENCES `product` (`id`),
  CONSTRAINT `FKck10yb0ne6lx0ymwt306y5jmn` FOREIGN KEY (`for_review_id`) REFERENCES `review` (`id`),
  CONSTRAINT `FKdgh7i1rmiffemo1wxkea75tv3` FOREIGN KEY (`member_id`) REFERENCES `member` (`id`),
  CONSTRAINT `FKhrwfgs8hio6fwpf9ej9k0npu0` FOREIGN KEY (`store_id`) REFERENCES `store` (`id`)
) ENGINE=InnoDB DEFAULT CHARSET=utf8 COMMENT='评论';



# Dump of table role
# ------------------------------------------------------------

DROP TABLE IF EXISTS `role`;

CREATE TABLE `role` (
  `id` bigint(20) NOT NULL AUTO_INCREMENT COMMENT 'ID',
  `created_date` datetime NOT NULL COMMENT '创建日期',
  `last_modified_date` datetime NOT NULL COMMENT '修改日期',
  `version` bigint(20) NOT NULL COMMENT '版本号',
  `description` varchar(255) DEFAULT NULL COMMENT '描述',
  `is_enabled` bit(1) NOT NULL COMMENT '是否启用',
  `is_system` bit(1) NOT NULL COMMENT '是否内置',
  `value` varchar(255) NOT NULL DEFAULT '' COMMENT '角色值',
  `name` varchar(255) NOT NULL DEFAULT '' COMMENT '名称',
  PRIMARY KEY (`id`),
  UNIQUE KEY `value` (`value`)
) ENGINE=InnoDB DEFAULT CHARSET=utf8;

LOCK TABLES `role` WRITE;
/*!40000 ALTER TABLE `role` DISABLE KEYS */;

INSERT INTO `role` (`id`, `created_date`, `last_modified_date`, `version`, `description`, `is_enabled`, `is_system`, `value`, `name`)
VALUES
	(1,'2017-10-25 10:12:14','2017-10-18 11:02:35',7,'拥有最高后台管理权限',b'0',b'1','R_ADMIN','超级管理员'),
	(2,'2017-10-25 10:12:13','2017-08-17 18:11:12',5,NULL,b'1',b'0','R_BUSINESS','商家管理员'),
	(3,'2017-10-25 10:12:12','2017-10-25 10:12:12',2,NULL,b'1',b'0','R_MEMBER','会员'),
	(4,'2017-10-25 10:12:11','2017-10-25 10:12:11',1,'',b'1',b'0','R_USER','普通用户');

/*!40000 ALTER TABLE `role` ENABLE KEYS */;
UNLOCK TABLES;


# Dump of table seo
# ------------------------------------------------------------

DROP TABLE IF EXISTS `seo`;

CREATE TABLE `seo` (
  `id` bigint(20) NOT NULL COMMENT 'ID',
  `created_date` datetime DEFAULT NULL COMMENT '创建日期',
  `last_modified_date` datetime DEFAULT NULL COMMENT '最后修改日期',
  `version` bigint(20) DEFAULT NULL COMMENT '版本',
  `description` varchar(255) DEFAULT NULL COMMENT '页面描述',
  `keywords` varchar(255) DEFAULT NULL COMMENT '页面关键词',
  `title` varchar(255) DEFAULT NULL COMMENT '页面标题',
  `type` int(11) NOT NULL COMMENT '类型',
  PRIMARY KEY (`id`),
  UNIQUE KEY `uni_Seo_type` (`type`)
) ENGINE=InnoDB DEFAULT CHARSET=utf8 COMMENT='SEO设置';

LOCK TABLES `seo` WRITE;
/*!40000 ALTER TABLE `seo` DISABLE KEYS */;

INSERT INTO `seo` (`id`, `created_date`, `last_modified_date`, `version`, `description`, `keywords`, `title`, `type`)
VALUES
	(1,'2017-06-16 01:05:07','2017-06-16 01:05:07',0,'${setting.siteName}','${setting.siteName}','${setting.siteName}',0),
	(2,'2017-06-16 01:05:08','2017-06-16 01:05:08',0,'${articleCategory.name}','${articleCategory.name}','${articleCategory.name}',1),
	(3,'2017-06-16 01:05:09','2017-06-16 01:05:09',0,'${articleKeyword}','${articleKeyword}','${articleKeyword}',2),
	(4,'2017-06-16 01:05:10','2017-06-16 01:05:10',0,'${article.title}','${article.title}','${article.title}',3),
	(5,'2017-06-16 01:05:11','2017-06-16 01:05:11',0,'${productCategory.name}','${productCategory.name}','${productCategory.name}',4),
	(6,'2017-06-16 01:05:12','2017-06-16 01:05:12',0,'${productKeyword}','${productKeyword}','${productKeyword}',5),
	(7,'2017-06-16 01:05:13','2017-06-16 01:05:13',0,'${product.name}','${product.name}','${product.name}',6),
	(8,'2017-06-16 01:05:14','2017-06-16 01:05:14',0,'${setting.siteName}','${setting.siteName}','${setting.siteName}',7),
	(9,'2017-06-16 01:05:15','2017-06-16 01:05:15',0,'${brand.name}','${brand.name}','${brand.name}',8),
	(10,'2017-06-16 01:05:16','2017-09-28 09:55:59',1,'${store.name}','${store.name}','${store.name}',9),
	(11,'2017-06-16 01:05:16','2017-08-10 13:58:53',2,'${storeKeyword}','${storeKeyword}','${storeKeyword}',10);

/*!40000 ALTER TABLE `seo` ENABLE KEYS */;
UNLOCK TABLES;


# Dump of table shipping_method
# ------------------------------------------------------------

DROP TABLE IF EXISTS `shipping_method`;

CREATE TABLE `shipping_method` (
  `id` bigint(20) NOT NULL COMMENT 'ID',
  `created_date` datetime DEFAULT NULL COMMENT '创建日期',
  `last_modified_date` datetime DEFAULT NULL COMMENT '最后修改日期',
  `version` bigint(20) DEFAULT NULL COMMENT '版本',
  `orders` int(11) DEFAULT NULL COMMENT '排序',
  `description` varchar(255) DEFAULT NULL COMMENT '介绍',
  `icon` varchar(255) DEFAULT NULL COMMENT '图标',
  `name` varchar(255) NOT NULL DEFAULT '' COMMENT '名称',
  `default_delivery_corp_id` bigint(20) DEFAULT NULL COMMENT '默认物流公司',
  PRIMARY KEY (`id`),
  KEY `ind_ShippingMethod_defaultDeliveryCorp_id` (`default_delivery_corp_id`),
  CONSTRAINT `FK4btr803ns6gntlusq8bx3d8da` FOREIGN KEY (`default_delivery_corp_id`) REFERENCES `delivery_corp` (`id`)
) ENGINE=InnoDB DEFAULT CHARSET=utf8 COMMENT='配送方式';

LOCK TABLES `shipping_method` WRITE;
/*!40000 ALTER TABLE `shipping_method` DISABLE KEYS */;

INSERT INTO `shipping_method` (`id`, `created_date`, `last_modified_date`, `version`, `orders`, `description`, `icon`, `name`, `default_delivery_corp_id`)
VALUES
	(1,'2017-06-16 01:05:18','2017-06-16 01:05:18',0,1,'系统将根据您的收货地址自动匹配快递公司进行配送，享受免运费服务','/b2b2c/5.0/201601/473d43a5-f519-4d31-bc96-a90599aaf4a7.gif','普通快递',1),
	(2,'2017-06-16 01:05:19','2017-09-28 10:25:19',3,2,'支持货到付款，不享受免运费服务','/b2b2c/5.0/201601/769c0550-1f8f-4313-a2c8-f79c30162b96.gif','顺丰速运',3);

/*!40000 ALTER TABLE `shipping_method` ENABLE KEYS */;
UNLOCK TABLES;


# Dump of table shipping_method_payment_method
# ------------------------------------------------------------

DROP TABLE IF EXISTS `shipping_method_payment_method`;

CREATE TABLE `shipping_method_payment_method` (
  `shipping_methods_id` bigint(20) NOT NULL COMMENT '配送方式',
  `payment_methods_id` bigint(20) NOT NULL COMMENT '支持支付方式',
  PRIMARY KEY (`shipping_methods_id`,`payment_methods_id`),
  KEY `ind_ShippingMethod_PaymentMethod_paymentMethods_id` (`payment_methods_id`),
  CONSTRAINT `FKgejto3t7rxgehboxtjhrmgaj4` FOREIGN KEY (`payment_methods_id`) REFERENCES `payment_method` (`id`),
  CONSTRAINT `FKpdt3qxg32ie1kpfpx5cu0ihap` FOREIGN KEY (`shipping_methods_id`) REFERENCES `shipping_method` (`id`)
) ENGINE=InnoDB DEFAULT CHARSET=utf8 COMMENT='配送方式支付方式中间表';

LOCK TABLES `shipping_method_payment_method` WRITE;
/*!40000 ALTER TABLE `shipping_method_payment_method` DISABLE KEYS */;

INSERT INTO `shipping_method_payment_method` (`shipping_methods_id`, `payment_methods_id`)
VALUES
	(1,1),
	(2,1),
	(1,2),
	(2,2),
	(1,3),
	(2,3),
	(1,4),
	(1,5);

/*!40000 ALTER TABLE `shipping_method_payment_method` ENABLE KEYS */;
UNLOCK TABLES;


# Dump of table sku
# ------------------------------------------------------------

DROP TABLE IF EXISTS `sku`;

CREATE TABLE `sku` (
  `id` bigint(20) NOT NULL COMMENT 'ID',
  `created_date` datetime DEFAULT NULL COMMENT '创建日期',
  `last_modified_date` datetime DEFAULT NULL COMMENT '最后修改日期',
  `version` bigint(20) DEFAULT NULL COMMENT '版本',
  `allocated_stock` int(11) NOT NULL COMMENT '已分配库存',
  `cost` decimal(21,6) DEFAULT NULL COMMENT '成本价',
  `exchange_point` bigint(20) NOT NULL COMMENT '兑换积分',
  `is_default` bit(1) NOT NULL COMMENT '是否默认',
  `market_price` decimal(21,6) NOT NULL COMMENT '市场价',
  `price` decimal(21,6) NOT NULL COMMENT '销售价',
  `reward_point` bigint(20) NOT NULL COMMENT '赠送积分',
  `sn` varchar(255) NOT NULL DEFAULT '' COMMENT '编号',
  `specification_values` longtext COMMENT '规格值',
  `stock` int(11) NOT NULL COMMENT '库存',
  `product_id` bigint(20) NOT NULL COMMENT '商品',
  PRIMARY KEY (`id`),
  UNIQUE KEY `uni_Sku_sn` (`sn`),
  KEY `ind_Sku_product_id` (`product_id`),
  CONSTRAINT `FKgoqbs3ms4fwkw6or1gnpd76rv` FOREIGN KEY (`product_id`) REFERENCES `product` (`id`)
) ENGINE=InnoDB DEFAULT CHARSET=utf8 COMMENT='SKU';

LOCK TABLES `sku` WRITE;
/*!40000 ALTER TABLE `sku` DISABLE KEYS */;

INSERT INTO `sku` (`id`, `created_date`, `last_modified_date`, `version`, `allocated_stock`, `cost`, `exchange_point`, `is_default`, `market_price`, `price`, `reward_point`, `sn`, `specification_values`, `stock`, `product_id`)
VALUES
	(1,'2017-06-16 00:04:19','2017-11-13 10:35:32',12,8,NULL,0,b'1',5040.000000,4200.000000,4200,'201601011011','[{\"id\":3,\"value\":\"银色\"},{\"id\":7,\"value\":\"16GB\"}]',99,1),
	(2,'2017-06-16 00:04:20','2017-09-25 09:13:12',1,0,NULL,0,b'0',5760.000000,4800.000000,4800,'201601011012','[{\"id\":3,\"value\":\"银色\"},{\"id\":8,\"value\":\"32GB\"}]',100,1),
	(3,'2017-06-16 00:04:21','2017-09-25 09:13:12',1,0,NULL,0,b'0',6240.000000,5200.000000,5200,'201601011013','[{\"id\":3,\"value\":\"银色\"},{\"id\":9,\"value\":\"64GB\"}]',100,1),
	(4,'2017-06-16 00:04:22','2017-09-29 18:04:22',3,1,NULL,0,b'0',5040.000000,4200.000000,4200,'201601011014','[{\"id\":4,\"value\":\"灰色\"},{\"id\":7,\"value\":\"16GB\"}]',99,1),
	(5,'2017-06-16 00:04:23','2017-09-25 09:13:12',1,0,NULL,0,b'0',5760.000000,4800.000000,4800,'201601011015','[{\"id\":4,\"value\":\"灰色\"},{\"id\":8,\"value\":\"32GB\"}]',100,1),
	(6,'2017-06-16 00:04:24','2017-09-25 09:13:12',1,0,NULL,0,b'0',6240.000000,5200.000000,5200,'201601011016','[{\"id\":4,\"value\":\"灰色\"},{\"id\":9,\"value\":\"64GB\"}]',100,1),
	(7,'2017-06-16 00:04:25','2017-09-25 09:13:12',1,0,NULL,0,b'0',5160.000000,4300.000000,4300,'201601011017','[{\"id\":6,\"value\":\"金色\"},{\"id\":7,\"value\":\"16GB\"}]',100,1),
	(8,'2017-06-16 00:04:26','2017-09-25 09:13:12',2,0,NULL,0,b'0',5880.000000,4900.000000,4900,'201601011018','[{\"id\":6,\"value\":\"金色\"},{\"id\":8,\"value\":\"32GB\"}]',100,1),
	(9,'2017-06-16 00:04:27','2017-09-29 14:38:14',2,0,NULL,0,b'0',6240.000000,5200.000000,5200,'201601011021','[{\"id\":2,\"value\":\"银色\"},{\"id\":6,\"value\":\"16GB\"}]',100,2),
	(10,'2017-06-16 00:04:28','2017-09-29 14:38:14',2,0,NULL,0,b'0',7320.000000,6100.000000,6100,'201601011022','[{\"id\":2,\"value\":\"银色\"},{\"id\":8,\"value\":\"64GB\"}]',100,2),
	(11,'2017-06-16 00:04:29','2017-09-29 14:38:14',2,0,NULL,0,b'0',8160.000000,6800.000000,6800,'201601011023','[{\"id\":2,\"value\":\"银色\"},{\"id\":9,\"value\":\"128GB\"}]',100,2),
	(12,'2017-06-16 00:04:30','2017-09-29 14:38:14',2,0,NULL,0,b'0',6240.000000,5200.000000,5200,'201601011024','[{\"id\":3,\"value\":\"灰色\"},{\"id\":6,\"value\":\"16GB\"}]',100,2),
	(13,'2017-06-16 00:04:31','2017-09-29 14:38:14',2,0,NULL,0,b'0',7320.000000,6100.000000,6100,'201601011025','[{\"id\":3,\"value\":\"灰色\"},{\"id\":8,\"value\":\"64GB\"}]',100,2),
	(14,'2017-06-16 00:04:32','2017-09-29 14:38:14',2,0,NULL,0,b'0',8160.000000,6800.000000,6800,'201601011026','[{\"id\":3,\"value\":\"灰色\"},{\"id\":9,\"value\":\"128GB\"}]',100,2),
	(15,'2017-06-16 00:04:33','2017-11-13 11:30:30',13,11,NULL,0,b'1',6240.000000,5200.000000,5200,'201601011027','[{\"id\":5,\"value\":\"金色\"},{\"id\":6,\"value\":\"16GB\"}]',99,2),
	(16,'2017-06-16 00:04:34','2017-09-29 14:38:14',2,0,NULL,0,b'0',7320.000000,6100.000000,6100,'201601011028','[{\"id\":5,\"value\":\"金色\"},{\"id\":8,\"value\":\"64GB\"}]',100,2),
	(17,'2017-06-16 00:04:35','2017-09-29 14:38:14',2,0,NULL,0,b'0',8160.000000,6800.000000,6800,'201601011029','[{\"id\":5,\"value\":\"金色\"},{\"id\":9,\"value\":\"128GB\"}]',100,2),
	(18,'2017-06-16 00:04:36','2017-11-10 16:19:48',7,0,NULL,0,b'0',1440.000000,1200.000000,1200,'201601011031','[{\"id\":0,\"value\":\"黑色\"}]',100,3),
	(19,'2017-06-16 00:04:37','2017-11-10 16:19:48',27,23,NULL,0,b'1',1440.000000,1200.000000,1200,'201601011032','[{\"id\":1,\"value\":\"白色\"}]',94,3),
	(20,'2017-06-16 00:04:38','2017-10-17 11:43:14',10,1,NULL,0,b'0',4560.000000,3800.000000,3800,'201601011041','[{\"id\":0,\"value\":\"黑色\"}]',2,4),
	(21,'2017-06-16 00:04:39','2017-10-17 11:44:53',13,4,NULL,0,b'1',4560.000000,3800.000000,3800,'201601011042','[{\"id\":1,\"value\":\"白色\"}]',2,4),
	(22,'2017-06-16 00:04:40','2017-11-08 18:04:31',26,16,NULL,0,b'1',2280.000000,0.010000,0,'20160101105',NULL,99,5),
	(23,'2017-06-16 00:04:41','2017-09-18 10:33:08',1,0,NULL,0,b'1',1920.000000,1600.000000,1600,'20160101106',NULL,100,6),
	(24,'2017-06-16 00:04:42','2017-09-18 11:22:48',3,1,NULL,0,b'1',1200.000000,1000.000000,1000,'20160101107',NULL,99,7),
	(25,'2017-06-16 00:04:43','2017-09-18 15:11:14',5,2,NULL,0,b'1',2160.000000,1800.000000,1800,'20160101108',NULL,98,8),
	(26,'2017-06-16 00:04:44','2017-09-18 12:48:12',1,0,NULL,0,b'1',2400.000000,2000.000000,2000,'20160101109',NULL,100,9),
	(27,'2017-06-16 00:04:45','2017-09-18 12:47:54',1,0,NULL,0,b'1',2760.000000,2300.000000,2300,'20160101110',NULL,100,10),
	(28,'2017-06-16 00:04:46','2017-09-18 12:47:47',1,0,NULL,0,b'1',1440.000000,1200.000000,1200,'20160101111',NULL,100,11),
	(29,'2017-06-16 00:04:47','2017-10-09 15:33:36',4,2,NULL,0,b'1',3000.000000,2500.000000,2500,'20160101112',NULL,99,12),
	(30,'2017-06-16 00:04:48','2017-09-18 12:47:30',1,0,NULL,0,b'1',720.000000,600.000000,600,'20160101113',NULL,100,13),
	(31,'2017-06-16 00:04:49','2017-09-18 21:57:22',3,4,NULL,0,b'1',2398.000000,1999.000000,1999,'20160101114',NULL,96,14),
	(32,'2017-06-16 00:04:50','2017-09-18 12:47:13',1,0,NULL,0,b'1',3120.000000,2600.000000,2600,'20160101115',NULL,100,15),
	(33,'2017-06-16 00:04:51','2017-09-18 12:46:47',1,0,NULL,0,b'1',1920.000000,1600.000000,1600,'20160101116',NULL,100,16),
	(34,'2017-06-16 00:04:52','2017-11-07 08:51:39',2,1,NULL,0,b'1',2160.000000,1800.000000,1800,'20160101117',NULL,100,17),
	(35,'2017-06-16 00:04:53','2017-11-07 08:51:39',2,1,NULL,0,b'1',720.000000,600.000000,600,'20160101118',NULL,100,18),
	(36,'2017-06-16 00:04:54','2017-09-18 09:51:19',1,0,NULL,0,b'1',960.000000,800.000000,800,'20160101119',NULL,100,19),
	(37,'2017-06-16 00:04:55','2017-09-25 14:52:01',5,1,NULL,0,b'1',1198.800000,999.000000,999,'20160101120',NULL,100,20),
	(38,'2017-06-16 00:04:56','2017-11-06 11:04:35',1,1,NULL,0,b'1',1078.000000,899.000000,899,'20160101121',NULL,100,21),
	(39,'2017-06-16 00:04:57','2017-11-06 11:04:35',1,1,NULL,0,b'1',1198.000000,999.000000,999,'20160101122',NULL,100,22),
	(40,'2017-06-16 00:04:58','2017-11-06 11:04:35',1,1,NULL,0,b'1',1078.000000,899.000000,899,'20160101123',NULL,100,23),
	(41,'2017-06-16 00:04:59','2017-11-06 11:04:35',1,1,NULL,0,b'1',1800.000000,1500.000000,1500,'20160101124',NULL,100,24),
	(42,'2017-06-16 00:05:00','2017-11-06 11:04:35',3,3,NULL,0,b'1',838.000000,699.000000,699,'20160101125',NULL,100,25),
	(43,'2017-06-16 00:05:01','2017-06-16 00:05:01',0,0,NULL,0,b'1',6960.000000,5800.000000,5800,'20160101126',NULL,100,26),
	(44,'2017-06-16 00:05:02','2017-09-29 15:42:09',1,1,NULL,0,b'1',16560.000000,13800.000000,13800,'20160101127',NULL,100,27),
	(45,'2017-06-16 00:05:03','2017-09-07 16:34:40',1,1,NULL,0,b'1',8160.000000,6800.000000,6800,'20160101128',NULL,100,28),
	(46,'2017-06-16 00:05:04','2017-10-17 11:50:20',1,1,NULL,0,b'1',14400.000000,12000.000000,12000,'20160101129',NULL,100,29),
	(47,'2017-06-16 00:05:05','2017-10-17 11:19:24',1,2,NULL,0,b'1',3360.000000,2800.000000,2800,'20160101130',NULL,100,30),
	(48,'2017-06-16 00:05:06','2017-09-28 17:13:22',1,1,NULL,0,b'1',3456.000000,2880.000000,2880,'20160101131',NULL,100,31),
	(49,'2017-06-16 00:05:07','2017-06-16 00:05:07',0,0,NULL,0,b'1',2640.000000,2200.000000,2200,'20160101132',NULL,100,32),
	(50,'2017-06-16 00:05:08','2017-06-16 00:05:08',0,0,NULL,0,b'1',4320.000000,3600.000000,3600,'20160101133',NULL,100,33),
	(51,'2017-06-16 00:05:09','2017-06-16 00:05:09',0,0,NULL,0,b'1',3465.000000,2888.000000,2888,'20160101134',NULL,100,34),
	(52,'2017-06-16 00:05:10','2017-06-16 00:05:10',0,0,NULL,0,b'1',3120.000000,2600.000000,2600,'20160101135',NULL,100,35),
	(53,'2017-06-16 00:05:11','2017-11-07 12:01:04',1,1,NULL,0,b'1',4678.000000,3899.000000,3899,'20160101136',NULL,100,36),
	(54,'2017-06-16 00:05:12','2017-06-16 00:05:12',0,0,NULL,0,b'1',3118.800000,2599.000000,2599,'20160101137',NULL,100,37),
	(55,'2017-06-16 00:05:13','2017-06-16 00:05:13',0,0,NULL,0,b'1',5980.000000,4988.000000,4988,'20160101138',NULL,100,38),
	(56,'2017-06-16 00:05:14','2017-11-13 11:18:50',6,6,NULL,0,b'1',8265.000000,6888.000000,6888,'20160101139',NULL,100,39),
	(57,'2017-06-16 00:05:15','2017-11-13 11:30:31',8,8,NULL,0,b'1',5620.000000,4688.000000,4688,'20160101140',NULL,100,40),
	(58,'2017-06-16 00:05:16','2017-06-16 00:05:16',0,0,NULL,0,b'1',3598.000000,2999.000000,2999,'20160101141',NULL,100,41),
	(59,'2017-06-16 00:05:17','2017-06-16 00:05:17',0,0,NULL,0,b'1',2856.000000,2380.000000,2380,'20160101142',NULL,100,42),
	(60,'2017-06-16 00:05:18','2017-06-16 00:05:18',0,0,NULL,0,b'1',4428.000000,3690.000000,3690,'20160101143',NULL,100,43),
	(61,'2017-06-16 00:05:19','2017-06-16 00:05:19',0,0,NULL,0,b'1',2878.000000,2399.000000,2399,'20160101144',NULL,100,44),
	(62,'2017-06-16 00:05:20','2017-06-16 00:05:20',0,0,NULL,0,b'1',2878.800000,2399.000000,2399,'20160101145',NULL,100,45),
	(63,'2017-06-16 00:05:21','2017-09-25 09:13:37',2,0,NULL,400000,b'1',299.000000,0.000000,0,'20160101146',NULL,100,46),
	(64,'2017-06-16 00:05:22','2017-09-25 09:13:29',2,0,NULL,300000,b'1',288.000000,0.000000,0,'20160101147',NULL,100,47);

/*!40000 ALTER TABLE `sku` ENABLE KEYS */;
UNLOCK TABLES;


# Dump of table sku_barcode
# ------------------------------------------------------------

DROP TABLE IF EXISTS `sku_barcode`;

CREATE TABLE `sku_barcode` (
  `id` bigint(20) NOT NULL AUTO_INCREMENT COMMENT 'ID',
  `created_date` datetime NOT NULL COMMENT '创建日期',
  `last_modified_date` datetime DEFAULT NULL COMMENT '修改日期',
  `version` bigint(20) NOT NULL COMMENT '版本号',
  `barcode` varchar(255) NOT NULL COMMENT '条码',
  `sku_id` bigint(20) NOT NULL COMMENT 'sku',
  `store_id` bigint(20) NOT NULL COMMENT '店铺',
  PRIMARY KEY (`id`),
  KEY `FK_sku_barcode_sku` (`sku_id`),
  KEY `FK_sku_barcode_store` (`store_id`),
  CONSTRAINT `FK_sku_barcode_sku` FOREIGN KEY (`sku_id`) REFERENCES `sku` (`id`),
  CONSTRAINT `FK_sku_barcode_store` FOREIGN KEY (`store_id`) REFERENCES `store` (`id`)
) ENGINE=InnoDB DEFAULT CHARSET=utf8 COMMENT='sku与69码';



# Dump of table sms
# ------------------------------------------------------------

DROP TABLE IF EXISTS `sms`;

CREATE TABLE `sms` (
  `id` bigint(20) NOT NULL AUTO_INCREMENT COMMENT 'ID',
  `created_date` datetime NOT NULL COMMENT '创建日期',
  `last_modified_date` datetime NOT NULL COMMENT '修改日期',
  `version` bigint(20) NOT NULL COMMENT '版本号',
  `mobile` varchar(50) NOT NULL DEFAULT '' COMMENT '手机',
  `code` varchar(50) NOT NULL DEFAULT '' COMMENT '验证码',
  `expire` datetime NOT NULL COMMENT '时效时间',
  `ip` varchar(255) DEFAULT NULL COMMENT 'IP',
  `type` int(11) NOT NULL COMMENT '短信类型',
  `is_used` bit(1) NOT NULL COMMENT '是否已使用',
  `used_date` datetime DEFAULT NULL COMMENT '使用日期',
  PRIMARY KEY (`id`)
) ENGINE=InnoDB DEFAULT CHARSET=utf8 COMMENT='短信验证码';



# Dump of table sn
# ------------------------------------------------------------

DROP TABLE IF EXISTS `sn`;

CREATE TABLE `sn` (
  `id` bigint(20) NOT NULL COMMENT 'ID',
  `created_date` datetime DEFAULT NULL COMMENT '创建日期',
  `last_modified_date` datetime DEFAULT NULL COMMENT '最后修改日期',
  `version` bigint(20) DEFAULT NULL COMMENT '版本',
  `last_value` bigint(20) NOT NULL COMMENT '末值',
  `type` int(11) NOT NULL COMMENT '类型',
  PRIMARY KEY (`id`),
  UNIQUE KEY `uni_Sn_type` (`type`)
) ENGINE=InnoDB DEFAULT CHARSET=utf8 COMMENT='序列号';

LOCK TABLES `sn` WRITE;
/*!40000 ALTER TABLE `sn` DISABLE KEYS */;

INSERT INTO `sn` (`id`, `created_date`, `last_modified_date`, `version`, `last_value`, `type`)
VALUES
	(1,'2017-06-16 01:05:25','2017-06-16 01:05:25',0,249,0),
	(2,'2017-06-16 01:05:26','2017-06-19 11:53:05',1,267,1),
	(3,'2017-06-16 01:05:27','2017-06-16 01:05:27',0,236,2),
	(4,'2017-06-16 01:05:28','2017-06-16 01:05:28',0,209,3),
	(5,'2017-06-16 01:05:29','2017-06-16 01:05:29',0,217,4),
	(6,'2017-06-16 01:05:30','2017-06-16 01:05:30',0,203,5),
	(7,'2017-06-16 01:05:31','2017-06-19 11:53:10',1,429,6),
	(8,'2017-06-16 01:05:32','2017-06-16 01:05:32',0,208,7),
	(9,'2017-06-16 01:05:33','2017-06-16 01:05:33',0,200,8),
	(10,'2017-06-16 01:05:34','2017-06-16 01:05:34',0,200,9);

/*!40000 ALTER TABLE `sn` ENABLE KEYS */;
UNLOCK TABLES;


# Dump of table social_user
# ------------------------------------------------------------

DROP TABLE IF EXISTS `social_user`;

CREATE TABLE `social_user` (
  `id` bigint(20) NOT NULL COMMENT 'ID',
  `created_date` datetime DEFAULT NULL COMMENT '创建日期',
  `last_modified_date` datetime DEFAULT NULL COMMENT '最后修改日期',
  `version` bigint(20) DEFAULT NULL COMMENT '版本',
  `login_plugin_id` varchar(255) NOT NULL DEFAULT '' COMMENT '登录插件ID',
  `unique_id` varchar(255) NOT NULL DEFAULT '' COMMENT '唯一ID',
  `user_id` bigint(20) DEFAULT NULL COMMENT '用户',
  PRIMARY KEY (`id`),
  UNIQUE KEY `uni_SocialUser_loginPluginId` (`login_plugin_id`,`unique_id`),
  UNIQUE KEY `UKgi1tfdkhwbjxevlhxf6km20l2` (`login_plugin_id`,`unique_id`),
  KEY `ind_SocialUser_user_id` (`user_id`),
  CONSTRAINT `FKlgdjhpui2er8flwbvkovl06nr` FOREIGN KEY (`user_id`) REFERENCES `user` (`id`)
) ENGINE=InnoDB DEFAULT CHARSET=utf8 COMMENT='社会化用户';



# Dump of table specification
# ------------------------------------------------------------

DROP TABLE IF EXISTS `specification`;

CREATE TABLE `specification` (
  `id` bigint(20) NOT NULL COMMENT 'ID',
  `created_date` datetime DEFAULT NULL COMMENT '创建日期',
  `last_modified_date` datetime DEFAULT NULL COMMENT '最后修改日期',
  `version` bigint(20) DEFAULT NULL COMMENT '版本',
  `orders` int(11) DEFAULT NULL COMMENT '排序',
  `name` varchar(255) NOT NULL DEFAULT '' COMMENT '名称',
  `options` longtext NOT NULL COMMENT '可选项',
  `product_category_id` bigint(20) NOT NULL COMMENT '绑定分类',
  PRIMARY KEY (`id`),
  KEY `ind_Specification_productCategory_id` (`product_category_id`),
  CONSTRAINT `FKq40e2ct0gcdv0txlkea0fl6sk` FOREIGN KEY (`product_category_id`) REFERENCES `product_category` (`id`)
) ENGINE=InnoDB DEFAULT CHARSET=utf8 COMMENT='规格';

LOCK TABLES `specification` WRITE;
/*!40000 ALTER TABLE `specification` DISABLE KEYS */;

INSERT INTO `specification` (`id`, `created_date`, `last_modified_date`, `version`, `orders`, `name`, `options`, `product_category_id`)
VALUES
	(1,'2017-06-16 00:05:23','2017-06-16 00:05:23',0,1,'颜色','[\"黑色\",\"白色\",\"银色\",\"灰色\",\"红色\",\"金色\"]',41),
	(2,'2017-06-16 00:05:24','2017-06-16 00:05:24',0,2,'内存容量','[\"16GB\",\"32GB\",\"64GB\",\"128GB\"]',41),
	(3,'2017-06-16 00:05:25','2017-06-16 00:05:25',0,3,'颜色','[\"黑色\",\"白色\",\"银色\",\"灰色\",\"红色\",\"金色\"]',49),
	(4,'2017-06-16 00:05:26','2017-06-16 00:05:26',0,4,'颜色','[\"黑色\",\"白色\",\"银色\",\"灰色\",\"红色\",\"金色\"]',79),
	(5,'2017-06-16 00:05:27','2017-06-16 00:05:27',0,5,'颜色','[\"黑色\",\"白色\",\"银色\",\"灰色\",\"红色\",\"金色\"]',82),
	(6,'2017-06-16 00:05:28','2017-09-27 09:29:14',2,6,'内存容量','[\"16GB\",\"64GB\",\"128GB\"]',82);

/*!40000 ALTER TABLE `specification` ENABLE KEYS */;
UNLOCK TABLES;


# Dump of table statistic
# ------------------------------------------------------------

DROP TABLE IF EXISTS `statistic`;

CREATE TABLE `statistic` (
  `id` bigint(20) NOT NULL COMMENT 'ID',
  `created_date` datetime DEFAULT NULL COMMENT '创建日期',
  `last_modified_date` datetime DEFAULT NULL COMMENT '最后修改日期',
  `version` bigint(20) DEFAULT NULL COMMENT '版本',
  `day` int(11) NOT NULL COMMENT '日',
  `month` int(11) NOT NULL COMMENT '月',
  `type` int(11) NOT NULL COMMENT '类型',
  `value` decimal(21,6) NOT NULL COMMENT '值',
  `year` int(11) NOT NULL COMMENT '年',
  `store_id` bigint(20) DEFAULT NULL COMMENT '店铺',
  PRIMARY KEY (`id`),
  KEY `ind_Statistic_store_id` (`store_id`),
  CONSTRAINT `FKntuv63pqqubrxv1l5c5lipwv` FOREIGN KEY (`store_id`) REFERENCES `store` (`id`)
) ENGINE=InnoDB DEFAULT CHARSET=utf8 COMMENT='统计';



# Dump of table stock_log
# ------------------------------------------------------------

DROP TABLE IF EXISTS `stock_log`;

CREATE TABLE `stock_log` (
  `id` bigint(20) NOT NULL COMMENT 'ID',
  `created_date` datetime DEFAULT NULL COMMENT '创建日期',
  `last_modified_date` datetime DEFAULT NULL COMMENT '最后修改日期',
  `version` bigint(20) DEFAULT NULL COMMENT '版本',
  `in_quantity` int(11) NOT NULL COMMENT '入库数量',
  `memo` varchar(255) DEFAULT NULL COMMENT '备注',
  `out_quantity` int(11) NOT NULL COMMENT '出库数量',
  `stock` int(11) NOT NULL COMMENT '当前库存',
  `type` int(11) NOT NULL COMMENT '类型',
  `sku_id` bigint(20) NOT NULL COMMENT 'SKU',
  PRIMARY KEY (`id`),
  KEY `ind_StockLog_sku_id` (`sku_id`),
  CONSTRAINT `FKrvc62wg7ryg4t96wpl0t3p41d` FOREIGN KEY (`sku_id`) REFERENCES `sku` (`id`)
) ENGINE=InnoDB DEFAULT CHARSET=utf8 COMMENT='库存记录';

LOCK TABLES `stock_log` WRITE;
/*!40000 ALTER TABLE `stock_log` DISABLE KEYS */;

INSERT INTO `stock_log` (`id`, `created_date`, `last_modified_date`, `version`, `in_quantity`, `memo`, `out_quantity`, `stock`, `type`, `sku_id`)
VALUES
	(1,'2017-06-16 00:05:29','2017-06-16 00:05:29',0,1000,NULL,0,100,0,1),
	(2,'2017-06-16 00:05:30','2017-06-16 00:05:30',0,1000,NULL,0,100,0,2),
	(3,'2017-06-16 00:05:31','2017-06-16 00:05:31',0,1000,NULL,0,100,0,3),
	(4,'2017-06-16 00:05:32','2017-06-16 00:05:32',0,1000,NULL,0,100,0,4),
	(5,'2017-06-16 00:05:33','2017-06-16 00:05:33',0,1000,NULL,0,100,0,5),
	(6,'2017-06-16 00:05:34','2017-06-16 00:05:34',0,1000,NULL,0,100,0,6),
	(7,'2017-06-16 00:05:35','2017-06-16 00:05:35',0,1000,NULL,0,100,0,7),
	(8,'2017-06-16 00:05:36','2017-06-16 00:05:36',0,1000,NULL,0,100,0,9),
	(9,'2017-06-16 00:05:37','2017-06-16 00:05:37',0,1000,NULL,0,100,0,10),
	(10,'2017-06-16 00:05:38','2017-06-16 00:05:38',0,1000,NULL,0,100,0,11),
	(11,'2017-06-16 00:05:39','2017-06-16 00:05:39',0,1000,NULL,0,100,0,12),
	(12,'2017-06-16 00:05:40','2017-06-16 00:05:40',0,1000,NULL,0,100,0,13),
	(13,'2017-06-16 00:05:41','2017-06-16 00:05:41',0,1000,NULL,0,100,0,14),
	(14,'2017-06-16 00:05:42','2017-06-16 00:05:42',0,1000,NULL,0,100,0,15),
	(15,'2017-06-16 00:05:43','2017-06-16 00:05:43',0,1000,NULL,0,100,0,16),
	(16,'2017-06-16 00:05:44','2017-06-16 00:05:44',0,1000,NULL,0,100,0,17),
	(17,'2017-06-16 00:05:45','2017-06-16 00:05:45',0,100,NULL,0,100,0,18),
	(18,'2017-06-16 00:05:46','2017-06-16 00:05:46',0,100,NULL,0,100,0,19),
	(19,'2017-06-16 00:05:47','2017-06-16 00:05:47',0,100,NULL,0,100,0,20),
	(20,'2017-06-16 00:05:48','2017-06-16 00:05:48',0,3,NULL,0,3,0,21),
	(21,'2017-06-16 00:05:49','2017-06-16 00:05:49',0,100,NULL,0,100,0,22),
	(22,'2017-06-16 00:05:50','2017-06-16 00:05:50',0,100,NULL,0,100,0,23),
	(23,'2017-06-16 00:05:51','2017-06-16 00:05:51',0,100,NULL,0,100,0,24),
	(24,'2017-06-16 00:05:52','2017-06-16 00:05:52',0,100,NULL,0,100,0,25),
	(25,'2017-06-16 00:05:53','2017-06-16 00:05:53',0,100,NULL,0,100,0,26),
	(26,'2017-06-16 00:05:54','2017-06-16 00:05:54',0,100,NULL,0,100,0,27),
	(27,'2017-06-16 00:05:55','2017-06-16 00:05:55',0,100,NULL,0,100,0,28),
	(28,'2017-06-16 00:05:56','2017-06-16 00:05:56',0,100,NULL,0,100,0,29),
	(29,'2017-06-16 00:05:57','2017-06-16 00:05:57',0,100,NULL,0,100,0,30),
	(30,'2017-06-16 00:05:58','2017-06-16 00:05:58',0,100,NULL,0,100,0,31),
	(31,'2017-06-16 00:05:59','2017-06-16 00:05:59',0,100,NULL,0,100,0,32),
	(32,'2017-06-16 00:06:00','2017-06-16 00:06:00',0,100,NULL,0,100,0,33),
	(33,'2017-06-16 00:06:01','2017-06-16 00:06:01',0,100,NULL,0,100,0,34),
	(34,'2017-06-16 00:06:02','2017-06-16 00:06:02',0,100,NULL,0,100,0,35),
	(35,'2017-06-16 00:06:03','2017-06-16 00:06:03',0,100,NULL,0,100,0,36),
	(36,'2017-06-16 00:06:04','2017-06-16 00:06:04',0,100,NULL,0,100,0,37),
	(37,'2017-06-16 00:06:05','2017-06-16 00:06:05',0,100,NULL,0,100,0,38),
	(38,'2017-06-16 00:06:06','2017-06-16 00:06:06',0,100,NULL,0,100,0,39),
	(39,'2017-06-16 00:06:07','2017-06-16 00:06:07',0,100,NULL,0,100,0,40),
	(40,'2017-06-16 00:06:08','2017-06-16 00:06:08',0,100,NULL,0,100,0,41),
	(41,'2017-06-16 00:06:09','2017-06-16 00:06:09',0,100,NULL,0,100,0,42),
	(42,'2017-06-16 00:06:10','2017-06-16 00:06:10',0,100,NULL,0,100,0,43),
	(43,'2017-06-16 00:06:11','2017-06-16 00:06:11',0,100,NULL,0,100,0,44),
	(44,'2017-06-16 00:06:12','2017-06-16 00:06:12',0,100,NULL,0,100,0,45),
	(45,'2017-06-16 00:06:13','2017-06-16 00:06:13',0,100,NULL,0,100,0,46),
	(46,'2017-06-16 00:06:14','2017-06-16 00:06:14',0,100,NULL,0,100,0,47),
	(47,'2017-06-16 00:06:15','2017-06-16 00:06:15',0,100,NULL,0,100,0,48),
	(48,'2017-06-16 00:06:16','2017-06-16 00:06:16',0,100,NULL,0,100,0,49),
	(49,'2017-06-16 00:06:17','2017-06-16 00:06:17',0,100,NULL,0,100,0,50),
	(50,'2017-06-16 00:06:18','2017-06-16 00:06:18',0,100,NULL,0,100,0,51),
	(51,'2017-06-16 00:06:19','2017-06-16 00:06:19',0,100,NULL,0,100,0,52),
	(52,'2017-06-16 00:06:20','2017-06-16 00:06:20',0,100,NULL,0,100,0,53),
	(53,'2017-06-16 00:06:21','2017-06-16 00:06:21',0,100,NULL,0,100,0,54),
	(54,'2017-06-16 00:06:22','2017-06-16 00:06:22',0,100,NULL,0,100,0,55),
	(55,'2017-06-16 00:06:23','2017-06-16 00:06:23',0,100,NULL,0,100,0,56),
	(56,'2017-06-16 00:06:24','2017-06-16 00:06:24',0,100,NULL,0,100,0,57),
	(57,'2017-06-16 00:06:25','2017-06-16 00:06:25',0,100,NULL,0,100,0,58),
	(58,'2017-06-16 00:06:26','2017-06-16 00:06:26',0,100,NULL,0,100,0,59),
	(59,'2017-06-16 00:06:27','2017-06-16 00:06:27',0,100,NULL,0,100,0,60),
	(60,'2017-06-16 00:06:28','2017-06-16 00:06:28',0,100,NULL,0,100,0,61),
	(61,'2017-06-16 00:06:29','2017-06-16 00:06:29',0,100,NULL,0,100,0,62),
	(62,'2017-06-16 00:06:30','2017-06-16 00:06:30',0,100,NULL,0,100,0,63),
	(63,'2017-06-16 00:06:31','2017-06-16 00:06:31',0,100,NULL,0,100,0,64);

/*!40000 ALTER TABLE `stock_log` ENABLE KEYS */;
UNLOCK TABLES;


# Dump of table store
# ------------------------------------------------------------

DROP TABLE IF EXISTS `store`;

CREATE TABLE `store` (
  `id` bigint(20) NOT NULL COMMENT 'ID',
  `created_date` datetime DEFAULT NULL COMMENT '创建日期',
  `last_modified_date` datetime DEFAULT NULL COMMENT '最后修改日期',
  `version` bigint(20) DEFAULT NULL COMMENT '版本',
  `address` varchar(255) DEFAULT NULL COMMENT '地址',
  `bail_paid` decimal(27,12) NOT NULL COMMENT '已付保证金',
  `discount_promotion_end_date` datetime DEFAULT NULL COMMENT '折扣促销到期日期',
  `email` varchar(255) NOT NULL DEFAULT '' COMMENT 'E-mail',
  `end_date` datetime NOT NULL COMMENT '到期日期',
  `full_reduction_promotion_end_date` datetime DEFAULT NULL COMMENT '满减促销到期日期',
  `introduction` longtext COMMENT '简介',
  `is_enabled` bit(1) NOT NULL COMMENT '是否启用',
  `keyword` varchar(255) DEFAULT NULL COMMENT '搜索关键词',
  `logo` varchar(255) DEFAULT NULL COMMENT 'logo',
  `mobile` varchar(255) NOT NULL DEFAULT '' COMMENT '手机',
  `name` varchar(255) NOT NULL DEFAULT '' COMMENT '名称',
  `phone` varchar(255) DEFAULT NULL COMMENT '电话',
  `status` int(11) NOT NULL COMMENT '状态',
  `type` int(11) NOT NULL COMMENT '类型',
  `zip_code` varchar(255) DEFAULT NULL COMMENT '邮编',
  `business_id` bigint(20) NOT NULL COMMENT '商家',
  `store_category_id` bigint(20) NOT NULL COMMENT '店铺分类',
  `store_rank_id` bigint(20) NOT NULL COMMENT '店铺等级',
  PRIMARY KEY (`id`),
  UNIQUE KEY `uni_store_name` (`name`),
  KEY `ind_store_business_id` (`business_id`),
  KEY `ind_store_store_category_id` (`store_category_id`),
  KEY `ind_store_store_rank_id` (`store_rank_id`),
  CONSTRAINT `FK3l2xkfelra27xuq5n5i2mn4cp` FOREIGN KEY (`store_category_id`) REFERENCES `store_category` (`id`),
  CONSTRAINT `FK99w3oucl36h8mfefluq6kegd8` FOREIGN KEY (`store_rank_id`) REFERENCES `store_rank` (`id`),
  CONSTRAINT `FKm47t4pij3du8jk0e2y4hkfgb4` FOREIGN KEY (`business_id`) REFERENCES `business` (`id`)
) ENGINE=InnoDB DEFAULT CHARSET=utf8 COMMENT='店铺';

LOCK TABLES `store` WRITE;
/*!40000 ALTER TABLE `store` DISABLE KEYS */;

INSERT INTO `store` (`id`, `created_date`, `last_modified_date`, `version`, `address`, `bail_paid`, `discount_promotion_end_date`, `email`, `end_date`, `full_reduction_promotion_end_date`, `introduction`, `is_enabled`, `keyword`, `logo`, `mobile`, `name`, `phone`, `status`, `type`, `zip_code`, `business_id`, `store_category_id`, `store_rank_id`)
VALUES
	(1,'2017-06-16 00:06:36','2017-11-13 15:09:09',24,'北京大兴区五环至六环之间五连环',0.000000000000,NULL,'jfinalshop_sj@shopxx.net','2034-12-28 00:00:00',NULL,'xxxx',b'1','xxxx','/b2b2c/5.0/201601/ab964025-bb0b-4120-a4bc-f0c3015cf9e0.jpg','15820110187','手机旗舰店','400-7769999',3,1,'555555',2,1,8),
	(2,'2017-06-16 00:06:37','2017-09-12 15:11:23',4,'北京市大兴区五环至六环之间圣',2000.000000000000,NULL,'shopxx_zc@shopxx.net','2021-12-31 00:00:00',NULL,NULL,b'1',NULL,'/b2b2c/5.0/201601/78a32dfa-53d1-4bda-a5bb-422122d2f2eb.jpg','13999999999','中彩旗舰店','400-7769999',3,0,'400000',3,2,4);

/*!40000 ALTER TABLE `store` ENABLE KEYS */;
UNLOCK TABLES;


# Dump of table store_ad_image
# ------------------------------------------------------------

DROP TABLE IF EXISTS `store_ad_image`;

CREATE TABLE `store_ad_image` (
  `id` bigint(20) NOT NULL COMMENT 'ID',
  `created_date` datetime DEFAULT NULL COMMENT '创建日期',
  `last_modified_date` datetime DEFAULT NULL COMMENT '最后修改日期',
  `version` bigint(20) DEFAULT NULL COMMENT '版本',
  `orders` int(11) DEFAULT NULL COMMENT '排序',
  `image` varchar(255) NOT NULL DEFAULT '' COMMENT '图片',
  `title` varchar(255) DEFAULT NULL COMMENT '标题',
  `url` varchar(255) DEFAULT NULL COMMENT '链接地址',
  `store_id` bigint(20) NOT NULL COMMENT '店铺',
  PRIMARY KEY (`id`),
  KEY `ind_StoreAdImage_store_id` (`store_id`),
  CONSTRAINT `FK7o5awn6pimwkxwop1u9yebq3h` FOREIGN KEY (`store_id`) REFERENCES `store` (`id`)
) ENGINE=InnoDB DEFAULT CHARSET=utf8 COMMENT='店铺广告图片';

LOCK TABLES `store_ad_image` WRITE;
/*!40000 ALTER TABLE `store_ad_image` DISABLE KEYS */;

INSERT INTO `store_ad_image` (`id`, `created_date`, `last_modified_date`, `version`, `orders`, `image`, `title`, `url`, `store_id`)
VALUES
	(1,'2017-06-16 00:06:32','2017-06-16 00:06:32',0,1,'/b2b2c/5.0/201601/283c3c74-083b-4794-a413-9e2ab1be232c.jpg','新品促销',NULL,1),
	(2,'2017-06-16 00:06:33','2017-06-16 00:06:33',0,2,'/b2b2c/5.0/201601/7a203a46-c1b4-4e0b-b73b-e03f8c2219db.jpg','iPhone专场',NULL,1),
	(3,'2017-06-16 00:06:34','2017-06-16 00:06:34',0,1,'/b2b2c/5.0/201601/283c3c74-083b-4794-a413-9e2ab1be232c.jpg','新品促销',NULL,2),
	(4,'2017-06-16 00:06:35','2017-06-16 00:06:35',0,2,'/b2b2c/5.0/201601/7a203a46-c1b4-4e0b-b73b-e03f8c2219db.jpg','热卖促销',NULL,2);

/*!40000 ALTER TABLE `store_ad_image` ENABLE KEYS */;
UNLOCK TABLES;


# Dump of table store_category
# ------------------------------------------------------------

DROP TABLE IF EXISTS `store_category`;

CREATE TABLE `store_category` (
  `id` bigint(20) NOT NULL COMMENT 'ID',
  `created_date` datetime DEFAULT NULL COMMENT '创建日期',
  `last_modified_date` datetime DEFAULT NULL COMMENT '最后修改日期',
  `version` bigint(20) DEFAULT NULL COMMENT '版本',
  `orders` int(11) DEFAULT NULL COMMENT '排序',
  `bail` decimal(21,6) NOT NULL COMMENT '保证金',
  `name` varchar(255) NOT NULL DEFAULT '' COMMENT '名称',
  PRIMARY KEY (`id`)
) ENGINE=InnoDB DEFAULT CHARSET=utf8 COMMENT='店铺分类';

LOCK TABLES `store_category` WRITE;
/*!40000 ALTER TABLE `store_category` DISABLE KEYS */;

INSERT INTO `store_category` (`id`, `created_date`, `last_modified_date`, `version`, `orders`, `bail`, `name`)
VALUES
	(1,'2017-06-16 00:06:38','2017-11-08 10:08:07',7,1,0.010000,'手机数码'),
	(2,'2017-06-16 00:06:39','2017-11-08 10:08:19',5,2,0.010000,'电脑办公'),
	(3,'2017-06-16 00:06:40','2017-11-08 10:08:13',3,3,0.010000,'家用电器'),
	(4,'2017-06-16 00:06:41','2017-11-06 15:16:52',1,4,0.010000,'服装鞋靴'),
	(5,'2017-06-16 00:06:42','2017-11-06 15:16:46',1,5,0.010000,'化妆护理'),
	(6,'2017-06-16 00:06:42','2017-11-06 15:16:40',3,6,0.010000,'家居家装');

/*!40000 ALTER TABLE `store_category` ENABLE KEYS */;
UNLOCK TABLES;


# Dump of table store_favorite
# ------------------------------------------------------------

DROP TABLE IF EXISTS `store_favorite`;

CREATE TABLE `store_favorite` (
  `id` bigint(20) NOT NULL COMMENT 'ID',
  `created_date` datetime DEFAULT NULL COMMENT '创建日期',
  `last_modified_date` datetime DEFAULT NULL COMMENT '最后修改日期',
  `version` bigint(20) DEFAULT NULL COMMENT '版本',
  `member_id` bigint(20) NOT NULL COMMENT '会员',
  `store_id` bigint(20) NOT NULL COMMENT '店铺',
  PRIMARY KEY (`id`),
  UNIQUE KEY `uni_StoreFavorite_member_id` (`member_id`,`store_id`),
  UNIQUE KEY `UKhnp8ksx13t7u96phyy9ls3a10` (`member_id`,`store_id`),
  KEY `ind_StoreFavorite_store_id` (`store_id`),
  CONSTRAINT `FKd97qfwdykqxply13vxiep1kk5` FOREIGN KEY (`store_id`) REFERENCES `store` (`id`),
  CONSTRAINT `FKjs6g93tvat1gwps0i863dgs3s` FOREIGN KEY (`member_id`) REFERENCES `member` (`id`)
) ENGINE=InnoDB DEFAULT CHARSET=utf8 COMMENT='店铺收藏';



# Dump of table store_product_category
# ------------------------------------------------------------

DROP TABLE IF EXISTS `store_product_category`;

CREATE TABLE `store_product_category` (
  `id` bigint(20) NOT NULL COMMENT 'ID',
  `created_date` datetime DEFAULT NULL COMMENT '创建日期',
  `last_modified_date` datetime DEFAULT NULL COMMENT '最后修改日期',
  `version` bigint(20) DEFAULT NULL COMMENT '版本',
  `orders` int(11) DEFAULT NULL COMMENT '排序',
  `grade` int(11) NOT NULL COMMENT '层级',
  `name` varchar(255) NOT NULL DEFAULT '' COMMENT '分类名称',
  `tree_path` varchar(255) NOT NULL DEFAULT '' COMMENT '树路径',
  `parent_id` bigint(20) DEFAULT NULL COMMENT '上级分类',
  `store_id` bigint(20) NOT NULL COMMENT '店铺',
  PRIMARY KEY (`id`),
  KEY `ind_StoreProductCategory_parent_id` (`parent_id`),
  KEY `ind_StoreProductCategory_store_id` (`store_id`),
  CONSTRAINT `FK7rgq1vu9h8oe19sh7d3j0wcs5` FOREIGN KEY (`parent_id`) REFERENCES `store_product_category` (`id`),
  CONSTRAINT `FKt4mk5anr32mu3j6rb83bsrd18` FOREIGN KEY (`store_id`) REFERENCES `store` (`id`)
) ENGINE=InnoDB DEFAULT CHARSET=utf8 COMMENT='店铺商品分类';

LOCK TABLES `store_product_category` WRITE;
/*!40000 ALTER TABLE `store_product_category` DISABLE KEYS */;

INSERT INTO `store_product_category` (`id`, `created_date`, `last_modified_date`, `version`, `orders`, `grade`, `name`, `tree_path`, `parent_id`, `store_id`)
VALUES
	(1,'2017-06-16 00:06:52','2017-06-16 00:06:52',0,1,0,'智能手机',',',NULL,1),
	(2,'2017-06-16 00:06:53','2017-06-16 00:06:53',0,2,0,'普通手机',',',NULL,1),
	(3,'2017-06-16 00:06:54','2017-06-16 00:06:54',0,3,0,'手机配件',',',NULL,1),
	(4,'2017-06-16 00:06:55','2017-06-16 00:06:55',0,1,0,'电脑',',',NULL,2),
	(5,'2017-06-16 00:06:56','2017-06-16 00:06:56',0,2,0,'家电',',',NULL,2),
	(6,'2017-06-16 00:06:57','2017-06-16 00:06:57',0,3,0,'数码',',',NULL,2),
	(7,'2017-06-16 00:06:58','2017-06-16 00:06:58',0,1,1,'iPhone',',1,',1,1),
	(8,'2017-06-16 00:06:59','2017-06-16 00:06:59',0,2,1,'OPPO',',1,',1,1),
	(9,'2017-06-16 00:07:00','2017-06-16 00:07:00',0,3,1,'三星',',1,',1,1),
	(10,'2017-06-16 00:07:01','2017-06-16 00:07:01',0,4,1,'华为',',1,',1,1),
	(11,'2017-06-16 00:07:02','2017-06-16 00:07:02',0,5,1,'小米',',1,',1,1),
	(12,'2017-06-16 00:07:03','2017-06-16 00:07:03',0,6,1,'魅族',',1,',1,1),
	(13,'2017-06-16 00:07:04','2017-06-16 00:07:04',0,7,1,'酷派',',1,',1,1),
	(14,'2017-06-16 00:07:05','2017-06-16 00:07:05',0,8,1,'中兴',',1,',1,1),
	(15,'2017-06-16 00:07:06','2017-06-16 00:07:06',0,9,1,'HTC',',1,',1,1),
	(16,'2017-06-16 00:07:07','2017-06-16 00:07:07',0,1,1,'平板电脑',',4,',4,2),
	(17,'2017-06-16 00:07:08','2017-06-16 00:07:08',0,2,1,'笔记本',',4,',4,2),
	(18,'2017-06-16 00:07:09','2017-06-16 00:07:09',0,1,1,'空调',',5,',5,2),
	(19,'2017-06-16 00:07:10','2017-06-16 00:07:10',0,2,1,'平板电视',',5,',5,2),
	(20,'2017-06-16 00:07:11','2017-06-16 00:07:11',0,1,1,'数码相机',',6,',6,2),
	(21,'2017-06-16 00:07:12','2017-06-16 00:07:12',0,2,1,'单反相机',',6,',6,2);

/*!40000 ALTER TABLE `store_product_category` ENABLE KEYS */;
UNLOCK TABLES;


# Dump of table store_product_tag
# ------------------------------------------------------------

DROP TABLE IF EXISTS `store_product_tag`;

CREATE TABLE `store_product_tag` (
  `id` bigint(20) NOT NULL COMMENT 'ID',
  `created_date` datetime DEFAULT NULL COMMENT '创建日期',
  `last_modified_date` datetime DEFAULT NULL COMMENT '最后修改日期',
  `version` bigint(20) DEFAULT NULL COMMENT '版本',
  `orders` int(11) DEFAULT NULL COMMENT '排序',
  `icon` varchar(255) DEFAULT NULL COMMENT '图标',
  `is_enabled` bit(1) NOT NULL COMMENT '是否启用',
  `memo` varchar(255) DEFAULT NULL COMMENT '备注',
  `name` varchar(255) NOT NULL DEFAULT '' COMMENT '名称',
  `store_id` bigint(20) NOT NULL COMMENT '店铺',
  PRIMARY KEY (`id`),
  KEY `ind_StoreProductTag_store_id` (`store_id`),
  CONSTRAINT `FK7lupf7tjyvjewhkwscwec7pmy` FOREIGN KEY (`store_id`) REFERENCES `store` (`id`)
) ENGINE=InnoDB DEFAULT CHARSET=utf8 COMMENT='店铺商品标签';

LOCK TABLES `store_product_tag` WRITE;
/*!40000 ALTER TABLE `store_product_tag` DISABLE KEYS */;

INSERT INTO `store_product_tag` (`id`, `created_date`, `last_modified_date`, `version`, `orders`, `icon`, `is_enabled`, `memo`, `name`, `store_id`)
VALUES
	(1,'2017-06-16 00:07:13','2017-06-16 00:07:13',0,2,'/b2b2c/5.0/201601/95cd92c6-63ed-4536-9fcb-edf4c553f802.jpg',b'1',NULL,'本店热卖',2),
	(2,'2017-06-16 00:07:14','2017-06-16 00:07:14',0,1,'/b2b2c/5.0/201601/95cd92c6-63ed-4536-9fcb-edf4c553f802.jpg',b'1',NULL,'新品上架',2),
	(3,'2017-06-16 00:07:15','2017-06-16 00:07:15',0,2,'/b2b2c/5.0/201601/95cd92c6-63ed-4536-9fcb-edf4c553f802.jpg',b'1',NULL,'热卖商品',1),
	(4,'2017-06-16 00:07:16','2017-06-16 00:07:16',0,1,'/b2b2c/5.0/201601/95cd92c6-63ed-4536-9fcb-edf4c553f802.jpg',b'1',NULL,'本店新品',1);

/*!40000 ALTER TABLE `store_product_tag` ENABLE KEYS */;
UNLOCK TABLES;


# Dump of table store_rank
# ------------------------------------------------------------

DROP TABLE IF EXISTS `store_rank`;

CREATE TABLE `store_rank` (
  `id` bigint(20) NOT NULL COMMENT 'ID',
  `created_date` datetime DEFAULT NULL COMMENT '创建日期',
  `last_modified_date` datetime DEFAULT NULL COMMENT '最后修改日期',
  `version` bigint(20) DEFAULT NULL COMMENT '版本',
  `orders` int(11) DEFAULT NULL COMMENT '排序',
  `is_allow_register` bit(1) NOT NULL COMMENT '是否允许注册',
  `memo` varchar(255) DEFAULT NULL COMMENT '备注',
  `name` varchar(255) NOT NULL DEFAULT '' COMMENT '名称',
  `quantity` bigint(20) DEFAULT NULL COMMENT '可发布商品数',
  `service_fee` decimal(21,6) NOT NULL COMMENT '服务费',
  PRIMARY KEY (`id`),
  UNIQUE KEY `uni_StoreRank_name` (`name`)
) ENGINE=InnoDB DEFAULT CHARSET=utf8 COMMENT='店铺等级';

LOCK TABLES `store_rank` WRITE;
/*!40000 ALTER TABLE `store_rank` DISABLE KEYS */;

INSERT INTO `store_rank` (`id`, `created_date`, `last_modified_date`, `version`, `orders`, `is_allow_register`, `memo`, `name`, `quantity`, `service_fee`)
VALUES
	(1,'2017-06-16 00:07:17','2017-11-06 15:05:44',1,1,b'1',NULL,'普通店铺',50,0.000000),
	(2,'2017-06-16 00:07:18','2017-06-16 00:07:18',0,2,b'1',NULL,'铜牌店铺',100,0.010000),
	(3,'2017-06-16 00:07:19','2017-06-16 00:07:19',0,3,b'1',NULL,'银牌店铺',300,0.030000),
	(4,'2017-06-16 00:07:20','2017-09-29 17:14:11',4,4,b'1',NULL,'金牌店铺',500,0.050000),
	(5,'2017-06-16 00:07:21','2017-09-25 17:25:41',1,5,b'1',NULL,'普通自营店铺',500,0.050000),
	(6,'2017-06-16 00:07:22','2017-06-16 00:07:22',0,6,b'0',NULL,'铜牌自营店铺',1000,0.100000),
	(7,'2017-06-16 00:07:23','2017-06-16 00:07:23',0,7,b'0',NULL,'银牌自营店铺',3000,0.100000),
	(8,'2017-06-16 00:07:24','2017-06-16 00:07:24',0,8,b'0',NULL,'金牌自营店铺',5000,0.500000);

/*!40000 ALTER TABLE `store_rank` ENABLE KEYS */;
UNLOCK TABLES;


# Dump of table svc
# ------------------------------------------------------------

DROP TABLE IF EXISTS `svc`;

CREATE TABLE `svc` (
  `id` bigint(20) NOT NULL COMMENT 'ID',
  `created_date` datetime DEFAULT NULL COMMENT '创建日期',
  `last_modified_date` datetime DEFAULT NULL COMMENT '最后修改日期',
  `version` bigint(20) DEFAULT NULL COMMENT '版本',
  `amount` decimal(21,6) NOT NULL COMMENT '金额',
  `duration_days` int(11) DEFAULT NULL COMMENT '有效天数',
  `sn` varchar(255) NOT NULL DEFAULT '' COMMENT '编号',
  `store_id` bigint(20) DEFAULT NULL COMMENT '店铺',
  PRIMARY KEY (`id`),
  UNIQUE KEY `uni_Svc_sn` (`sn`),
  KEY `ind_Svc_store_id` (`store_id`),
  CONSTRAINT `FKg6sdaeu1dvhpo7otpvl2ubnny` FOREIGN KEY (`store_id`) REFERENCES `store` (`id`)
) ENGINE=InnoDB DEFAULT CHARSET=utf8 COMMENT='服务';

LOCK TABLES `svc` WRITE;
/*!40000 ALTER TABLE `svc` DISABLE KEYS */;

INSERT INTO `svc` (`id`, `created_date`, `last_modified_date`, `version`, `amount`, `duration_days`, `sn`, `store_id`)
VALUES
	(105,'2017-09-12 14:54:25','2017-09-12 14:54:25',0,500.000000,365,'2017091220503',2),
	(106,'2017-09-12 14:57:49','2017-09-12 14:57:49',0,500.000000,365,'2017091220604',2),
	(107,'2017-09-12 14:58:54','2017-09-12 14:58:54',0,500.000000,365,'2017091220605',2),
	(108,'2017-09-12 15:03:39','2017-09-12 15:03:39',0,500.000000,365,'2017091220705',2),
	(109,'2017-09-12 15:06:21','2017-09-12 15:06:21',0,500.000000,365,'2017091220706',2),
	(110,'2017-09-12 15:10:29','2017-09-12 15:10:29',0,0.010000,365,'2017091220806',2);

/*!40000 ALTER TABLE `svc` ENABLE KEYS */;
UNLOCK TABLES;


# Dump of table user
# ------------------------------------------------------------

DROP TABLE IF EXISTS `user`;

CREATE TABLE `user` (
  `id` bigint(20) NOT NULL COMMENT 'ID',
  `created_date` datetime DEFAULT NULL COMMENT '创建日期',
  `last_modified_date` datetime DEFAULT NULL COMMENT '最后修改日期',
  `version` bigint(20) DEFAULT NULL COMMENT '版本',
  `is_enabled` bit(1) NOT NULL COMMENT '是否启用',
  `is_locked` bit(1) NOT NULL COMMENT '是否锁定',
  `last_login_date` datetime DEFAULT NULL COMMENT '最后登录日期',
  `last_login_ip` varchar(255) DEFAULT NULL COMMENT '最后登录IP',
  `lock_date` datetime DEFAULT NULL COMMENT '锁定日期',
  PRIMARY KEY (`id`)
) ENGINE=InnoDB DEFAULT CHARSET=utf8 COMMENT='用户';




/*!40111 SET SQL_NOTES=@OLD_SQL_NOTES */;
/*!40101 SET SQL_MODE=@OLD_SQL_MODE */;
/*!40014 SET FOREIGN_KEY_CHECKS=@OLD_FOREIGN_KEY_CHECKS */;
/*!40101 SET CHARACTER_SET_CLIENT=@OLD_CHARACTER_SET_CLIENT */;
/*!40101 SET CHARACTER_SET_RESULTS=@OLD_CHARACTER_SET_RESULTS */;
/*!40101 SET COLLATION_CONNECTION=@OLD_COLLATION_CONNECTION */;
